2, 2
2, 2
2, 2
2, 2
2, 2
2, 2
2, 2
2, 2
2, 2.002645
2.000098, 2.085874
2.00035, 2.205875
2.000598, 2.325875
2.00084, 2.445876
2.001079, 2.565877
2.001312, 2.685877
2.00154, 2.805878
2.001763, 2.925879
2.001964, 3.035879
2.002161, 3.145879
2.00237, 3.265879
2.002575, 3.385879
2.002773, 3.50588
2.002967, 3.62588
2.003158, 3.745879
2.003341, 3.865881
2.003519, 3.985881
2.003689, 4.105882
2.00384, 4.215882
2.003867, 4.235882
2.003867, 4.235882
2.003867, 4.235882
2.003867, 4.235882
2.003867, 4.235882
2.003866, 4.235883
2.003865, 4.235883
2.003865, 4.235882
2.003863, 4.235882
2.003862, 4.23588
2.003861, 4.23588
2.003861, 4.23588
2.003862, 4.23588
2.003862, 4.23588
2.003863, 4.235882
2.003863, 4.23588
2.003863, 4.235881
2.003864, 4.23588
2.003864, 4.235882
2.003864, 4.235882
2.003864, 4.235882
2.003935, 4.253818
2.004044, 4.361752
2.004091, 4.48175
2.004132, 4.601749
2.00417, 4.721747
2.004205, 4.841744
2.00424, 4.961744
2.00427, 5.081743
2.004294, 5.201741
2.004312, 5.321739
2.004327, 5.441739
2.004334, 5.561738
2.004336, 5.681737
2.004335, 5.801735
2.00433, 5.921734
2.004321, 6.041735
2.004302, 6.161734
2.004276, 6.281733
2.004248, 6.391731
2.00422, 6.491731
2.004184, 6.59173
2.004143, 6.691729
2.004099, 6.79173
2.004053, 6.89173
2.004, 6.991728
2.003946, 7.091726
2.003886, 7.191727
2.00382, 7.291725
2.003744, 7.391725
2.003657, 7.491724
2.003564, 7.591725
2.003462, 7.691726
2.003352, 7.791728
2.003238, 7.891728
2.003113, 7.99173
2.002974, 8.091731
2.002827, 8.191732
2.002628, 8.291735
2.002409, 8.391737
2.002174, 8.491739
2.001934, 8.591742
2.001683, 8.691744
2.001416, 8.791744
2.001131, 8.891747
2.000827, 8.991749
2.000489, 9.091751
2.000188, 9.17023
2.000165, 9.17588
2.000165, 9.17588
2.000165, 9.17588
2.000165, 9.17588
2.000165, 9.17588
2.000165, 9.17588
2.000165, 9.17588
2.000165, 9.17588
2.03625, 9.182546
2.133864, 9.200052
2.232302, 9.217646
2.330741, 9.235235
2.429181, 9.25282
2.527623, 9.270395
2.626065, 9.287962
2.724509, 9.305524
2.822953, 9.32308
2.921398, 9.340629
3.019848, 9.358168
3.063291, 9.365904
3.063289, 9.365903
3.063289, 9.365902
3.063289, 9.365902
3.06329, 9.365901
3.06329, 9.365901
3.063289, 9.3659
3.063288, 9.3659
3.063289, 9.3659
3.063289, 9.3659
3.063289, 9.3659
3.063289, 9.365901
3.063289, 9.365902
3.063289, 9.365902
3.06329, 9.3659
3.06329, 9.3659
3.063289, 9.3659
3.06329, 9.3659
3.06329, 9.365899
3.063291, 9.365898
3.063292, 9.365898
3.063292, 9.365898
3.063292, 9.365898
3.063293, 9.365898
3.063292, 9.365896
3.063292, 9.365896
3.063293, 9.365896
3.063293, 9.365895
3.067154, 9.366556
3.141688, 9.379591
3.240175, 9.396912
3.338662, 9.414233
3.437149, 9.431553
3.535637, 9.448872
3.634126, 9.466192
3.732616, 9.483515
3.831104, 9.500842
3.929593, 9.518166
4.028081, 9.535492
4.12657, 9.552813
4.225059, 9.570133
4.323547, 9.587454
4.422036, 9.604774
4.520524, 9.622104
4.619011, 9.639428
4.717497, 9.656763
4.81614, 9.674094
4.914758, 9.691272
5.013274, 9.708433
5.111786, 9.725618
5.210293, 9.742831
5.308794, 9.760076
5.407289, 9.777365
5.505774, 9.794703
5.604247, 9.812117
5.702701, 9.829636
5.739924, 9.836298
5.739924, 9.836298
5.739924, 9.836298
5.739924, 9.836298
5.739924, 9.836298
5.739924, 9.836298
5.739924, 9.836298
5.739924, 9.836298
5.739924, 9.836298
5.739924, 9.836298
5.739924, 9.836298
5.739924, 9.836298
5.739924, 9.836298
5.739924, 9.836298
5.739924, 9.836298
5.739924, 9.836298
5.739924, 9.836298
5.739924, 9.836298
5.739924, 9.836298
5.735476, 9.83565
5.658302, 9.824461
5.55933, 9.810154
5.460358, 9.795845
5.361387, 9.781537
5.262415, 9.767222
5.163443, 9.752909
5.064471, 9.738595
4.9655, 9.724278
4.866528, 9.709963
4.767558, 9.695644
4.668586, 9.681326
4.569614, 9.667007
4.530026, 9.661279
4.530025, 9.661278
4.530027, 9.66128
4.530027, 9.661278
4.530027, 9.66128
4.530027, 9.66128
4.530026, 9.661278
4.530026, 9.661278
4.530026, 9.66128
4.530026, 9.66128
4.530027, 9.661281
4.530026, 9.661281
4.530027, 9.661282
4.530027, 9.661282
4.530027, 9.661282
4.530027, 9.661283
4.530026, 9.661283
4.530026, 9.661283
4.530026, 9.661283
4.530026, 9.661284
4.530025, 9.661285
4.530025, 9.661285
4.530025, 9.661285
4.530025, 9.661285
4.530025, 9.661285
4.530025, 9.661285
4.530025, 9.661285
4.530025, 9.661285
4.530025, 9.661285
4.530025, 9.661285
4.530025, 9.661285
4.530025, 9.661285
4.530025, 9.661285
4.530025, 9.661285
4.530025, 9.661285
4.530025, 9.661285
4.530025, 9.661285
4.530025, 9.661285
4.530025, 9.661285
4.530025, 9.661285
4.474733, 9.653248
4.3758, 9.638678
4.276867, 9.624099
4.177934, 9.609522
4.079, 9.594953
3.980066, 9.580385
3.881131, 9.565821
3.782196, 9.55126
3.68326, 9.536704
3.584324, 9.522152
3.485386, 9.507605
3.386449, 9.49306
3.28751, 9.478518
3.188572, 9.463982
3.089633, 9.44945
2.990693, 9.434923
2.891752, 9.420402
2.792812, 9.405882
2.69387, 9.391367
2.594927, 9.376859
2.495985, 9.362356
2.397041, 9.34786
2.298097, 9.333366
2.199152, 9.318878
2.100207, 9.304396
2.00126, 9.289921
1.902311, 9.275451
1.803363, 9.260986
1.704413, 9.24653
1.605462, 9.23208
1.50651, 9.217637
1.407557, 9.2032
1.308602, 9.188776
1.209647, 9.174356
1.110689, 9.159948
1.011731, 9.145549
0.9127718, 9.13116
0.8138102, 9.116782
0.7148485, 9.102412
0.615884, 9.088057
0.5169172, 9.073716
0.4179484, 9.059385
0.3189785, 9.045072
0.2200095, 9.030758
0.121039, 9.016442
0.02206397, 9.002153
-0.07691593, 8.987895
-0.1759029, 8.973668
-0.2748938, 8.959482
-0.3738915, 8.94535
-0.4728977, 8.931285
-0.5719202, 8.917324
-0.6496462, 8.906491
-0.6552439, 8.905718
-0.6552439, 8.905718
-0.6552439, 8.905718
-0.6552439, 8.905718
-0.6552437, 8.905718
-0.6552435, 8.905718
-0.6552439, 8.905718
-0.655244, 8.905718
-0.6552439, 8.905716
-0.6552441, 8.905718
-0.6552449, 8.905716
-0.6552453, 8.905716
-0.6552453, 8.905714
-0.6552451, 8.905714
-0.655245, 8.905714
-0.6552452, 8.905714
-0.6552458, 8.905716
-0.6552464, 8.905718
-0.6552464, 8.90572
-0.6552467, 8.905719
-0.6552473, 8.905721
-0.655247, 8.905724
-0.6552474, 8.905724
-0.6552478, 8.905724
-0.6552482, 8.905725
-0.6552482, 8.905725
-0.6552485, 8.905724
-0.6552483, 8.905725
-0.6552488, 8.905725
-0.6552498, 8.905725
-0.6552505, 8.905725
-0.6552514, 8.905725
-0.6552519, 8.905728
-0.6552519, 8.905728
-0.6602365, 8.915164
-0.7005296, 8.991144
-0.7474149, 9.079466
-0.7942953, 9.167792
-0.8411805, 9.256116
-0.8880617, 9.344441
-0.9349508, 9.432762
-0.9818642, 9.52107
-1.028772, 9.609385
-1.07568, 9.697697
-1.122595, 9.786003
-1.169513, 9.874309
-1.216423, 9.962621
-1.263329, 10.05093
-1.31023, 10.13925
-1.357133, 10.22757
-1.404038, 10.31588
-1.450943, 10.40419
-1.497835, 10.49251
-1.544736, 10.58083
-1.591636, 10.66915
-1.638522, 10.75747
-1.685418, 10.84579
-1.732317, 10.93411
-1.779216, 11.02242
-1.826107, 11.11075
-1.873008, 11.19906
-1.919901, 11.28738
-1.966797, 11.3757
-2.013696, 11.46402
-2.060593, 11.55235
-2.10748, 11.64067
-2.154363, 11.729
-2.201256, 11.81732
-2.248154, 11.90564
-2.295056, 11.99396
-2.341947, 12.08229
-2.388829, 12.17062
-2.435717, 12.25894
-2.482605, 12.34727
-2.529489, 12.4356
-2.57636, 12.52393
-2.623234, 12.61226
-2.670108, 12.70059
-2.716991, 12.78892
-2.76387, 12.87726
-2.810746, 12.96559
-2.857621, 13.05393
-2.90449, 13.14227
-2.951361, 13.2306
-2.998228, 13.31894
-3.045097, 13.40728
-3.091964, 13.49562
-3.138824, 13.58396
-3.185692, 13.67231
-3.232549, 13.76065
-3.279406, 13.849
-3.326257, 13.93736
-3.373178, 14.02585
-3.420061, 14.11423
-3.466911, 14.20258
-3.513751, 14.29093
-3.560572, 14.37929
-3.60737, 14.46767
-3.654132, 14.55606
-3.672825, 14.59142
-3.672825, 14.59142
-3.672824, 14.59142
-3.672824, 14.59142
-3.672824, 14.59142
-3.672823, 14.59142
-3.672823, 14.59142
-3.672822, 14.59142
-3.672822, 14.59142
-3.672821, 14.59142
-3.67282, 14.59142
-3.67282, 14.59142
-3.67282, 14.59142
-3.672819, 14.59142
-3.672818, 14.59142
-3.672817, 14.59142
-3.672817, 14.59142
-3.672817, 14.59142
-3.672816, 14.59142
-3.672816, 14.59142
-3.672815, 14.59142
-3.672816, 14.59142
-3.672816, 14.59142
-3.672816, 14.59142
-3.672816, 14.59142
-3.672816, 14.59142
-3.672816, 14.59142
-3.672816, 14.59142
-3.672816, 14.59142
-3.672816, 14.59142
-3.668436, 14.64712
-3.659898, 14.74675
-3.651339, 14.84639
-3.642787, 14.94603
-3.634242, 15.04566
-3.6257, 15.1453
-3.617168, 15.24493
-3.60864, 15.34457
-3.600119, 15.44421
-3.591604, 15.54385
-3.58314, 15.64337
-3.574913, 15.74295
-3.56672, 15.84261
-3.558524, 15.94227
-3.550327, 16.04194
-3.542123, 16.14161
-3.533917, 16.24127
-3.525706, 16.34094
-3.517489, 16.4406
-3.509267, 16.54026
-3.501039, 16.63992
-3.492807, 16.73958
-3.484569, 16.83924
-3.476323, 16.93889
-3.468071, 17.03855
-3.459812, 17.13821
-3.451541, 17.23787
-3.443265, 17.33753
-3.434983, 17.43719
-3.426688, 17.53684
-3.418383, 17.6365
-3.410063, 17.73616
-3.401733, 17.83581
-3.39339, 17.93546
-3.385028, 18.03511
-3.376641, 18.13476
-3.368217, 18.2344
-3.359734, 18.33404
-3.354394, 18.39617
-3.354344, 18.39676
-3.354344, 18.39676
-3.354344, 18.39676
-3.354344, 18.39676
-3.354344, 18.39676
-3.354344, 18.39676
-3.354344, 18.39676
-3.354344, 18.39676
-3.354344, 18.39676
-3.354344, 18.39676
-3.354344, 18.39676
-3.354344, 18.39676
-3.354344, 18.39676
-3.36283, 18.39087
-3.432837, 18.34199
-3.514647, 18.28478
-3.596456, 18.22757
-3.67827, 18.17036
-3.760086, 18.11316
-3.841905, 18.05596
-3.923728, 17.99876
-4.005553, 17.94157
-4.087384, 17.88439
-4.169217, 17.82722
-4.251052, 17.77004
-4.33289, 17.71288
-4.414738, 17.65571
-4.496602, 17.59855
-4.578524, 17.54124
-4.660462, 17.48391
-4.742429, 17.42663
-4.824428, 17.36939
-4.906476, 17.31222
-4.985999, 17.25698
-5.00844, 17.24144
-5.00844, 17.24144
-5.00844, 17.24144
-5.00844, 17.24144
-5.00844, 17.24144
-5.00844, 17.24144
-5.00844, 17.24144
-5.010967, 17.24336
-5.068893, 17.28729
-5.148636, 17.34764
-5.228375, 17.40799
-5.308111, 17.46834
-5.387845, 17.52869
-5.467577, 17.58905
-5.547307, 17.6494
-5.627034, 17.70977
-5.706759, 17.77013
-5.786482, 17.8305
-5.866203, 17.89087
-5.94592, 17.95124
-6.025636, 18.01162
-6.105348, 18.072
-6.185056, 18.13238
-6.264764, 18.19277
-6.344466, 18.25317
-6.392287, 18.28941
-6.392288, 18.28941
-6.392287, 18.28941
-6.392287, 18.28941
-6.392287, 18.28941
-6.392287, 18.28941
-6.392287, 18.28941
-6.392287, 18.28941
-6.392288, 18.28941
-6.392288, 18.28941
-6.392288, 18.28941
-6.392288, 18.2894
-6.392288, 18.2894
-6.392289, 18.2894
-6.392289, 18.2894
-6.392288, 18.2894
-6.392289, 18.2894
-6.392289, 18.2894
-6.392289, 18.28941
-6.392288, 18.2894
-6.392288, 18.2894
-6.392288, 18.2894
-6.392288, 18.2894
-6.392288, 18.2894
-6.392289, 18.2894
-6.394833, 18.29137
-6.452728, 18.33564
-6.532304, 18.39621
-6.611886, 18.45676
-6.691464, 18.51732
-6.771041, 18.57787
-6.850619, 18.63843
-6.930196, 18.69899
-7.009772, 18.75955
-7.089348, 18.82011
-7.16892, 18.88068
-7.248491, 18.94125
-7.328074, 19.00181
-7.407654, 19.06236
-7.487231, 19.12293
-7.566804, 19.1835
-7.64638, 19.24406
-7.725961, 19.30462
-7.805542, 19.36518
-7.885114, 19.42575
-7.964693, 19.48631
-8.044264, 19.54688
-8.123837, 19.60746
-8.20342, 19.66801
-8.282995, 19.72857
-8.362567, 19.78913
-8.442144, 19.84969
-8.521709, 19.91026
-8.601285, 19.97082
-8.680864, 20.03138
-8.760434, 20.09194
-8.840009, 20.1525
-8.91958, 20.21307
-8.99915, 20.27364
-9.078718, 20.33422
-9.158293, 20.39478
-9.237877, 20.45538
-9.317452, 20.516
-9.396994, 20.57662
-9.476543, 20.63722
-9.556107, 20.69781
-9.635692, 20.75836
-9.707066, 20.81262
-9.718594, 20.82138
-9.75514, 20.86365
-9.820462, 20.93937
-9.885778, 21.01511
-9.951103, 21.09082
-10.01643, 21.16653
-10.08177, 21.24224
-10.14711, 21.31794
-10.21246, 21.39364
-10.27781, 21.46933
-10.34318, 21.54503
-10.40855, 21.6207
-10.47393, 21.69637
-10.53932, 21.77204
-10.60471, 21.84769
-10.67011, 21.92335
-10.73552, 21.99899
-10.80095, 22.07463
-10.86638, 22.15026
-10.93182, 22.22587
-10.99728, 22.30148
-11.06275, 22.37707
-11.08894, 22.4073
-11.08894, 22.4073
-11.08894, 22.4073
-11.08894, 22.4073
-11.08894, 22.4073
-11.08895, 22.4073
-11.08895, 22.4073
-11.08895, 22.4073
-11.08895, 22.4073
-11.08895, 22.4073
-11.08895, 22.4073
-11.08895, 22.4073
-11.08895, 22.4073
-11.08895, 22.4073
-11.08895, 22.4073
-11.08896, 22.4073
-11.08896, 22.4073
-11.08896, 22.40731
-11.08896, 22.40731
-11.08896, 22.40732
-11.09532, 22.41459
-11.16054, 22.48948
-11.23931, 22.57999
-11.31808, 22.67051
-11.39679, 22.7611
-11.47536, 22.8518
-11.55398, 22.94245
-11.63269, 23.03303
-11.71152, 23.1235
-11.74524, 23.16208
-11.74524, 23.16208
-11.74524, 23.16208
-11.74524, 23.16208
-11.74524, 23.16208
-11.74524, 23.16208
-11.74524, 23.16208
-11.70812, 23.2165
-11.64041, 23.31557
-11.5727, 23.41463
-11.50498, 23.5137
-11.43727, 23.61278
-11.36956, 23.71184
-11.30186, 23.81091
-11.23417, 23.91
-11.16648, 24.00909
-11.10366, 24.10106
-11.09083, 24.11985
-11.09083, 24.11985
-11.09082, 24.11986
-11.09082, 24.11986
-11.09082, 24.11986
-11.09082, 24.11987
-11.09081, 24.11987
-11.09081, 24.11987
-11.09081, 24.11987
-11.09081, 24.11987
-11.0908, 24.11987
-11.0908, 24.11987
-11.0908, 24.11986
-11.0908, 24.11986
-11.09079, 24.11986
-11.09079, 24.11986
-11.09079, 24.11986
-11.09079, 24.11985
-11.09079, 24.11985
-11.09079, 24.11985
-11.09079, 24.11985
-11.09079, 24.11985
-11.09079, 24.11985
-11.09079, 24.11985
-11.05307, 24.17535
-10.9856, 24.27458
-10.91814, 24.37381
-10.85066, 24.47304
-10.7832, 24.57227
-10.71575, 24.67151
-10.64829, 24.77075
-10.58083, 24.86998
-10.51338, 24.96922
-10.44592, 25.06845
-10.37846, 25.16768
-10.311, 25.26691
-10.24354, 25.36616
-10.17608, 25.46539
-10.10861, 25.56462
-10.04116, 25.66386
-9.973705, 25.76311
-9.906238, 25.86234
-9.838777, 25.96158
-9.771326, 26.06083
-9.703868, 26.16008
-9.636392, 26.2593
-9.568914, 26.35853
-9.50143, 26.45775
-9.433949, 26.55697
-9.366473, 26.65619
-9.298993, 26.75542
-9.231542, 26.85466
-9.164072, 26.95389
-9.096606, 27.05313
-9.029143, 27.15237
-8.961677, 27.2516
-8.894229, 27.35085
-8.826766, 27.45009
-8.759299, 27.54933
-8.69184, 27.64857
-8.624381, 27.74782
-8.556916, 27.84705
-8.489362, 27.94649
-8.461256, 27.98798
-8.461257, 27.98798
-8.461257, 27.98798
-8.461258, 27.98798
-8.461258, 27.98798
-8.461258, 27.98798
-8.461259, 27.98798
-8.461258, 27.98798
-8.461258, 27.98798
-8.46126, 27.98798
-8.461259, 27.98798
-8.461261, 27.98798
-8.461261, 27.98797
-8.461261, 27.98797
-8.461262, 27.98797
-8.461261, 27.98797
-8.461261, 27.98797
-8.461262, 27.98798
-8.461262, 27.98798
-8.461262, 27.98798
-8.461261, 27.98798
-8.461261, 27.98798
-8.461262, 27.98798
-8.450413, 28.00374
-8.388967, 28.09392
-8.321516, 28.19317
-8.254056, 28.29241
-8.188318, 28.38914
-8.168765, 28.41791
-8.168765, 28.41791
-8.15656, 28.48264
-8.134498, 28.60059
-8.112438, 28.71853
-8.090375, 28.83648
-8.068307, 28.95442
-8.046231, 29.07236
-8.024151, 29.1903
-8.002068, 29.30825
-7.97998, 29.42619
-7.957887, 29.54414
-7.935788, 29.66207
-7.913685, 29.78001
-7.891577, 29.89794
-7.869461, 30.01588
-7.847341, 30.1338
-7.825211, 30.25173
-7.803074, 30.36966
-7.780932, 30.48759
-7.758784, 30.60552
-7.736625, 30.72346
-7.71446, 30.84138
-7.692289, 30.95931
-7.670106, 31.07724
-7.647916, 31.19517
-7.625721, 31.3131
-7.603514, 31.43101
-7.581298, 31.54893
-7.559072, 31.66685
-7.536834, 31.78477
-7.514584, 31.90269
-7.492322, 32.02061
-7.470049, 32.13852
-7.44776, 32.25644
-7.425457, 32.37436
-7.403136, 32.49226
-7.380798, 32.61015
-7.358442, 32.72805
-7.336065, 32.84594
-7.313663, 32.96384
-7.291227, 33.08173
-7.268469, 33.19957
-7.245601, 33.31737
-7.222786, 33.43518
-7.200038, 33.553
-7.177385, 33.67083
-7.154888, 33.78871
-7.142976, 33.84758
-7.138657, 33.86092
-7.138657, 33.86092
-7.138657, 33.86091
-7.138657, 33.86091
-7.138656, 33.86092
-7.138656, 33.86091
-7.138657, 33.86091
-7.138656, 33.86091
-7.138656, 33.8609
-7.138656, 33.8609
-7.138656, 33.8609
-7.138657, 33.8609
-7.138657, 33.8609
-7.138657, 33.8609
-7.138657, 33.8609
-7.138657, 33.8609
-7.138657, 33.8609
-7.138657, 33.8609
-7.138657, 33.8609
-7.138657, 33.86091
-7.138657, 33.8609
-7.117495, 33.92416
-7.079431, 34.03798
-7.041368, 34.1518
-7.003305, 34.26563
-6.965242, 34.37945
-6.927179, 34.49327
-6.88912, 34.60709
-6.851067, 34.72092
-6.813012, 34.83474
-6.774971, 34.94856
-6.736967, 35.0624
-6.698962, 35.17623
-6.660949, 35.29004
-6.622936, 35.40384
-6.58492, 35.51765
-6.546906, 35.63146
-6.508891, 35.74526
-6.470866, 35.85907
-6.432833, 35.97287
-6.394795, 36.08667
-6.356759, 36.20047
-6.318731, 36.31428
-6.280695, 36.42808
-6.242658, 36.54188
-6.204618, 36.65568
-6.166569, 36.76948
-6.128519, 36.88328
-6.090458, 36.99708
-6.052391, 37.11088
-6.014315, 37.22467
-5.976238, 37.33847
-5.938039, 37.45246
-5.899828, 37.56619
-5.861633, 37.67996
-5.823451, 37.79374
-5.78529, 37.90751
-5.747163, 38.02129
-5.711826, 38.12692
-5.704615, 38.14849
-5.704615, 38.14849
-5.704615, 38.14849
-5.704615, 38.14849
-5.704615, 38.14849
-5.704615, 38.14849
-5.704615, 38.14849
-5.704615, 38.14849
-5.704615, 38.14849
-5.704615, 38.14849
-5.704615, 38.14849
-5.704615, 38.14849
-5.704615, 38.14849
-5.704615, 38.14849
-5.704615, 38.14849
-5.708673, 38.11818
-5.723892, 38.0039
-5.739712, 37.88493
-5.755537, 37.76598
-5.771365, 37.64703
-5.787195, 37.52807
-5.803027, 37.40912
-5.818864, 37.29016
-5.834704, 37.17122
-5.850546, 37.05225
-5.866393, 36.93329
-5.882246, 36.81435
-5.898102, 36.69539
-5.913964, 36.57643
-5.929831, 36.45749
-5.945704, 36.33855
-5.961578, 36.21963
-5.977458, 36.1007
-5.993345, 35.98177
-6.009233, 35.86285
-6.025126, 35.74392
-6.041023, 35.62499
-6.056925, 35.50607
-6.072834, 35.38714
-6.088749, 35.26821
-6.104671, 35.14928
-6.1206, 35.03036
-6.136534, 34.91143
-6.152475, 34.7925
-6.168421, 34.67358
-6.184372, 34.55465
-6.200335, 34.43572
-6.216304, 34.3168
-6.227844, 34.2309
-6.228287, 34.2276
-6.228287, 34.2276
-6.228288, 34.2276
-6.228287, 34.2276
-6.228287, 34.2276
-6.228287, 34.2276
-6.228287, 34.2276
-6.228287, 34.2276
-6.228287, 34.2276
-6.228287, 34.2276
-6.228286, 34.2276
-6.228286, 34.2276
-6.228286, 34.2276
-6.228286, 34.2276
-6.228285, 34.2276
-6.228285, 34.2276
-6.228285, 34.2276
-6.232988, 34.19297
-6.248795, 34.07656
-6.264924, 33.95766
-6.281073, 33.83876
-6.297201, 33.71985
-6.313347, 33.60094
-6.329475, 33.48202
-6.345608, 33.36311
-6.361718, 33.24418
-6.377941, 33.1246
-6.394083, 33.00555
-6.410217, 32.88662
-6.426359, 32.76772
-6.442497, 32.64879
-6.458638, 32.52987
-6.473536, 32.41995
-6.476463, 32.39834
-6.476463, 32.39834
-6.476463, 32.39834
-6.476463, 32.39834
-6.476463, 32.39834
-6.476463, 32.39834
-6.476463, 32.39834
-6.476463, 32.39834
-6.476463, 32.39834
-6.476463, 32.39834
-6.476463, 32.39834
-6.476463, 32.39834
-6.476463, 32.39834
-6.476463, 32.39834
-6.476463, 32.39834
-6.474281, 32.40668
-6.450418, 32.50096
-6.421194, 32.61734
-6.400089, 32.7014
-6.399279, 32.70463
-6.39928, 32.70462
-6.39928, 32.70462
-6.39928, 32.70463
-6.399281, 32.70463
-6.399281, 32.70464
-6.399282, 32.70464
-6.399284, 32.70464
-6.399284, 32.70464
-6.399284, 32.70464
-6.399283, 32.70463
-6.399282, 32.70463
-6.399281, 32.70462
-6.399281, 32.70462
-6.399281, 32.70462
-6.399281, 32.70462
-6.39928, 32.70462
-6.399279, 32.70462
-6.399279, 32.70462
-6.399279, 32.70462
-6.399279, 32.70462
-6.399279, 32.70462
-6.399279, 32.70462
-6.399279, 32.70462
-6.39188, 32.7343
-6.364065, 32.84619
-6.335134, 32.96264
-6.306201, 33.0791
-6.277266, 33.19555
-6.248325, 33.31201
-6.219378, 33.42846
-6.190426, 33.54492
-6.161472, 33.66137
-6.13251, 33.77783
-6.103544, 33.89428
-6.074572, 34.01074
-6.045595, 34.12719
-6.016617, 34.24365
-5.987636, 34.3601
-5.958648, 34.47656
-5.929652, 34.59301
-5.900656, 34.70947
-5.87165, 34.82592
-5.84264, 34.94237
-5.813622, 35.05882
-5.784598, 35.17525
-5.755565, 35.29168
-5.726524, 35.4081
-5.69748, 35.52451
-5.668421, 35.64093
-5.639356, 35.75735
-5.610281, 35.87377
-5.581197, 35.99018
-5.552103, 36.1066
-5.522999, 36.22303
-5.493883, 36.33945
-5.464751, 36.45587
-5.435609, 36.57227
-5.406449, 36.68866
-5.37727, 36.80507
-5.348124, 36.92148
-5.318984, 37.03787
-5.289793, 37.15427
-5.260538, 37.27065
-5.231195, 37.387
-5.20171, 37.50333
-5.183552, 37.5745
-5.183381, 37.57516
-5.183381, 37.57516
-5.183381, 37.57516
-5.175753, 37.57919
-5.08981, 37.6247
-4.983797, 37.68092
-4.877773, 37.73712
-4.771743, 37.79331
-4.665707, 37.84949
-4.559665, 37.90566
-4.453613, 37.96181
-4.388708, 37.99617
-4.388103, 37.99649
-4.388104, 37.99649
-4.388107, 37.99649
-4.38811, 37.99649
-4.388114, 37.99649
-4.388117, 37.99649
-4.38812, 37.99648
-4.388122, 37.99649
-4.388124, 37.99649
-4.388126, 37.99649
-4.388126, 37.99649
-4.388126, 37.99649
-4.388127, 37.99649
-4.388128, 37.99649
-4.388128, 37.99649
-4.388128, 37.99648
-4.388129, 37.99649
-4.388129, 37.99649
-4.388129, 37.99649
-4.388128, 37.99649
-4.388126, 37.99648
-4.378499, 38.00155
-4.28846, 38.04896
-4.182283, 38.10486
-4.076105, 38.16077
-3.969923, 38.21667
-3.863744, 38.27257
-3.757568, 38.32848
-3.651437, 38.38432
-3.545218, 38.44014
-3.439014, 38.496
-3.332823, 38.55187
-3.226638, 38.60776
-3.120469, 38.6637
-3.03278, 38.70994
-3.0247, 38.71421
-3.0247, 38.71421
-3.0247, 38.71421
-3.0247, 38.71421
-3.0247, 38.71421
-3.0247, 38.71421
-3.0247, 38.71421
-3.0247, 38.71421
-3.0247, 38.71421
-3.021404, 38.69604
-3.002164, 38.5893
-2.980918, 38.4712
-2.95967, 38.35309
-2.938415, 38.23499
-2.917152, 38.11687
-2.89589, 37.99877
-2.874619, 37.88067
-2.853348, 37.76257
-2.832072, 37.64449
-2.810791, 37.5264
-2.789506, 37.40833
-2.768213, 37.29024
-2.746915, 37.17216
-2.725611, 37.05408
-2.704304, 36.936
-2.682991, 36.81792
-2.662267, 36.70311
-2.656346, 36.67031
-2.656346, 36.67031
-2.656347, 36.67032
-2.656346, 36.67032
-2.656346, 36.67032
-2.656346, 36.67032
-2.656345, 36.67032
-2.656346, 36.67032
-2.656346, 36.67032
-2.656345, 36.67031
-2.656346, 36.67032
-2.656347, 36.67032
-2.656347, 36.67031
-2.656348, 36.67032
-2.656349, 36.67032
-2.656349, 36.67032
-2.65635, 36.67032
-2.656351, 36.67032
-2.656352, 36.67032
-2.656353, 36.67032
-2.656353, 36.67032
-2.656354, 36.67032
-2.655874, 36.66771
-2.640899, 36.58582
-2.619359, 36.46778
-2.597818, 36.34975
-2.576287, 36.23171
-2.554757, 36.11367
-2.533217, 35.99564
-2.511678, 35.8776
-2.490137, 35.75957
-2.468596, 35.64153
-2.447054, 35.5235
-2.425512, 35.40546
-2.40397, 35.28743
-2.382428, 35.16939
-2.360886, 35.05136
-2.339344, 34.93333
-2.317802, 34.81529
-2.296259, 34.69725
-2.274717, 34.57922
-2.253176, 34.46119
-2.231634, 34.34315
-2.210098, 34.22512
-2.188568, 34.10707
-2.167036, 33.98903
-2.145507, 33.87099
-2.123975, 33.75295
-2.102431, 33.63492
-2.080892, 33.51688
-2.059369, 33.39883
-2.037842, 33.28078
-2.016306, 33.16273
-1.994766, 33.04469
-1.973238, 32.92664
-1.951639, 32.8086
-1.929883, 32.69058
-1.908166, 32.57257
-1.886506, 32.45454
-1.864924, 32.3365
-1.843457, 32.21844
-1.825774, 32.12037
-1.823221, 32.10612
-1.823221, 32.10612
-1.823221, 32.10612
-1.823221, 32.10612
-1.823221, 32.10612
-1.830351, 32.09862
-1.889357, 32.03671
-1.958401, 31.96437
-2.027442, 31.89204
-2.096479, 31.81969
-2.165511, 31.74735
-2.23454, 31.675
-2.303564, 31.60264
-2.372583, 31.53028
-2.441598, 31.45791
-2.510608, 31.38553
-2.571332, 31.32184
-2.579613, 31.31316
-2.579612, 31.31316
-2.579612, 31.31316
-2.579612, 31.31316
-2.579612, 31.31316
-2.579612, 31.31316
-2.579612, 31.31316
-2.579612, 31.31316
-2.579612, 31.31316
-2.579612, 31.31316
-2.579612, 31.31316
-2.579612, 31.31316
-2.579612, 31.31316
-2.579612, 31.31316
-2.579612, 31.31316
-2.579612, 31.31315
-2.579612, 31.31316
-2.579612, 31.31316
-2.579612, 31.31315
-2.579612, 31.31316
-2.579612, 31.31316
-2.579612, 31.31316
-2.579612, 31.31316
-2.579612, 31.31316
-2.605795, 31.28557
-2.674304, 31.2134
-2.743156, 31.14088
-2.812005, 31.06835
-2.880852, 30.99582
-2.949705, 30.9233
-3.018552, 30.85078
-3.087399, 30.77825
-3.156248, 30.70572
-3.225106, 30.63321
-3.293952, 30.56068
-3.362796, 30.48815
-3.431638, 30.41563
-3.500481, 30.34309
-3.569323, 30.27057
-3.638165, 30.19804
-3.707016, 30.12551
-3.775873, 30.05299
-3.844715, 29.98046
-3.913559, 29.90792
-3.982403, 29.83538
-4.05126, 29.76286
-4.120305, 29.69015
-4.189401, 29.61762
-4.258378, 29.54522
-4.327327, 29.47279
-4.396244, 29.40032
-4.465124, 29.32782
-4.533951, 29.25527
-4.602689, 29.18264
-4.632983, 29.15055
-4.632983, 29.15055
-4.632983, 29.15055
-4.632983, 29.15055
-4.632983, 29.15055
-4.632983, 29.15055
-4.632983, 29.15055
-4.632983, 29.15055
-4.632983, 29.15055
-4.632983, 29.15055
-4.632983, 29.15055
-4.632983, 29.15055
-4.632983, 29.15055
-4.632983, 29.15055
-4.576413, 29.14376
-4.477072, 29.13233
-4.377733, 29.1209
-4.278391, 29.10947
-4.17905, 29.09805
-4.079707, 29.08663
-3.980364, 29.07522
-3.881022, 29.06378
-3.781679, 29.05236
-3.682333, 29.04096
-3.58299, 29.02954
-3.483644, 29.01814
-3.384299, 29.00673
-3.284953, 28.99532
-3.185608, 28.9839
-3.086263, 28.97248
-2.986915, 28.96108
-2.887568, 28.94968
-2.78822, 28.93829
-2.688876, 28.92686
-2.58953, 28.91544
-2.490182, 28.90404
-2.390779, 28.89262
-2.291191, 28.8813
-2.191824, 28.87008
-2.09246, 28.85881
-1.993101, 28.84751
-1.893748, 28.83616
-1.794401, 28.82473
-1.695067, 28.8132
-1.632197, 28.80582
-1.631377, 28.80572
-1.631377, 28.80572
-1.631377, 28.80572
-1.631377, 28.80572
-1.631377, 28.80572
-1.631377, 28.80572
-1.631377, 28.80572
-1.631377, 28.80572
-1.631377, 28.80572
-1.631377, 28.80572
-1.631377, 28.80572
-1.632259, 28.80877
-1.652362, 28.87864
-1.679918, 28.97477
-1.707472, 29.07089
-1.73503, 29.16702
-1.762592, 29.26315
-1.790157, 29.35928
-1.817725, 29.45541
-1.845297, 29.55153
-1.87287, 29.64766
-1.900447, 29.74378
-1.928025, 29.8399
-1.955606, 29.93602
-1.983191, 30.03214
-2.01078, 30.12826
-2.038371, 30.22438
-2.065965, 30.3205
-2.093564, 30.41662
-2.121165, 30.51274
-2.14877, 30.60886
-2.176378, 30.70498
-2.20399, 30.8011
-2.231605, 30.89721
-2.259225, 30.99331
-2.286847, 31.08942
-2.314471, 31.18554
-2.342099, 31.28166
-2.369733, 31.37777
-2.397371, 31.47388
-2.425013, 31.56999
-2.452659, 31.6661
-2.480308, 31.76222
-2.507963, 31.85832
-2.535621, 31.95442
-2.563285, 32.05053
-2.590953, 32.14663
-2.611982, 32.21968
-2.613088, 32.22352
-2.613088, 32.22352
-2.613089, 32.22353
-2.613088, 32.22352
-2.613089, 32.22352
-2.613089, 32.22352
-2.613088, 32.22353
-2.613089, 32.22353
-2.613088, 32.22353
-2.613088, 32.22353
-2.613088, 32.22353
-2.613088, 32.22354
-2.613088, 32.22354
-2.613088, 32.22354
-2.613088, 32.22354
-2.613087, 32.22354
-2.613087, 32.22354
-2.613087, 32.22354
-2.613087, 32.22354
-2.613087, 32.22354
-2.613087, 32.22354
-2.613087, 32.22354
-2.613087, 32.22354
-2.613087, 32.22354
-2.613086, 32.22354
-2.613996, 32.22664
-2.63437, 32.29669
-2.662249, 32.39272
-2.690129, 32.48876
-2.718008, 32.5848
-2.745888, 32.68083
-2.773767, 32.77686
-2.801647, 32.8729
-2.829526, 32.96893
-2.857407, 33.06497
-2.885287, 33.161
-2.913164, 33.25704
-2.941034, 33.35308
-2.968914, 33.44911
-2.996794, 33.54514
-3.024675, 33.64118
-3.05255, 33.73721
-3.080413, 33.83325
-3.108294, 33.92928
-3.136169, 34.02532
-3.164052, 34.12136
-3.191933, 34.21739
-3.219815, 34.31342
-3.247683, 34.40946
-3.275561, 34.50549
-3.303443, 34.60153
-3.331326, 34.69756
-3.359209, 34.7936
-3.387091, 34.88964
-3.414973, 34.98567
-3.442857, 35.0817
-3.470741, 35.17774
-3.498625, 35.27377
-3.526508, 35.36981
-3.554371, 35.46584
-3.582242, 35.56188
-3.610114, 35.65793
-3.638114, 35.75399
-3.666159, 35.84997
-3.694169, 35.94596
-3.722137, 36.04197
-3.750054, 36.138
-3.777898, 36.23405
-3.805621, 36.33012
-3.817798, 36.37254
-3.817798, 36.37254
-3.817798, 36.37254
-3.817798, 36.37254
-3.817798, 36.37254
-3.817798, 36.37254
-3.817798, 36.37254
-3.817798, 36.37254
-3.820961, 36.37226
-3.893401, 36.36614
-3.993052, 36.35783
-4.092706, 36.34951
-4.192357, 36.34118
-4.292008, 36.33283
-4.391661, 36.3245
-4.491312, 36.31617
-4.590964, 36.30784
-4.690616, 36.2995
-4.790268, 36.29117
-4.889919, 36.28283
-4.989569, 36.27449
-5.089218, 36.26614
-5.188868, 36.25778
-5.288518, 36.24943
-5.388167, 36.24107
-5.487816, 36.23272
-5.587463, 36.22435
-5.687111, 36.21597
-5.786761, 36.2076
-5.886411, 36.19921
-5.986058, 36.19083
-6.085708, 36.18245
-6.185355, 36.17406
-6.285001, 36.16567
-6.384645, 36.15726
-6.48429, 36.14885
-6.583934, 36.14044
-6.683578, 36.13203
-6.783223, 36.12362
-6.882867, 36.11518
-6.922725, 36.11181
-6.922726, 36.11181
-6.922727, 36.11181
-6.922728, 36.11181
-6.922729, 36.1118
-6.922731, 36.1118
-6.922733, 36.1118
-6.922735, 36.1118
-6.922736, 36.11181
-6.922737, 36.11181
-6.922738, 36.11181
-6.922739, 36.11181
-6.922738, 36.11181
-6.922739, 36.1118
-6.92274, 36.11181
-6.92274, 36.1118
-6.92274, 36.1118
-6.92274, 36.1118
-6.922737, 36.11181
-6.922737, 36.11181
-6.922736, 36.11181
-6.922736, 36.11181
-6.922735, 36.11182
-6.922735, 36.11182
-6.978748, 36.10689
-7.078373, 36.09822
-7.177996, 36.08957
-7.277621, 36.08091
-7.377244, 36.07225
-7.476869, 36.06359
-7.576492, 36.05493
-7.676118, 36.04628
-7.775744, 36.03762
-7.875369, 36.02896
-7.974994, 36.0203
-8.074621, 36.01166
-8.174248, 36.00302
-8.273871, 35.99436
-8.373495, 35.9857
-8.473123, 35.97705
-8.572748, 35.9684
-8.672376, 35.95977
-8.772001, 35.95112
-8.871628, 35.94247
-8.971257, 35.93385
-9.070883, 35.92522
-9.170514, 35.91661
-9.270145, 35.908
-9.369777, 35.89939
-9.469408, 35.89079
-9.569036, 35.88214
-9.668663, 35.87348
-9.768288, 35.86485
-9.867912, 35.85622
-9.967538, 35.84761
-10.06716, 35.839
-10.16679, 35.83038
-10.26642, 35.82172
-10.36604, 35.81306
-10.46567, 35.80442
-10.5653, 35.79579
-10.66492, 35.78715
-10.76455, 35.77852
-10.86418, 35.76991
-10.9638, 35.76129
-11.0633, 35.75275
-11.16294, 35.7443
-11.26258, 35.7358
-11.36222, 35.72727
-11.46185, 35.71868
-11.56147, 35.71
-11.6503, 35.70217
-11.664, 35.70095
-11.664, 35.70095
-11.664, 35.70095
-11.664, 35.70095
-11.664, 35.70095
-11.664, 35.70095
-11.664, 35.70095
-11.664, 35.70095
-11.68209, 35.75381
-11.71408, 35.84856
-11.74605, 35.94331
-11.77803, 36.03806
-11.80999, 36.13282
-11.84194, 36.22757
-11.8739, 36.32233
-11.90584, 36.41709
-11.93778, 36.51184
-11.96971, 36.60659
-12.00162, 36.70135
-12.03354, 36.79611
-12.06544, 36.89088
-12.09734, 36.98566
-12.12923, 37.08043
-12.16112, 37.17521
-12.19299, 37.26998
-12.22485, 37.36476
-12.25671, 37.45953
-12.28091, 37.53156
-12.28218, 37.53535
-12.28218, 37.53535
-12.28218, 37.53535
-12.28218, 37.53535
-12.28218, 37.53534
-12.28218, 37.53534
-12.28218, 37.53534
-12.28217, 37.53534
-12.28218, 37.53534
-12.28218, 37.53534
-12.28217, 37.53534
-12.28217, 37.53533
-12.28217, 37.53533
-12.28217, 37.53534
-12.28217, 37.53534
-12.28217, 37.53534
-12.28217, 37.53534
-12.28217, 37.53534
-12.28217, 37.53533
-12.28217, 37.53534
-12.28218, 37.53534
-12.28218, 37.53534
-12.28218, 37.53534
-12.28218, 37.53534
-12.28218, 37.53534
-12.28218, 37.53534
-12.28218, 37.53534
-12.28949, 37.55726
-12.31966, 37.64775
-12.3513, 37.7426
-12.38293, 37.83746
-12.41457, 37.93231
-12.4462, 38.02716
-12.47782, 38.12202
-12.50944, 38.21688
-12.54108, 38.31173
-12.57271, 38.40658
-12.60435, 38.50143
-12.63597, 38.59641
-12.66744, 38.69136
-12.69893, 38.78629
-12.73046, 38.88119
-12.76204, 38.97607
-12.79371, 39.07093
-12.82416, 39.16174
-12.83154, 39.18365
-12.83154, 39.18365
-12.83154, 39.18365
-12.83154, 39.18365
-12.83154, 39.18365
-12.83154, 39.18365
-12.83154, 39.18365
-12.83154, 39.18365
-12.83154, 39.18365
-12.83154, 39.18365
-12.83154, 39.18365
-12.83154, 39.18365
-12.83154, 39.18365
-12.83154, 39.18365
-12.83154, 39.18365
-12.82795, 39.1811
-12.76486, 39.13588
-12.6837, 39.07747
-12.60253, 39.01907
-12.52136, 38.96067
-12.44018, 38.90227
-12.35901, 38.84388
-12.27783, 38.78549
-12.19665, 38.72711
-12.11547, 38.66872
-12.03428, 38.61034
-11.9531, 38.55196
-11.87191, 38.49357
-11.79072, 38.43519
-11.70953, 38.37681
-11.62834, 38.31842
-11.54714, 38.26004
-11.46594, 38.20167
-11.38473, 38.14331
-11.30353, 38.08495
-11.22232, 38.02658
-11.1411, 37.96824
-11.05989, 37.90989
-10.97867, 37.85154
-10.90719, 37.8002
-10.89744, 37.79321
-10.89744, 37.7932
-10.89744, 37.79321
-10.89744, 37.79321
-10.89744, 37.79321
-10.89744, 37.7932
-10.89744, 37.7932
-10.89744, 37.7932
-10.89744, 37.7932
-10.89744, 37.7932
-10.89744, 37.79319
-10.89744, 37.79319
-10.89744, 37.79319
-10.89744, 37.79319
-10.89744, 37.79319
-10.89744, 37.79319
-10.89744, 37.79318
-10.89744, 37.79319
-10.89744, 37.79319
-10.89744, 37.79318
-10.89744, 37.79319
-10.88873, 37.78701
-10.81871, 37.73707
-10.73733, 37.67894
-10.65595, 37.62083
-10.57458, 37.56271
-10.49321, 37.50459
-10.41184, 37.44648
-10.33047, 37.38836
-10.24909, 37.33025
-10.16772, 37.27215
-10.08634, 37.21404
-10.00496, 37.15594
-9.923581, 37.09783
-9.842212, 37.03971
-9.760831, 36.98161
-9.67945, 36.92352
-9.59807, 36.86542
-9.516687, 36.80731
-9.435314, 36.74919
-9.353937, 36.69108
-9.272558, 36.63298
-9.191172, 36.57488
-9.109795, 36.51677
-9.028424, 36.45864
-8.947044, 36.40053
-8.865663, 36.34243
-8.784282, 36.28432
-8.702909, 36.22621
-8.621541, 36.16808
-8.540181, 36.10995
-8.45881, 36.05183
-8.377424, 35.99373
-8.296043, 35.93562
-8.214663, 35.8775
-8.133293, 35.81937
-8.051916, 35.76125
-7.970535, 35.70314
-7.889163, 35.64501
-7.807787, 35.58689
-7.726422, 35.52874
-7.645051, 35.47061
-7.563676, 35.41247
-7.482297, 35.35435
-7.400907, 35.29625
-7.319518, 35.23814
-7.237972, 35.17989
-7.156623, 35.12173
-7.075269, 35.06359
-6.993901, 35.00545
-6.912519, 34.94733
-6.831122, 34.88924
-6.758127, 34.8372
-6.746337, 34.8288
-6.746337, 34.8288
-6.746337, 34.8288
-6.746337, 34.8288
-6.746337, 34.8288
-6.746337, 34.8288
-6.746337, 34.8288
-6.746337, 34.8288
-6.746337, 34.8288
-6.746337, 34.8288
-6.746337, 34.8288
-6.746337, 34.8288
-6.746337, 34.8288
-6.756133, 34.82546
-6.837107, 34.79793
-6.931799, 34.76578
-7.026492, 34.73362
-7.121186, 34.70147
-7.21588, 34.66931
-7.310571, 34.63715
-7.405263, 34.60499
-7.499954, 34.57283
-7.594641, 34.54067
-7.689329, 34.50851
-7.784015, 34.47635
-7.878701, 34.44419
-7.973387, 34.41204
-8.068074, 34.37988
-8.162761, 34.3477
-8.257448, 34.31552
-8.352135, 34.28334
-8.446823, 34.25115
-8.541508, 34.21897
-8.63619, 34.18679
-8.730878, 34.15461
-8.825563, 34.12243
-8.920246, 34.09025
-9.014929, 34.05807
-9.109612, 34.02588
-9.204295, 33.99367
-9.298978, 33.96146
-9.39366, 33.92925
-9.48834, 33.89705
-9.583023, 33.86485
-9.6777, 33.83264
-9.772377, 33.80044
-9.867055, 33.76822
-9.96173, 33.73601
-10.0564, 33.70377
-10.15108, 33.67153
-10.24575, 33.63928
-10.34042, 33.60704
-10.43509, 33.57481
-10.52976, 33.54257
-10.62442, 33.51033
-10.71908, 33.47807
-10.81374, 33.44582
-10.90841, 33.41355
-10.94628, 33.40064
-10.94628, 33.40065
-10.94628, 33.40064
-10.94628, 33.40064
-10.94628, 33.40064
-10.94628, 33.40064
-10.94628, 33.40064
-10.94628, 33.40064
-10.94628, 33.40064
-10.94629, 33.40064
-10.94629, 33.40063
-10.94629, 33.40063
-10.94629, 33.40063
-10.94629, 33.40063
-10.94629, 33.40063
-10.94629, 33.40063
-10.94629, 33.40062
-10.94629, 33.40062
-10.94629, 33.40062
-10.94629, 33.40062
-10.94629, 33.40061
-10.94629, 33.40061
-10.94629, 33.40061
-10.94629, 33.40061
-10.94629, 33.40061
-10.94629, 33.40061
-11.00516, 33.38074
-11.09977, 33.34836
-11.19438, 33.31599
-11.28899, 33.2836
-11.38359, 33.25117
-11.4782, 33.21879
-11.57281, 33.18642
-11.66742, 33.15403
-11.76203, 33.12164
-11.85663, 33.08926
-11.95124, 33.05687
-12.04584, 33.02449
-12.14045, 32.9921
-12.23505, 32.95972
-12.32966, 32.92733
-12.42427, 32.89497
-12.51888, 32.86259
-12.6138, 32.83009
-12.70963, 32.79726
-12.80423, 32.76484
-12.89883, 32.73243
-12.99344, 32.70002
-13.08805, 32.66765
-13.18267, 32.6353
-13.25694, 32.60994
-13.26229, 32.60812
-13.26229, 32.60812
-13.26229, 32.60812
-13.26229, 32.60812
-13.26229, 32.60812
-13.26229, 32.60812
-13.26229, 32.60812
-13.26229, 32.60812
-13.26229, 32.60812
-13.26229, 32.60812
-13.26229, 32.60812
-13.26229, 32.60812
-13.26229, 32.60812
-13.26229, 32.60812
-13.26229, 32.60812
-13.25588, 32.61656
-13.20346, 32.68461
-13.14228, 32.76371
-13.08109, 32.84282
-13.01991, 32.92192
-12.95871, 33.00102
-12.89751, 33.0801
-12.83631, 33.15918
-12.7751, 33.23826
-12.7139, 33.31734
-12.65268, 33.39642
-12.59146, 33.47549
-12.53024, 33.55456
-12.46896, 33.63371
-12.40778, 33.71289
-12.34663, 33.79201
-12.28544, 33.87111
-12.22421, 33.95016
-12.16292, 34.02918
-12.10154, 34.10813
-12.06262, 34.15804
-12.06211, 34.1587
-12.06211, 34.1587
-12.06211, 34.1587
-12.06211, 34.1587
-12.06211, 34.1587
-12.06211, 34.1587
-12.06211, 34.1587
-12.06211, 34.1587
-12.06211, 34.1587
-12.06211, 34.1587
-12.06211, 34.1587
-12.11372, 34.18009
-12.20605, 34.2185
-12.29838, 34.25691
-12.39071, 34.29531
-12.48304, 34.33372
-12.57537, 34.37212
-12.66771, 34.41052
-12.76004, 34.44892
-12.85237, 34.48732
-12.9447, 34.52572
-13.03704, 34.56411
-13.12938, 34.60249
-13.22172, 34.64087
-13.31406, 34.67925
-13.4064, 34.71762
-13.49874, 34.756
-13.59108, 34.79438
-13.68342, 34.83275
-13.77577, 34.87112
-13.86811, 34.90948
-13.96045, 34.94783
-14.0528, 34.98619
-14.14515, 35.02454
-14.2375, 35.0629
-14.32985, 35.10125
-14.4222, 35.1396
-14.51455, 35.17794
-14.60691, 35.21628
-14.69926, 35.25462
-14.79162, 35.29296
-14.88398, 35.33129
-14.97633, 35.36962
-15.0687, 35.40794
-15.16107, 35.44624
-15.25345, 35.48454
-15.34582, 35.52283
-15.4382, 35.56113
-15.53058, 35.59943
-15.62296, 35.63771
-15.71534, 35.67599
-15.80773, 35.71427
-15.90011, 35.75256
-15.98141, 35.78623
-15.9925, 35.79082
-15.9925, 35.79082
-15.9925, 35.79082
-15.9925, 35.79082
-15.9925, 35.79082
-15.9925, 35.79082
-15.9925, 35.79082
-15.9925, 35.79082
-15.9925, 35.79082
-15.9925, 35.79082
-15.9925, 35.79082
-15.9925, 35.79082
-15.99249, 35.79082
-15.99249, 35.79082
-15.9925, 35.79082
-15.9925, 35.79082
-15.9925, 35.79082
-15.9925, 35.79082
-15.9925, 35.79082
-15.9925, 35.79082
-15.99249, 35.79082
-15.99249, 35.79082
-15.99249, 35.79082
-15.99249, 35.79082
-15.9925, 35.79082
-15.99574, 35.79215
-16.06421, 35.8203
-16.15668, 35.85837
-16.24915, 35.89644
-16.34162, 35.93451
-16.43408, 35.97258
-16.52655, 36.01065
-16.61901, 36.04872
-16.71148, 36.08681
-16.80395, 36.12487
-16.89641, 36.16294
-16.98888, 36.20101
-17.08135, 36.23908
-17.17382, 36.27714
-17.26629, 36.31521
-17.35876, 36.35328
-17.45122, 36.39134
-17.54369, 36.42942
-17.63616, 36.46748
-17.72863, 36.50555
-17.82109, 36.5436
-17.91356, 36.58167
-18.00603, 36.61974
-18.0985, 36.65781
-18.19097, 36.69587
-18.28343, 36.73394
-18.3759, 36.772
-18.46837, 36.81008
-18.56083, 36.84814
-18.65322, 36.88625
-18.74562, 36.92448
-18.83804, 36.96268
-18.93047, 37.00085
-19.02291, 37.03897
-19.11539, 37.07702
-19.20453, 37.11359
-19.22803, 37.12321
-19.22803, 37.12321
-19.22803, 37.12321
-19.22803, 37.12321
-19.22803, 37.12321
-19.22803, 37.12321
-19.22803, 37.12321
-19.22803, 37.12321
-19.22803, 37.12321
-19.23781, 37.10282
-19.27859, 37.01693
-19.32138, 36.92656
-19.36418, 36.83619
-19.40698, 36.74583
-19.4498, 36.65546
-19.49263, 36.56508
-19.53547, 36.47472
-19.57831, 36.38437
-19.62117, 36.29401
-19.66404, 36.20365
-19.70693, 36.11331
-19.74983, 36.02298
-19.79275, 35.93265
-19.83588, 35.8419
-19.87881, 35.75158
-19.92179, 35.66127
-19.96479, 35.57097
-20.00784, 35.48069
-20.05094, 35.39045
-20.09414, 35.30024
-20.11325, 35.26046
-20.11325, 35.26046
-20.11325, 35.26046
-20.11325, 35.26046
-20.11325, 35.26046
-20.11325, 35.26046
-20.11325, 35.26046
-20.11325, 35.26046
-20.11325, 35.26046
-20.11325, 35.26046
-20.11325, 35.26046
-20.13212, 35.27535
-20.20753, 35.3348
-20.28607, 35.39669
-20.36462, 35.45858
-20.44316, 35.52047
-20.5217, 35.58237
-20.60024, 35.64428
-20.67878, 35.70618
-20.75731, 35.76809
-20.83583, 35.83
-20.91436, 35.89191
-20.99289, 35.95383
-21.07141, 36.01575
-21.14051, 36.07025
-21.14993, 36.07768
-21.14993, 36.07768
-21.14993, 36.07768
-21.14993, 36.07768
-21.14992, 36.07768
-21.14992, 36.07768
-21.14992, 36.07767
-21.14992, 36.07767
-21.14992, 36.07767
-21.14992, 36.07768
-21.14992, 36.07768
-21.14992, 36.07768
-21.14992, 36.07768
-21.14992, 36.07768
-21.14992, 36.07768
-21.14992, 36.07768
-21.14992, 36.07768
-21.14992, 36.07769
-21.14992, 36.07769
-21.14992, 36.07768
-21.14992, 36.07768
-21.14992, 36.07769
-21.14993, 36.07768
-21.14993, 36.07769
-21.14992, 36.07769
-21.14992, 36.07768
-21.14993, 36.07768
-21.14993, 36.07768
-21.14993, 36.07768
-21.15244, 36.07967
-21.20945, 36.12497
-21.28769, 36.18726
-21.36593, 36.24953
-21.44418, 36.31181
-21.52243, 36.37409
-21.60068, 36.43637
-21.67892, 36.49863
-21.75718, 36.56087
-21.83544, 36.62311
-21.91369, 36.68534
-21.99195, 36.74759
-22.07023, 36.80982
-22.14851, 36.87205
-22.22679, 36.93427
-22.30507, 36.99649
-22.38336, 37.05871
-22.46165, 37.12092
-22.53994, 37.18314
-22.61824, 37.24533
-22.69654, 37.30753
-22.77485, 37.36973
-22.85315, 37.43192
-22.93147, 37.4941
-23.0098, 37.55628
-23.08813, 37.61846
-23.16646, 37.68062
-23.2448, 37.74276
-23.32314, 37.8049
-23.4015, 37.86703
-23.47985, 37.92915
-23.55822, 37.99128
-23.6366, 38.05339
-23.71498, 38.11549
-23.79337, 38.17758
-23.87177, 38.23966
-23.95018, 38.30173
-24.0286, 38.36378
-24.10703, 38.42581
-24.18547, 38.48783
-24.26392, 38.54984
-24.3424, 38.61183
-24.42105, 38.67363
-24.4998, 38.73527
-24.57852, 38.79694
-24.65722, 38.85864
-24.73587, 38.92039
-24.81448, 38.9822
-24.8642, 39.02137
-24.86485, 39.02188
-24.86485, 39.02188
-24.86485, 39.02187
-24.86485, 39.02188
-24.86485, 39.02187
-24.86485, 39.02187
-24.86485, 39.02187
-24.86485, 39.02187
-24.86485, 39.02187
-24.86485, 39.02187
-24.86485, 39.02187
-24.86485, 39.02187
-24.86485, 39.02187
-24.86485, 39.02187
-24.86485, 39.02187
-24.86485, 39.02188
-24.86485, 39.02188
-24.86485, 39.02188
-24.86485, 39.02188
-24.86486, 39.02188
-24.86486, 39.02187
-24.86486, 39.02187
-24.86486, 39.02187
-24.86486, 39.02187
-24.86486, 39.02187
-24.86486, 39.02187
-24.86486, 39.02187
-24.86486, 39.02187
-24.86486, 39.02187
-24.86486, 39.02187
-24.86486, 39.02187
-24.86486, 39.02187
-24.89359, 39.04469
-24.92747, 39.07165
-24.92747, 39.07165
-24.92747, 39.07165
-24.92747, 39.07165
-24.92747, 39.07165
-24.92747, 39.07165
-24.92747, 39.07165
-24.92747, 39.07165
-24.92747, 39.07165
-24.92747, 39.07165
-24.92027, 39.07908
-24.88621, 39.11406
-24.88564, 39.11465
-24.88564, 39.11465
-24.88564, 39.11466
-24.88564, 39.11466
-24.88564, 39.11467
-24.88564, 39.11467
-24.88564, 39.11467
-24.88564, 39.11467
-24.88564, 39.11468
-24.88564, 39.11467
-24.88564, 39.11467
-24.88564, 39.11467
-24.88564, 39.11468
-24.88564, 39.11467
-24.88564, 39.11468
-24.88564, 39.11468
-24.88564, 39.11468
-24.88564, 39.11467
-24.88564, 39.11467
-24.88565, 39.11467
-24.88564, 39.11467
-24.88564, 39.11467
-24.88564, 39.11468
-24.88565, 39.11468
-24.88565, 39.11468
-24.88565, 39.11468
-24.88565, 39.11468
-24.88565, 39.11468
-24.88565, 39.11468
-24.88565, 39.11468
-24.88565, 39.11468
-24.87043, 39.13027
-24.80441, 39.19793
-24.73457, 39.26949
-24.66473, 39.34105
-24.59487, 39.4126
-24.52503, 39.48416
-24.45519, 39.55572
-24.38535, 39.62727
-24.3155, 39.69883
-24.24567, 39.77039
-24.17584, 39.84195
-24.10599, 39.9135
-24.03614, 39.98505
-23.96631, 40.05661
-23.89646, 40.12816
-23.82662, 40.19971
-23.75679, 40.2713
-23.68696, 40.3429
-23.6171, 40.41449
-23.54725, 40.48619
-23.47752, 40.55788
-23.40778, 40.62954
-23.33802, 40.70119
-23.26825, 40.77283
-23.19846, 40.84445
-23.12865, 40.91606
-23.05881, 40.98763
-22.98894, 41.05917
-22.91903, 41.13066
-22.85125, 41.19982
-22.83212, 41.2193
-22.83212, 41.2193
-22.83212, 41.2193
-22.83212, 41.2193
-22.83212, 41.2193
-22.83212, 41.2193
-22.83212, 41.2193
-22.83212, 41.2193
-22.83212, 41.2193
-22.83212, 41.2193
-22.83212, 41.2193
-22.83212, 41.2193
-22.83212, 41.2193
-22.83212, 41.2193
-22.8536, 41.22062
-22.94777, 41.22652
-23.04756, 41.23282
-23.14736, 41.23911
-23.24717, 41.24541
-23.34698, 41.2517
-23.44679, 41.25799
-23.5466, 41.26427
-23.64642, 41.27054
-23.74623, 41.27682
-23.84604, 41.28309
-23.94585, 41.28936
-24.04566, 41.29562
-24.14547, 41.30188
-24.24528, 41.30814
-24.3451, 41.31439
-24.44491, 41.32063
-24.54472, 41.32685
-24.64453, 41.33307
-24.74434, 41.33929
-24.84416, 41.3455
-24.94397, 41.35169
-25.04378, 41.35789
-25.14359, 41.36409
-25.2434, 41.37027
-25.34321, 41.37645
-25.44302, 41.38263
-25.54284, 41.38879
-25.64265, 41.39495
-25.68257, 41.39742
-25.68257, 41.39742
-25.68257, 41.39742
-25.68257, 41.39742
-25.68257, 41.39742
-25.68257, 41.39742
-25.68257, 41.39742
-25.68257, 41.39742
-25.68257, 41.39742
-25.68257, 41.39742
-25.68257, 41.39742
-25.68257, 41.39742
-25.68257, 41.39742
-25.68257, 41.39742
-25.68257, 41.39742
-25.68257, 41.39742
-25.68257, 41.39742
-25.68257, 41.39742
-25.68257, 41.39742
-25.68257, 41.39742
-25.68257, 41.39742
-25.68257, 41.39742
-25.69395, 41.39807
-25.7809, 41.40319
-25.88072, 41.40912
-25.98054, 41.41506
-26.08036, 41.42099
-26.18019, 41.42693
-26.28, 41.43286
-26.37983, 41.4388
-26.47964, 41.44473
-26.57947, 41.45067
-26.67929, 41.4566
-26.77911, 41.46255
-26.87893, 41.46848
-26.97892, 41.47442
-27.079, 41.48037
-27.17883, 41.4863
-27.27866, 41.49223
-27.37848, 41.49816
-27.47831, 41.5041
-27.57814, 41.51005
-27.67797, 41.516
-27.7778, 41.52192
-27.87763, 41.52785
-27.97746, 41.53378
-28.0667, 41.53909
-28.08076, 41.53992
-28.08076, 41.53992
-28.08076, 41.53992
-28.08076, 41.53992
-28.08076, 41.53992
-28.08076, 41.53992
-28.08076, 41.53992
-28.08076, 41.53992
-28.08076, 41.53992
-28.08076, 41.53992
-28.08076, 41.53992
-28.08076, 41.53992
-28.08076, 41.53992
-28.08076, 41.53992
-28.05241, 41.56788
-27.9808, 41.63762
-27.90911, 41.70734
-27.83742, 41.77706
-27.76574, 41.84679
-27.69406, 41.91652
-27.63098, 41.97787
-27.62238, 41.98624
-27.62238, 41.98624
-27.62238, 41.98624
-27.62238, 41.98624
-27.62238, 41.98624
-27.62237, 41.98624
-27.62237, 41.98624
-27.62237, 41.98624
-27.62237, 41.98624
-27.62237, 41.98624
-27.62237, 41.98624
-27.62237, 41.98624
-27.62237, 41.98624
-27.62237, 41.98624
-27.62237, 41.98625
-27.62237, 41.98624
-27.62237, 41.98624
-27.62238, 41.98624
-27.62238, 41.98624
-27.62238, 41.98624
-27.62238, 41.98624
-27.62238, 41.98624
-27.62238, 41.98624
-27.62238, 41.98624
-27.62238, 41.98624
-27.62238, 41.98624
-27.62238, 41.98624
-27.62238, 41.98624
-27.62238, 41.98624
-27.62238, 41.98624
-27.5926, 42.01485
-27.52069, 42.0848
-27.44905, 42.15457
-27.3774, 42.22433
-27.30576, 42.29409
-27.23298, 42.36484
-27.16119, 42.43446
-27.08942, 42.50409
-27.01768, 42.57373
-26.94595, 42.64342
-26.87425, 42.71312
-26.80257, 42.78286
-26.73093, 42.85264
-26.65934, 42.92246
-26.58784, 42.99236
-26.54263, 43.03667
-26.54204, 43.03725
-26.54204, 43.03725
-26.54204, 43.03725
-26.54204, 43.03725
-26.54204, 43.03725
-26.54204, 43.03725
-26.54204, 43.03725
-26.54204, 43.03725
-26.54204, 43.03725
-26.54204, 43.03724
-26.54204, 43.03724
-26.54204, 43.03724
-26.54205, 43.03725
-26.54205, 43.03725
-26.54205, 43.03725
-26.54205, 43.03725
-26.54205, 43.03725
-26.54205, 43.03725
-26.54205, 43.03725
-26.54206, 43.03725
-26.54206, 43.03725
-26.54206, 43.03725
-26.54206, 43.03725
-26.54206, 43.03725
-26.54206, 43.03725
-26.54206, 43.03725
-26.54206, 43.03725
-26.54206, 43.03725
-26.54206, 43.03725
-26.54206, 43.03725
-26.48917, 43.01923
-26.3945, 42.98703
-26.29982, 42.95483
-26.20514, 42.92263
-26.11048, 42.89042
-26.01581, 42.8582
-25.92115, 42.82597
-25.82649, 42.79374
-25.73183, 42.7615
-25.63718, 42.72925
-25.54252, 42.697
-25.44786, 42.66476
-25.35321, 42.6325
-25.25855, 42.60024
-25.1639, 42.56797
-25.06926, 42.53569
-24.97486, 42.50341
-24.88028, 42.47093
-24.78569, 42.43848
-24.69108, 42.40609
-24.59975, 42.37492
-24.57512, 42.36653
-24.57512, 42.36653
-24.57512, 42.36653
-24.57512, 42.36653
-24.57512, 42.36653
-24.57512, 42.36653
-24.57512, 42.36653
-24.57512, 42.36653
-24.57512, 42.36653
-24.57512, 42.36653
-24.57512, 42.36653
-24.57512, 42.36653
-24.57512, 42.36653
-24.57512, 42.36653
-24.57512, 42.36653
-24.5972, 42.35785
-24.68635, 42.32274
-24.77939, 42.28608
-24.87243, 42.24942
-24.96548, 42.21276
-25.05852, 42.17611
-25.15155, 42.13947
-25.2446, 42.10282
-25.33765, 42.06618
-25.4307, 42.02953
-25.52375, 41.9929
-25.6168, 41.95626
-25.70985, 41.91963
-25.8029, 41.883
-25.85873, 41.86102
-25.85873, 41.86102
-25.85873, 41.86102
-25.85873, 41.86102
-25.85873, 41.86102
-25.85873, 41.86102
-25.85873, 41.86102
-25.85873, 41.86102
-25.85873, 41.86102
-25.85873, 41.86102
-25.85873, 41.86102
-25.85873, 41.86102
-25.85873, 41.86102
-25.85873, 41.86102
-25.85872, 41.86103
-25.85873, 41.86103
-25.85873, 41.86103
-25.85873, 41.86103
-25.85873, 41.86103
-25.85873, 41.86104
-25.85873, 41.86104
-25.85873, 41.86103
-25.85873, 41.86103
-25.85873, 41.86103
-25.85873, 41.86103
-25.85873, 41.86103
-25.86698, 41.85778
-25.95796, 41.82205
-26.06966, 41.77821
-26.18136, 41.73436
-26.29306, 41.69051
-26.40477, 41.64666
-26.51647, 41.60283
-26.62817, 41.55897
-26.73986, 41.5151
-26.85156, 41.47125
-26.96327, 41.42742
-27.07497, 41.38355
-27.18666, 41.33968
-27.29846, 41.29573
-27.41015, 41.25166
-27.5218, 41.20767
-27.63349, 41.16378
-27.71678, 41.13119
-27.72116, 41.12948
-27.72116, 41.12948
-27.72116, 41.12948
-27.72116, 41.12948
-27.72116, 41.12948
-27.72293, 41.13149
-27.77738, 41.19463
-27.85555, 41.28568
-27.93371, 41.37672
-28.01189, 41.46776
-28.09008, 41.55879
-28.16829, 41.64981
-28.24652, 41.74081
-28.32476, 41.83181
-28.40302, 41.92279
-28.48131, 42.01374
-28.55962, 42.10468
-28.63796, 42.19558
-28.71634, 42.28647
-28.79493, 42.37722
-28.8737, 42.46775
-28.9524, 42.55834
-29.0179, 42.6339
-29.02445, 42.64146
-29.02445, 42.64145
-29.02444, 42.64146
-29.02444, 42.64145
-29.02444, 42.64145
-29.02445, 42.64145
-29.02445, 42.64145
-29.02445, 42.64145
-29.02445, 42.64145
-29.02445, 42.64145
-29.02445, 42.64145
-29.02445, 42.64145
-29.02445, 42.64145
-29.02445, 42.64145
-29.02444, 42.64145
-29.02444, 42.64145
-29.02444, 42.64145
-29.02444, 42.64145
-29.02444, 42.64145
-29.02445, 42.64145
-29.02445, 42.64145
-29.02445, 42.64145
-29.02445, 42.64145
-29.02445, 42.64145
-29.02445, 42.64145
-29.02445, 42.64145
-29.02445, 42.64145
-29.02445, 42.64145
-29.02445, 42.64145
-29.02445, 42.64145
-29.02445, 42.64145
-29.05811, 42.68035
-29.12369, 42.74827
-29.20775, 42.83391
-29.29182, 42.91954
-29.3759, 43.00516
-29.45999, 43.09078
-29.5441, 43.17639
-29.62821, 43.26199
-29.6909, 43.32575
-29.6942, 43.32911
-29.6942, 43.3291
-29.6942, 43.32911
-29.6942, 43.32911
-29.6942, 43.3291
-29.6942, 43.3291
-29.6942, 43.32911
-29.6942, 43.3291
-29.6942, 43.3291
-29.6942, 43.3291
-29.6942, 43.3291
-29.6942, 43.3291
-29.69419, 43.32911
-29.69419, 43.32911
-29.69419, 43.32911
-29.69419, 43.32911
-29.69418, 43.32911
-29.69418, 43.32911
-29.69419, 43.32911
-29.69419, 43.32911
-29.69419, 43.32911
-29.69419, 43.32911
-29.69419, 43.32911
-29.69419, 43.32911
-29.69419, 43.32911
-29.69419, 43.32911
-29.69419, 43.32911
-29.69419, 43.32911
-29.69419, 43.32911
-29.69419, 43.32911
-29.69419, 43.32911
-29.69419, 43.32911
-29.71806, 43.35328
-29.80025, 43.43651
-29.88454, 43.52191
-29.96885, 43.60728
-30.05315, 43.69265
-30.13745, 43.77802
-30.22176, 43.86339
-30.30669, 43.94939
-30.39137, 44.03504
-30.47574, 44.12038
-30.56006, 44.20576
-30.62285, 44.26941
-30.62616, 44.27276
-30.62616, 44.27276
-30.63466, 44.2742
-30.73057, 44.29033
-30.84892, 44.31015
-30.96728, 44.32997
-31.08563, 44.3498
-31.20397, 44.36964
-31.32231, 44.38949
-31.44066, 44.40934
-31.559, 44.4292
-31.67735, 44.44909
-31.79568, 44.46898
-31.91402, 44.48886
-32.03236, 44.5088
-32.1507, 44.52874
-32.26903, 44.54869
-32.38736, 44.56866
-32.50569, 44.58864
-32.62402, 44.60865
-32.74236, 44.62867
-32.86068, 44.64873
-32.97898, 44.66881
-33.09729, 44.68891
-33.2156, 44.70905
-33.3339, 44.72922
-33.45219, 44.74944
-33.57045, 44.76972
-33.68872, 44.79005
-33.80696, 44.81047
-33.92518, 44.83104
-33.99751, 44.84374
-33.99819, 44.84386
-33.99819, 44.84386
-33.99819, 44.84386
-33.99819, 44.84386
-33.99819, 44.84386
-33.99819, 44.84386
-33.99819, 44.84386
-33.99819, 44.84386
-33.99819, 44.84386
-33.99819, 44.84386
-33.99704, 44.84147
-33.9612, 44.76636
-33.90961, 44.658
-33.87117, 44.57727
-33.86914, 44.57301
-33.86914, 44.57301
-33.86914, 44.57301
-33.86914, 44.57302
-33.86914, 44.57302
-33.86914, 44.57301
-33.86915, 44.57301
-33.86914, 44.57302
-33.86914, 44.57301
-33.86914, 44.57301
-33.86914, 44.57301
-33.86914, 44.57301
-33.86914, 44.57301
-33.86914, 44.57301
-33.86914, 44.57301
-33.86914, 44.573
-33.86914, 44.573
-33.86914, 44.573
-33.86914, 44.573
-33.86914, 44.573
-33.86914, 44.573
-33.86914, 44.573
-33.86914, 44.573
-33.86914, 44.573
-33.86914, 44.573
-33.86914, 44.573
-33.86914, 44.573
-33.86914, 44.573
-33.83762, 44.50718
-33.78579, 44.39895
-33.73397, 44.29073
-33.68215, 44.18252
-33.63032, 44.07431
-33.5785, 43.96609
-33.52666, 43.85788
-33.47482, 43.74967
-33.42299, 43.64146
-33.37116, 43.53325
-33.31932, 43.42503
-33.2675, 43.31682
-33.21495, 43.20688
-33.1633, 43.09855
-33.11155, 42.99028
-33.05968, 42.88207
-33.03622, 42.83329
-33.03622, 42.83329
-33.03622, 42.83329
-33.03622, 42.83329
-33.03622, 42.83329
-33.03622, 42.83329
-33.03622, 42.83329
-33.03622, 42.83329
-33.03622, 42.83329
-33.03622, 42.83329
-33.03622, 42.83329
-33.03622, 42.83329
-33.03884, 42.83439
-33.11639, 42.8672
-33.22689, 42.91403
-33.33739, 42.96084
-33.4479, 43.00765
-33.55841, 43.05445
-33.66891, 43.10125
-33.77942, 43.14803
-33.88992, 43.19481
-34.00044, 43.24158
-34.11097, 43.28832
-34.2215, 43.33505
-34.33203, 43.38177
-34.44255, 43.42849
-34.55309, 43.47519
-34.66363, 43.52188
-34.77419, 43.56856
-34.88474, 43.61523
-34.9953, 43.66188
-35.10588, 43.7085
-35.21663, 43.75511
-35.32748, 43.80145
-35.43821, 43.84772
-35.54888, 43.8941
-35.63129, 43.92879
-35.63562, 43.93062
-35.63562, 43.93062
-35.63562, 43.93062
-35.63562, 43.93062
-35.63562, 43.93062
-35.63562, 43.93062
-35.63562, 43.93062
-35.63562, 43.93062
-35.63562, 43.93062
-35.63562, 43.93062
-35.61182, 43.94982
-35.52217, 44.0223
-35.42885, 44.09774
-35.33553, 44.17318
-35.24221, 44.24862
-35.14888, 44.32406
-35.05556, 44.3995
-34.96223, 44.47494
-34.86892, 44.55037
-34.77559, 44.62581
-34.68227, 44.70124
-34.58894, 44.77666
-34.49561, 44.85208
-34.40228, 44.92749
-34.30894, 45.00291
-34.2156, 45.07833
-34.12225, 45.15374
-34.0289, 45.22915
-33.93555, 45.30455
-33.85776, 45.36738
-33.84998, 45.37367
-33.84998, 45.37367
-33.84998, 45.37368
-33.84998, 45.37367
-33.84998, 45.37367
-33.84998, 45.37367
-33.84998, 45.37368
-33.84999, 45.37367
-33.84998, 45.37367
-33.84998, 45.37368
-33.84998, 45.37368
-33.84998, 45.37368
-33.84998, 45.37368
-33.84999, 45.37368
-33.84999, 45.37369
-33.84998, 45.37369
-33.84998, 45.37368
-33.84998, 45.37368
-33.84998, 45.37369
-33.84998, 45.37369
-33.84998, 45.37369
-33.84998, 45.37368
-33.84998, 45.37369
-33.83591, 45.38495
-33.75158, 45.45247
-33.65791, 45.52748
-33.56425, 45.60248
-33.47059, 45.67749
-33.37693, 45.75249
-33.28327, 45.8275
-33.18961, 45.90251
-33.09595, 45.97753
-33.0023, 46.05255
-32.90866, 46.12757
-32.81503, 46.2026
-32.72139, 46.27765
-32.62775, 46.35272
-32.53411, 46.4278
-32.44049, 46.50287
-32.34687, 46.57794
-32.25326, 46.65303
-32.15965, 46.72813
-32.06604, 46.80322
-31.97243, 46.87831
-31.87885, 46.95343
-31.78529, 47.02855
-31.69172, 47.10367
-31.59816, 47.1788
-31.5046, 47.25394
-31.41106, 47.32909
-31.31751, 47.40425
-31.22398, 47.47944
-31.13045, 47.55464
-31.03693, 47.62985
-30.94341, 47.70507
-30.84991, 47.78029
-30.75642, 47.85553
-30.66296, 47.93077
-30.56951, 48.00605
-30.47607, 48.08134
-30.38264, 48.15666
-30.28924, 48.23199
-30.19584, 48.30734
-30.10247, 48.38272
-30.00913, 48.45816
-29.91582, 48.53363
-29.82253, 48.60916
-29.72931, 48.68473
-29.63618, 48.76042
-29.56689, 48.81693
-29.56325, 48.81991
-29.56325, 48.81991
-29.56325, 48.81991
-29.56325, 48.81991
-29.56325, 48.81991
-29.56325, 48.81991
-29.56325, 48.81991
-29.56325, 48.81991
-29.56325, 48.81991
-29.5656, 48.82113
-29.63995, 48.85851
-29.74731, 48.91212
-29.85466, 48.96572
-29.96201, 49.01933
-30.06938, 49.07293
-30.17674, 49.12651
-30.28411, 49.1801
-30.39147, 49.23368
-30.49884, 49.28725
-30.60622, 49.34083
-30.7136, 49.3944
-30.82097, 49.44796
-30.92835, 49.50151
-31.03573, 49.55507
-31.14313, 49.60862
-31.25051, 49.66217
-31.3579, 49.71569
-31.4653, 49.76923
-31.5727, 49.82274
-31.68011, 49.87622
-31.78751, 49.92971
-31.89493, 49.98318
-32.00233, 50.03665
-32.10975, 50.09011
-32.21717, 50.14357
-32.32463, 50.19702
-32.43209, 50.25046
-32.53955, 50.30388
-32.64701, 50.3573
-32.75447, 50.4107
-32.86195, 50.46408
-32.96943, 50.51744
-33.07692, 50.57079
-33.18143, 50.62263
-33.21129, 50.63745
-33.21129, 50.63745
-33.21129, 50.63745
-33.21128, 50.63745
-33.21128, 50.63745
-33.21129, 50.63745
-33.21129, 50.63745
-33.21129, 50.63745
-33.21129, 50.63745
-33.21129, 50.63745
-33.21129, 50.63745
-33.21129, 50.63746
-33.21129, 50.63747
-33.21129, 50.63747
-33.21129, 50.63748
-33.21129, 50.63748
-33.21129, 50.63748
-33.21129, 50.63747
-33.21129, 50.63747
-33.21129, 50.63747
-33.21129, 50.63747
-33.21418, 50.63889
-33.29139, 50.67695
-33.39901, 50.73005
-33.50663, 50.78315
-33.61425, 50.83625
-33.72188, 50.88934
-33.8295, 50.94244
-33.93712, 50.99554
-34.04539, 51.049
-34.1531, 51.10225
-34.2607, 51.15538
-34.34091, 51.19489
-34.34514, 51.19696
-34.34514, 51.19696
-34.34514, 51.19696
-34.34514, 51.19696
-34.34514, 51.19696
-34.34514, 51.19696
-34.34514, 51.19696
-34.34514, 51.19696
-34.34514, 51.19696
-34.34514, 51.19696
-34.34514, 51.19696
-34.34514, 51.19696
-34.34514, 51.19696
-34.318, 51.1546
-34.25315, 51.05356
-34.18834, 50.95258
-34.12352, 50.85159
-34.05871, 50.75061
-34.03171, 50.70853
-34.03171, 50.70853
-34.03171, 50.70853
-34.03172, 50.70853
-34.03172, 50.70853
-34.03171, 50.70853
-34.03172, 50.70853
-34.03172, 50.70853
-34.03172, 50.70853
-34.03172, 50.70852
-34.03172, 50.70852
-34.03172, 50.70852
-34.03172, 50.70852
-34.03172, 50.70852
-34.03173, 50.70852
-34.03173, 50.70852
-34.03172, 50.70852
-34.03172, 50.70851
-34.03172, 50.70851
-34.02214, 50.69335
-33.96414, 50.60232
-33.89957, 50.50118
-33.835, 50.40004
-33.77044, 50.29889
-33.70587, 50.19775
-33.6413, 50.0966
-33.57673, 49.99546
-33.51215, 49.89432
-33.44759, 49.79319
-33.38301, 49.69205
-33.31844, 49.5909
-33.25386, 49.48976
-33.18927, 49.38861
-33.12468, 49.28746
-33.06009, 49.18632
-32.99549, 49.08519
-32.9309, 48.98405
-32.86631, 48.88293
-32.80171, 48.78181
-32.7371, 48.68069
-32.67248, 48.57957
-32.60785, 48.47845
-32.54321, 48.37733
-32.47857, 48.27621
-32.41393, 48.17509
-32.34929, 48.07397
-32.28465, 47.97285
-32.22, 47.87172
-32.15533, 47.77063
-32.09068, 47.66957
-32.02602, 47.56849
-31.96136, 47.46741
-31.89668, 47.36633
-31.83201, 47.26526
-31.76733, 47.16418
-31.70265, 47.06311
-31.63796, 46.96203
-31.57328, 46.86096
-31.50858, 46.75989
-31.44388, 46.65883
-31.37917, 46.55778
-31.31446, 46.45673
-31.24972, 46.35567
-31.18497, 46.25462
-31.12021, 46.15358
-31.05544, 46.05254
-30.99066, 45.95151
-30.92588, 45.85049
-30.86109, 45.74948
-30.79629, 45.64847
-30.73147, 45.54747
-30.66662, 45.44651
-30.60174, 45.34555
-30.53685, 45.2446
-30.47174, 45.1438
-30.40652, 45.04306
-30.34611, 44.94949
-30.33379, 44.93036
-30.33379, 44.93036
-30.3338, 44.93036
-30.3338, 44.93035
-30.33379, 44.93036
-30.33379, 44.93035
-30.33379, 44.93034
-30.33378, 44.93034
-30.33379, 44.93034
-30.33378, 44.93034
-30.33378, 44.93034
-30.33378, 44.93034
-30.33377, 44.93034
-30.33377, 44.93034
-30.33378, 44.93033
-30.33378, 44.93033
-30.33377, 44.93033
-30.33377, 44.93033
-30.33377, 44.93033
-30.33377, 44.93033
-30.32876, 44.92249
-30.323, 44.91348
-30.323, 44.91348
-30.323, 44.91348
-30.323, 44.91348
-30.323, 44.91348
-30.323, 44.91348
-30.323, 44.91348
-30.323, 44.91348
-30.323, 44.91348
-30.323, 44.91348
-30.323, 44.91348
-30.323, 44.91348
-30.323, 44.91348
-30.323, 44.91348
-30.323, 44.91348
-30.32829, 44.92855
-30.32962, 44.93235
-30.32963, 44.93235
-30.32963, 44.93235
-30.32963, 44.93234
-30.32963, 44.93234
-30.32963, 44.93234
-30.32963, 44.93234
-30.32963, 44.93234
-30.32963, 44.93234
-30.32964, 44.93235
-30.32964, 44.93235
-30.32964, 44.93235
-30.32964, 44.93235
-30.32964, 44.93235
-30.32964, 44.93235
-30.32964, 44.93235
-30.32965, 44.93235
-30.32964, 44.93236
-30.32964, 44.93236
-30.32964, 44.93236
-30.32964, 44.93236
-30.32964, 44.93236
-30.32964, 44.93236
-30.32964, 44.93236
-30.32964, 44.93236
-30.32964, 44.93236
-30.32964, 44.93236
-30.32964, 44.93236
-30.32964, 44.93236
-30.33322, 44.94257
-30.36682, 45.03849
-30.40649, 45.15174
-30.44615, 45.265
-30.48583, 45.37825
-30.52552, 45.4915
-30.56522, 45.60475
-30.60489, 45.718
-30.64452, 45.83137
-30.68401, 45.94468
-30.7235, 46.05798
-30.76301, 46.17128
-30.80254, 46.28457
-30.84209, 46.39787
-30.88166, 46.51116
-30.92126, 46.62445
-30.96088, 46.73772
-31.00051, 46.85098
-31.04018, 46.96423
-31.07989, 47.07748
-31.11964, 47.19069
-31.15946, 47.30389
-31.19935, 47.41705
-31.23568, 47.51975
-31.24166, 47.53659
-31.24166, 47.53659
-31.24166, 47.53659
-31.25955, 47.54644
-31.35644, 47.5994
-31.46178, 47.65688
-31.56712, 47.71436
-31.67246, 47.77184
-31.77781, 47.82931
-31.88315, 47.88678
-31.9885, 47.94425
-32.09385, 48.00172
-32.1992, 48.05919
-32.30455, 48.11665
-32.40991, 48.17412
-32.51526, 48.23158
-32.62062, 48.28903
-32.72597, 48.34648
-32.8284, 48.40233
-32.85766, 48.41829
-32.85766, 48.41829
-32.85766, 48.41829
-32.85766, 48.41829
-32.85766, 48.41829
-32.85766, 48.41829
-32.85766, 48.41829
-32.85767, 48.41829
-32.85767, 48.41829
-32.85767, 48.41829
-32.85766, 48.41829
-32.85766, 48.41829
-32.85766, 48.41829
-32.85766, 48.41829
-32.85766, 48.41829
-32.85766, 48.41828
-32.85766, 48.41828
-32.85766, 48.41828
-32.89878, 48.44066
-33.00365, 48.49771
-33.10907, 48.55506
-33.21449, 48.61243
-33.3199, 48.66978
-33.42533, 48.72714
-33.53075, 48.7845
-33.63617, 48.84186
-33.7416, 48.89922
-33.84702, 48.95657
-33.95244, 49.01393
-34.05787, 49.07129
-34.16329, 49.12865
-34.26871, 49.18599
-34.37414, 49.24335
-34.47956, 49.3007
-34.58498, 49.35806
-34.6904, 49.41542
-34.79588, 49.47282
-34.90133, 49.53044
-35.00659, 49.58806
-35.11185, 49.64566
-35.21713, 49.70324
-35.32242, 49.76079
-35.42773, 49.81833
-35.53306, 49.87581
-35.6384, 49.93328
-35.74376, 49.99071
-35.84914, 50.04808
-35.95456, 50.10542
-36.06, 50.16269
-36.16548, 50.21991
-36.27101, 50.27704
-36.37661, 50.33404
-36.46425, 50.38112
-36.47261, 50.3856
-36.47261, 50.3856
-36.47261, 50.3856
-36.47261, 50.3856
-36.47261, 50.3856
-36.47261, 50.3856
-36.47261, 50.3856
-36.47261, 50.3856
-36.47261, 50.3856
-36.47261, 50.3856
-36.4695, 50.38741
-36.39333, 50.43152
-36.28944, 50.49158
-36.18555, 50.55164
-36.08165, 50.6117
-35.97776, 50.67176
-35.87388, 50.73182
-35.77001, 50.79187
-35.66614, 50.85195
-35.56227, 50.91203
-35.46129, 50.97044
-35.43244, 50.98713
-35.43244, 50.98713
-35.43244, 50.98714
-35.43244, 50.98714
-35.43244, 50.98714
-35.43245, 50.98714
-35.43244, 50.98714
-35.43245, 50.98715
-35.43245, 50.98715
-35.43245, 50.98715
-35.43245, 50.98715
-35.43245, 50.98714
-35.43245, 50.98714
-35.43246, 50.98714
-35.43246, 50.98715
-35.43246, 50.98714
-35.43245, 50.98714
-35.43245, 50.98714
-35.43245, 50.98714
-35.43246, 50.98714
-35.43246, 50.98714
-35.43246, 50.98713
-35.43246, 50.98713
-35.43246, 50.98713
-35.43246, 50.98712
-35.43246, 50.98712
-35.43246, 50.98712
-35.43246, 50.98713
-35.43246, 50.98713
-35.43246, 50.98713
-35.37522, 51.02005
-35.27149, 51.08034
-35.16776, 51.14064
-35.06403, 51.20092
-34.9603, 51.26121
-34.85658, 51.32151
-34.75285, 51.3818
-34.64912, 51.44209
-34.54539, 51.50238
-34.44166, 51.56267
-34.33793, 51.62296
-34.2342, 51.68326
-34.13047, 51.74355
-34.02674, 51.80384
-33.92301, 51.86413
-33.81928, 51.92442
-33.71555, 51.98471
-33.61182, 52.04499
-33.50809, 52.10528
-33.40436, 52.16556
-33.30043, 52.22596
-33.19655, 52.28647
-33.09288, 52.34689
-32.9892, 52.40732
-32.88552, 52.46772
-32.78183, 52.52811
-32.67811, 52.58849
-32.57439, 52.64885
-32.47067, 52.70919
-32.36694, 52.76951
-32.26318, 52.8298
-32.15941, 52.89007
-32.05562, 52.95031
-31.95183, 53.01051
-31.84799, 53.07068
-31.74412, 53.13078
-31.67005, 53.17352
-31.66766, 53.17489
-31.66766, 53.17489
-31.66766, 53.17489
-31.66766, 53.17489
-31.66766, 53.17489
-31.66766, 53.17489
-31.66766, 53.17489
-31.66766, 53.17489
-31.66766, 53.17489
-31.66766, 53.17489
-31.66766, 53.17489
-31.66766, 53.17489
-31.66766, 53.17489
-31.66766, 53.17489
-31.66766, 53.17489
-31.70756, 53.14334
-31.80221, 53.06929
-31.89675, 52.9954
-31.99129, 52.92151
-32.08585, 52.84761
-32.18039, 52.77371
-32.27495, 52.6998
-32.3695, 52.62591
-32.46406, 52.55202
-32.55864, 52.47815
-32.6532, 52.40428
-32.74776, 52.33039
-32.84233, 52.25652
-32.9369, 52.18264
-33.03149, 52.10878
-33.12608, 52.03495
-33.22067, 51.96111
-33.31529, 51.88729
-33.40715, 51.81566
-33.43274, 51.7957
-33.43274, 51.7957
-33.43274, 51.7957
-33.43274, 51.7957
-33.43274, 51.7957
-33.43274, 51.7957
-33.43274, 51.7957
-33.43274, 51.7957
-33.43274, 51.7957
-33.43274, 51.7957
-33.43274, 51.7957
-33.42975, 51.79504
-33.34633, 51.77739
-33.22888, 51.75282
-33.11143, 51.72827
-32.99398, 51.70372
-32.87654, 51.67915
-32.75909, 51.65457
-32.64164, 51.62999
-32.52418, 51.60541
-32.40673, 51.58083
-32.28928, 51.55624
-32.17183, 51.53167
-32.05439, 51.50708
-31.93694, 51.4825
-31.81949, 51.45791
-31.70204, 51.43332
-31.5846, 51.40872
-31.47694, 51.38618
-31.45736, 51.38208
-31.45737, 51.38208
-31.45737, 51.38209
-31.45737, 51.3821
-31.45737, 51.38211
-31.45737, 51.38211
-31.45737, 51.38211
-31.45736, 51.38211
-31.45736, 51.38211
-31.45737, 51.38211
-31.45736, 51.38211
-31.45736, 51.38211
-31.45737, 51.38211
-31.45737, 51.38211
-31.45737, 51.38211
-31.45737, 51.38211
-31.45737, 51.38211
-31.45737, 51.38211
-31.45737, 51.38211
-31.45737, 51.38211
-31.44801, 51.38012
-31.351, 51.35971
-31.23356, 51.33505
-31.11612, 51.31038
-30.99868, 51.28572
-30.88124, 51.26105
-30.7638, 51.23639
-30.64636, 51.2117
-30.52892, 51.18703
-30.41148, 51.16235
-30.29404, 51.13769
-30.17657, 51.11313
-30.05911, 51.08859
-29.94164, 51.06404
-29.82418, 51.03949
-29.70673, 51.01492
-29.58927, 50.99033
-29.47182, 50.96572
-29.35438, 50.94111
-29.23694, 50.91647
-29.11949, 50.89179
-29.00206, 50.86708
-28.88462, 50.84235
-28.7672, 50.81757
-28.64979, 50.79274
-28.53543, 50.76844
-28.50156, 50.76121
-28.50156, 50.76121
-28.50156, 50.76121
-28.50156, 50.76121
-28.50156, 50.76121
-28.50156, 50.76121
-28.50156, 50.76121
-28.50156, 50.76121
-28.50156, 50.76121
-28.50156, 50.76121
-28.50156, 50.76121
-28.50156, 50.76122
-28.50155, 50.76122
-28.50155, 50.76122
-28.50155, 50.76122
-28.50155, 50.76123
-28.50155, 50.76123
-28.50155, 50.76122
-28.50155, 50.76122
-28.50155, 50.76123
-28.50155, 50.76123
-28.50154, 50.76123
-28.50154, 50.76122
-28.50154, 50.76122
-28.50154, 50.76123
-28.50154, 50.76123
-28.50154, 50.76123
-28.50154, 50.76123
-28.50154, 50.76123
-28.50154, 50.76123
-28.50154, 50.76123
-28.50154, 50.76123
-28.50154, 50.76123
-28.50154, 50.76123
-28.50154, 50.76123
-28.52897, 50.70134
-28.57857, 50.59208
-28.62816, 50.48281
-28.67776, 50.37355
-28.72737, 50.26428
-28.77699, 50.155
-28.8266, 50.04573
-28.87622, 49.93647
-28.92584, 49.82722
-28.97547, 49.71797
-29.02511, 49.60873
-29.07477, 49.49948
-29.12443, 49.39024
-29.1741, 49.28099
-29.22378, 49.17174
-29.27345, 49.0625
-29.32314, 48.95325
-29.37283, 48.84402
-29.42252, 48.7348
-29.47223, 48.62557
-29.52194, 48.51635
-29.57166, 48.40713
-29.62138, 48.2979
-29.67111, 48.18869
-29.72087, 48.07949
-29.77065, 47.97031
-29.82043, 47.86113
-29.87023, 47.75195
-29.92008, 47.64279
-29.96996, 47.53365
-30.01985, 47.4245
-30.06975, 47.31537
-30.11966, 47.20624
-30.16958, 47.09711
-30.21953, 46.988
-30.2695, 46.87889
-30.31949, 46.76979
-30.36952, 46.66072
-30.41959, 46.55167
-30.46972, 46.44264
-30.51634, 46.34149
-30.52588, 46.32083
-30.52588, 46.32083
-30.52588, 46.32083
-30.52588, 46.32083
-30.52588, 46.32083
-30.52588, 46.32083
-30.52588, 46.32083
-30.52588, 46.32083
-30.52334, 46.32008
-30.44354, 46.29643
-30.32852, 46.26224
-30.2135, 46.22806
-30.09848, 46.19389
-29.98345, 46.15971
-29.86842, 46.12553
-29.7534, 46.09136
-29.70151, 46.07594
-29.70151, 46.07595
-29.70151, 46.07595
-29.70151, 46.07595
-29.70151, 46.07594
-29.70151, 46.07594
-29.70151, 46.07594
-29.70151, 46.07594
-29.70151, 46.07594
-29.70151, 46.07594
-29.7015, 46.07595
-29.7015, 46.07594
-29.70149, 46.07594
-29.70149, 46.07593
-29.70149, 46.07593
-29.70149, 46.07593
-29.70149, 46.07593
-29.70149, 46.07593
-29.70149, 46.07593
-29.70149, 46.07593
-29.70149, 46.07592
-29.70149, 46.07592
-29.70149, 46.07592
-29.70149, 46.07592
-29.65681, 46.06279
-29.54231, 46.02927
-29.42715, 45.99558
-29.31198, 45.96189
-29.19682, 45.9282
-29.08165, 45.8945
-28.96648, 45.86078
-28.85131, 45.82706
-28.73615, 45.79335
-28.62098, 45.75963
-28.50581, 45.72591
-28.39064, 45.69218
-28.27549, 45.65844
-28.16034, 45.62469
-28.04519, 45.59096
-27.93004, 45.55722
-27.81489, 45.52347
-27.69974, 45.4897
-27.58459, 45.45594
-27.46945, 45.42218
-27.35431, 45.38841
-27.23918, 45.3546
-27.12404, 45.3208
-27.00891, 45.28699
-26.89377, 45.25319
-26.77863, 45.21936
-26.6635, 45.18552
-26.54837, 45.15169
-26.43324, 45.11785
-26.31812, 45.084
-26.20299, 45.05014
-26.08787, 45.01628
-25.97274, 44.98239
-25.85763, 44.9485
-25.74251, 44.9146
-25.6274, 44.88068
-25.51228, 44.84676
-25.39718, 44.81282
-25.28209, 44.77887
-25.16699, 44.74492
-25.0519, 44.71094
-24.93682, 44.67694
-24.82174, 44.64293
-24.70666, 44.6089
-24.59159, 44.57486
-24.47652, 44.54079
-24.36146, 44.50671
-24.2464, 44.4726
-24.13135, 44.43846
-24.01632, 44.4043
-23.90129, 44.3701
-23.78628, 44.33585
-23.67127, 44.30156
-23.55629, 44.26721
-23.44133, 44.23278
-23.32642, 44.19822
-23.25612, 44.17696
-23.25546, 44.17676
-23.25546, 44.17676
-23.25546, 44.17676
-23.25546, 44.17676
-23.25546, 44.17676
-23.25546, 44.17676
-23.25546, 44.17676
-23.25546, 44.17676
-23.25546, 44.17676
-23.25546, 44.17676
-23.25546, 44.17676
-23.25546, 44.17676
-23.25546, 44.17676
-23.25751, 44.17842
-23.32208, 44.23094
-23.4151, 44.30672
-23.50813, 44.3825
-23.60117, 44.45828
-23.69421, 44.53405
-23.78725, 44.60983
-23.88029, 44.68561
-23.97333, 44.76139
-24.06638, 44.83717
-24.15943, 44.91295
-24.25248, 44.98871
-24.34554, 45.06447
-24.43859, 45.14022
-24.53165, 45.21598
-24.62472, 45.29173
-24.71778, 45.36749
-24.81085, 45.44325
-24.90392, 45.51899
-24.997, 45.59473
-25.09008, 45.67047
-25.18316, 45.7462
-25.27625, 45.82194
-25.36935, 45.89768
-25.46245, 45.9734
-25.55555, 46.0491
-25.64866, 46.12481
-25.74177, 46.20051
-25.83488, 46.27621
-25.928, 46.35191
-26.02112, 46.42759
-26.11424, 46.50325
-26.20738, 46.57892
-26.30051, 46.65459
-26.39364, 46.73026
-26.48679, 46.80591
-26.57995, 46.88156
-26.67311, 46.9572
-26.76628, 47.03285
-26.85945, 47.10847
-26.95263, 47.1841
-27.04581, 47.25972
-27.13641, 47.33323
-27.16229, 47.35423
-27.16229, 47.35423
-27.16229, 47.35424
-27.16229, 47.35424
-27.16229, 47.35424
-27.16229, 47.35424
-27.16229, 47.35424
-27.16229, 47.35424
-27.16229, 47.35424
-27.16229, 47.35423
-27.16229, 47.35423
-27.16229, 47.35423
-27.16229, 47.35423
-27.16229, 47.35423
-27.16229, 47.35423
-27.16229, 47.35423
-27.16229, 47.35423
-27.16229, 47.35423
-27.16229, 47.35423
-27.16229, 47.35423
-27.16229, 47.35423
-27.17751, 47.36649
-27.26274, 47.43528
-27.35608, 47.51068
-27.44943, 47.58608
-27.54278, 47.66147
-27.63613, 47.73687
-27.72948, 47.81226
-27.82282, 47.88766
-27.91617, 47.96306
-28.0101, 48.03906
-28.1033, 48.11464
-28.19651, 48.1902
-28.28974, 48.26575
-28.38298, 48.34128
-28.47624, 48.41681
-28.56952, 48.49229
-28.66282, 48.56775
-28.75616, 48.64317
-28.84952, 48.71856
-28.94292, 48.7939
-29.03637, 48.86917
-29.1299, 48.94434
-29.19968, 49.00026
-29.20336, 49.00319
-29.20336, 49.00319
-29.20336, 49.00319
-29.20336, 49.00319
-29.20336, 49.00319
-29.20336, 49.00319
-29.20336, 49.00319
-29.20336, 49.00319
-29.20336, 49.00319
-29.20336, 49.00319
-29.20336, 49.00319
-29.20336, 49.00319
-29.20337, 49.00319
-29.20337, 49.00318
-29.20337, 49.00319
-29.20337, 49.00319
-29.20337, 49.0032
-29.20337, 49.0032
-29.20337, 49.00321
-29.20337, 49.0032
-29.20337, 49.0032
-29.20337, 49.0032
-29.20337, 49.0032
-29.20337, 49.0032
-29.20338, 49.0032
-29.20338, 49.0032
-29.20338, 49.0032
-29.20338, 49.0032
-29.20338, 49.0032
-29.20338, 49.0032
-29.20338, 49.0032
-29.20338, 49.0032
-29.13592, 49.00455
-29.01595, 49.00714
-28.89599, 49.00974
-28.77602, 49.01233
-28.65605, 49.01492
-28.53609, 49.01751
-28.41612, 49.02012
-28.29616, 49.02271
-28.17619, 49.02531
-28.05622, 49.0279
-27.93625, 49.03049
-27.81622, 49.03308
-27.6959, 49.03555
-27.57593, 49.03795
-27.45596, 49.0404
-27.336, 49.04289
-27.21603, 49.04544
-27.09606, 49.0481
-26.9761, 49.05086
-26.88671, 49.05308
-26.882, 49.0532
-26.882, 49.0532
-26.882, 49.0532
-26.882, 49.0532
-26.87723, 49.04602
-26.82398, 48.96465
-26.75843, 48.86415
-26.69288, 48.76364
-26.62734, 48.66313
-26.5618, 48.5626
-26.49627, 48.46208
-26.43075, 48.36155
-26.36525, 48.26103
-26.29974, 48.1605
-26.23425, 48.05996
-26.16875, 47.95939
-26.10326, 47.85882
-26.03778, 47.75825
-25.97231, 47.65768
-25.91155, 47.56433
-25.89915, 47.54526
-25.89915, 47.54526
-25.89915, 47.54526
-25.89915, 47.54527
-25.89914, 47.54526
-25.89914, 47.54526
-25.89914, 47.54526
-25.89914, 47.54526
-25.89914, 47.54526
-25.89913, 47.54526
-25.89914, 47.54526
-25.89914, 47.54527
-25.89913, 47.54526
-25.89913, 47.54527
-25.89913, 47.54527
-25.89913, 47.54526
-25.89913, 47.54526
-25.89913, 47.54526
-25.89913, 47.54526
-25.89913, 47.54527
-25.89433, 47.53783
-25.84124, 47.4558
-25.776, 47.35508
-25.71075, 47.25436
-25.64552, 47.15364
-25.58028, 47.05292
-25.51504, 46.95219
-25.4498, 46.85147
-25.38456, 46.75075
-25.31932, 46.65002
-25.25408, 46.5493
-25.18883, 46.44859
-25.1236, 46.34787
-25.05836, 46.24714
-24.99314, 46.14641
-24.92788, 46.04564
-24.8627, 45.94473
-24.79764, 45.8439
-24.73255, 45.74309
-24.6674, 45.64231
-24.60221, 45.54156
-24.53694, 45.44086
-24.47157, 45.34023
-24.42274, 45.26532
-24.42017, 45.26138
-24.42017, 45.26138
-24.42017, 45.26138
-24.42017, 45.26138
-24.42017, 45.26138
-24.40157, 45.26459
-24.29432, 45.28337
-24.17615, 45.30414
-24.05797, 45.3249
-23.93978, 45.34565
-23.82159, 45.36639
-23.70339, 45.38712
-23.5852, 45.40782
-23.467, 45.42852
-23.3488, 45.4492
-23.2306, 45.46984
-23.11239, 45.49045
-22.9942, 45.51105
-22.87602, 45.53166
-22.75779, 45.55226
-22.63956, 45.5728
-22.52132, 45.5933
-22.40306, 45.6137
-22.28479, 45.63401
-22.1665, 45.65419
-22.08019, 45.66876
-22.07648, 45.66938
-22.07648, 45.66938
-22.07649, 45.66939
-22.07649, 45.66939
-22.07649, 45.6694
-22.07649, 45.6694
-22.07648, 45.6694
-22.07648, 45.6694
-22.07648, 45.6694
-22.07648, 45.66941
-22.07648, 45.66941
-22.07648, 45.66941
-22.07648, 45.66941
-22.07648, 45.66941
-22.07648, 45.66941
-22.07648, 45.66941
-22.07647, 45.66941
-22.07647, 45.66941
-22.07647, 45.66941
-22.07647, 45.66941
-22.07647, 45.66941
-22.07647, 45.66941
-22.07647, 45.66941
-22.07647, 45.66941
-22.07647, 45.66941
-22.07647, 45.66941
-22.07647, 45.66941
-22.10871, 45.60983
-22.16558, 45.50416
-22.22244, 45.39848
-22.27931, 45.29281
-22.33619, 45.18713
-22.39309, 45.08147
-22.44999, 44.97581
-22.5069, 44.87016
-22.56381, 44.76451
-22.62074, 44.65886
-22.67768, 44.55321
-22.73463, 44.44761
-22.79158, 44.342
-22.84855, 44.23639
-22.90554, 44.13081
-22.96255, 44.02522
-23.01956, 43.91964
-23.07659, 43.81406
-23.13363, 43.7085
-23.19069, 43.60294
-23.24778, 43.49738
-23.30489, 43.39184
-23.36201, 43.2863
-23.41916, 43.18079
-23.46044, 43.10458
-23.46203, 43.10165
-23.46203, 43.10165
-23.46203, 43.10166
-23.46203, 43.10166
-23.46203, 43.10166
-23.46203, 43.10167
-23.46203, 43.10167
-23.46203, 43.10166
-23.46203, 43.10166
-23.46203, 43.10166
-23.46203, 43.10167
-23.46203, 43.10167
-23.46203, 43.10167
-23.46204, 43.10167
-23.46204, 43.10167
-23.46204, 43.10167
-23.46204, 43.10167
-23.46204, 43.10167
-23.46204, 43.10167
-23.46204, 43.10167
-23.46204, 43.10167
-23.46205, 43.10167
-23.46204, 43.10167
-23.46652, 43.09346
-23.51378, 43.00679
-23.57121, 42.90143
-23.62865, 42.79607
-23.68609, 42.69072
-23.74353, 42.58536
-23.80097, 42.48001
-23.85841, 42.37465
-23.90672, 42.28602
-23.91197, 42.27639
-23.91197, 42.27639
-23.91197, 42.27639
-23.91197, 42.27639
-23.91197, 42.27639
-23.91197, 42.27639
-23.91197, 42.27639
-23.91197, 42.27639
-23.8838, 42.26448
-23.77747, 42.21994
-23.66676, 42.17366
-23.55605, 42.12738
-23.44534, 42.0811
-23.33463, 42.03482
-23.22393, 41.98853
-23.11323, 41.94221
-23.00253, 41.89589
-22.89183, 41.84955
-22.78113, 41.80323
-22.67043, 41.7569
-22.55974, 41.71056
-22.44904, 41.66421
-22.33835, 41.61786
-22.22767, 41.57151
-22.11698, 41.52515
-22.00629, 41.47878
-21.89561, 41.4324
-21.78493, 41.38601
-21.67427, 41.33964
-21.56361, 41.29325
-21.45294, 41.24685
-21.34228, 41.20045
-21.23163, 41.15403
-21.12098, 41.10759
-21.01032, 41.06115
-20.89967, 41.01469
-20.81977, 40.98114
-20.8167, 40.97984
-20.8167, 40.97984
-20.8167, 40.97984
-20.8167, 40.97984
-20.8167, 40.97984
-20.81669, 40.97985
-20.8167, 40.97984
-20.8167, 40.97984
-20.81669, 40.97985
-20.81669, 40.97985
-20.81669, 40.97985
-20.81669, 40.97985
-20.81669, 40.97985
-20.81669, 40.97985
-20.81669, 40.97984
-20.81669, 40.97985
-20.81669, 40.97984
-20.81669, 40.97984
-20.81669, 40.97984
-20.75402, 40.95336
-20.64348, 40.90666
-20.53293, 40.85997
-20.42238, 40.81327
-20.31183, 40.76658
-20.20128, 40.71989
-20.09073, 40.67319
-19.98019, 40.6265
-19.86964, 40.57981
-19.75908, 40.53314
-19.64853, 40.48645
-19.538, 40.43974
-19.42747, 40.39303
-19.31694, 40.34631
-19.20642, 40.2996
-19.09587, 40.25291
-18.98533, 40.20621
-18.8748, 40.15951
-18.76425, 40.11281
-18.6537, 40.06614
-18.54315, 40.01945
-18.43259, 39.97277
-18.35154, 39.93856
-18.34786, 39.93701
-18.34786, 39.93701
-18.34786, 39.93701
-18.34786, 39.93701
-18.34786, 39.93701
-18.34786, 39.93701
-18.3496, 39.92856
-18.36898, 39.83327
-18.39283, 39.71567
-18.41668, 39.59807
-18.44053, 39.48047
-18.4644, 39.36287
-18.48839, 39.24548
-18.51265, 39.12794
-18.5369, 39.01041
-18.56116, 38.89288
-18.5854, 38.77535
-18.60964, 38.65782
-18.63388, 38.54029
-18.65811, 38.42275
-18.68234, 38.30522
-18.70656, 38.18769
-18.73078, 38.07016
-18.75499, 37.95263
-18.7792, 37.8351
-18.80339, 37.71757
-18.82759, 37.60004
-18.85176, 37.48251
-18.87593, 37.36497
-18.89354, 37.27934
-18.89429, 37.2757
-18.89429, 37.27571
-18.89429, 37.2757
-18.89429, 37.2757
-18.89429, 37.2757
-18.89429, 37.2757
-18.89429, 37.2757
-18.89429, 37.2757
-18.89429, 37.2757
-18.89428, 37.2757
-18.89428, 37.2757
-18.89428, 37.2757
-18.89428, 37.2757
-18.89429, 37.2757
-18.89428, 37.27571
-18.89428, 37.2757
-18.89429, 37.2757
-18.89429, 37.2757
-18.89429, 37.2757
-18.89429, 37.2757
-18.89429, 37.2757
-18.9009, 37.24335
-18.92423, 37.12919
-18.94826, 37.01161
-18.97228, 36.89404
-18.99632, 36.77646
-19.02035, 36.65889
-19.04439, 36.54131
-19.06843, 36.42373
-19.09247, 36.30615
-19.11648, 36.18858
-19.14049, 36.071
-19.16451, 35.95343
-19.18856, 35.83585
-19.21262, 35.71827
-19.23665, 35.60069
-19.26068, 35.48312
-19.28472, 35.36554
-19.30679, 35.25761
-19.31087, 35.23771
-19.31087, 35.23771
-19.30473, 35.22037
-19.26794, 35.1184
-19.22706, 35.00556
-19.18618, 34.89272
-19.14528, 34.77987
-19.10438, 34.66704
-19.06347, 34.55424
-19.02255, 34.44144
-18.98163, 34.32864
-18.9407, 34.21585
-18.89974, 34.10298
-18.85877, 33.99011
-18.8178, 33.87732
-18.77683, 33.76451
-18.73585, 33.65171
-18.69485, 33.53891
-18.65386, 33.42612
-18.61286, 33.31334
-18.57184, 33.20056
-18.5308, 33.08779
-18.48976, 32.97501
-18.44871, 32.86224
-18.40764, 32.74947
-18.36654, 32.63671
-18.32544, 32.52398
-18.28432, 32.41124
-18.24318, 32.29852
-18.20202, 32.18578
-18.16084, 32.07307
-18.11964, 31.96036
-18.0784, 31.84766
-18.03829, 31.7381
-18.02683, 31.70679
-18.02683, 31.70679
-18.02683, 31.70679
-18.02683, 31.70679
-18.02684, 31.70679
-18.02684, 31.70679
-18.02684, 31.70679
-18.02684, 31.70679
-18.02684, 31.70678
-18.02684, 31.70679
-18.02684, 31.70679
-18.02684, 31.70678
-18.02684, 31.70677
-18.02684, 31.70677
-18.02684, 31.70677
-18.02684, 31.70677
-18.02684, 31.70677
-18.02684, 31.70677
-18.02684, 31.70676
-18.00916, 31.65881
-17.96755, 31.54602
-17.92601, 31.43345
-17.88448, 31.32087
-17.84295, 31.20828
-17.80752, 31.11266
-17.76988, 31.02812
-17.71992, 30.91903
-17.66995, 30.80992
-17.62, 30.70081
-17.57005, 30.59171
-17.5201, 30.4826
-17.47017, 30.3735
-17.42024, 30.26438
-17.37031, 30.15527
-17.32039, 30.04615
-17.27047, 29.93702
-17.22056, 29.82789
-17.17066, 29.71876
-17.12075, 29.60962
-17.07085, 29.50049
-17.02096, 29.39135
-16.97108, 29.28221
-16.9212, 29.17307
-16.87133, 29.06392
-16.82147, 28.95477
-16.77161, 28.84562
-16.72176, 28.73647
-16.67192, 28.62731
-16.62208, 28.51816
-16.57225, 28.40899
-16.52243, 28.29982
-16.47263, 28.19066
-16.42283, 28.08149
-16.37303, 27.9723
-16.32325, 27.86311
-16.27348, 27.75391
-16.22373, 27.64471
-16.17398, 27.53551
-16.12424, 27.42631
-16.07452, 27.31709
-16.02482, 27.20788
-15.97513, 27.09866
-15.92546, 26.98943
-15.8758, 26.88018
-15.82616, 26.77093
-15.77653, 26.66167
-15.72693, 26.5524
-15.67735, 26.44312
-15.62781, 26.33382
-15.57829, 26.22451
-15.52882, 26.11519
-15.47939, 26.00584
-15.43, 25.89647
-15.3807, 25.78707
-15.33151, 25.67762
-15.29498, 25.596
-15.29306, 25.5917
-15.29306, 25.5917
-15.29306, 25.5917
-15.29306, 25.5917
-15.29306, 25.5917
-15.29306, 25.5917
-15.29306, 25.5917
-15.29306, 25.5917
-15.29306, 25.5917
-15.29306, 25.5917
-15.29306, 25.59169
-15.29306, 25.59169
-15.29306, 25.59169
-15.29306, 25.59169
-15.29306, 25.59169
-15.29306, 25.59169
-15.29306, 25.59169
-15.29306, 25.59169
-15.29306, 25.59168
-15.29306, 25.59168
-15.29307, 25.59168
-15.29307, 25.59168
-15.29307, 25.59168
-15.29307, 25.59167
-15.29307, 25.59167
-15.29307, 25.59167
-15.29307, 25.59167
-15.29307, 25.59167
-15.29541, 25.62262
-15.3035, 25.73784
-15.31182, 25.85755
-15.32013, 25.97726
-15.32843, 26.09696
-15.33674, 26.21667
-15.34504, 26.33653
-15.35329, 26.45628
-15.36152, 26.57599
-15.36976, 26.69571
-15.37799, 26.81543
-15.38623, 26.93515
-15.39447, 27.05487
-15.40272, 27.17458
-15.41097, 27.2943
-15.41922, 27.41402
-15.42748, 27.53374
-15.43573, 27.65346
-15.44399, 27.77318
-15.45225, 27.8929
-15.46051, 28.01262
-15.46877, 28.13234
-15.47704, 28.25205
-15.4853, 28.37177
-15.49013, 28.44161
-15.49013, 28.44161
-15.49013, 28.4416
-15.49013, 28.4416
-15.49013, 28.4416
-15.49013, 28.4416
-15.49013, 28.4416
-15.49013, 28.4416
-15.49013, 28.4416
-15.49013, 28.44159
-15.49014, 28.44159
-15.49014, 28.44159
-15.49014, 28.44159
-15.49014, 28.44159
-15.49014, 28.44159
-15.49014, 28.44158
-15.49014, 28.44158
-15.49014, 28.44158
-15.49014, 28.44158
-15.49014, 28.44157
-15.49014, 28.44158
-15.49014, 28.44157
-15.49014, 28.44157
-15.49014, 28.44157
-15.49014, 28.44157
-15.49014, 28.44156
-15.49014, 28.44156
-15.49014, 28.44156
-15.49014, 28.44156
-15.49014, 28.44156
-15.49014, 28.44156
-15.49014, 28.44156
-15.49014, 28.44155
-15.49231, 28.4728
-15.50036, 28.58819
-15.50872, 28.7079
-15.51708, 28.82761
-15.52544, 28.94731
-15.5338, 29.06702
-15.54216, 29.18673
-15.55052, 29.30643
-15.55888, 29.42614
-15.56723, 29.54585
-15.57558, 29.66556
-15.58392, 29.78527
-15.59228, 29.90497
-15.60064, 30.02468
-15.609, 30.14439
-15.61736, 30.2641
-15.62572, 30.3838
-15.63408, 30.50351
-15.64243, 30.62322
-15.65078, 30.74293
-15.65914, 30.86264
-15.6675, 30.98235
-15.67585, 31.10205
-15.6842, 31.22176
-15.69256, 31.34147
-15.70091, 31.46118
-15.70796, 31.56244
-15.71525, 31.60381
-15.73984, 31.71645
-15.76546, 31.83368
-15.79107, 31.95091
-15.81668, 32.06815
-15.84227, 32.18538
-15.86784, 32.30261
-15.89341, 32.41985
-15.91897, 32.53711
-15.94451, 32.65436
-15.97003, 32.77162
-15.98491, 32.84002
-15.98491, 32.84002
-15.98491, 32.84002
-15.98491, 32.84002
-15.98491, 32.84002
-15.98491, 32.84002
-15.98491, 32.84002
-15.98492, 32.84002
-15.98492, 32.84002
-15.98492, 32.84002
-15.98492, 32.84002
-15.98492, 32.84001
-15.98492, 32.84002
-15.98492, 32.84002
-15.98492, 32.84002
-15.98492, 32.84002
-15.98492, 32.84002
-15.98491, 32.84002
-15.98491, 32.84002
-15.99186, 32.87225
-16.01637, 32.98611
-16.04163, 33.10341
-16.06688, 33.22071
-16.09215, 33.338
-16.11741, 33.4553
-16.14267, 33.57261
-16.16793, 33.68989
-16.19318, 33.80719
-16.21839, 33.9249
-16.24337, 34.04226
-16.26842, 34.15962
-16.29355, 34.27695
-16.31879, 34.39426
-16.34421, 34.51154
-16.3543, 34.55774
-16.3543, 34.55774
-16.3543, 34.55774
-16.3543, 34.55774
-16.3543, 34.55774
-16.3543, 34.55774
-16.3543, 34.55774
-16.3543, 34.55774
-16.3543, 34.55774
-16.3543, 34.55774
-16.3543, 34.55774
-16.3543, 34.55774
-16.3543, 34.55774
-16.3543, 34.55774
-16.32291, 34.51864
-16.24813, 34.42476
-16.17339, 34.33087
-16.10489, 34.24481
-16.09244, 34.22916
-16.09244, 34.22916
-16.09244, 34.22916
-16.09244, 34.22916
-16.09244, 34.22916
-16.09244, 34.22916
-16.09244, 34.22916
-16.09244, 34.22916
-16.09244, 34.22916
-16.09244, 34.22916
-16.09244, 34.22916
-16.09244, 34.22916
-16.09245, 34.22916
-16.09245, 34.22916
-16.09245, 34.22916
-16.09245, 34.22915
-16.09245, 34.22915
-16.09245, 34.22916
-16.09245, 34.22916
-16.09246, 34.22916
-16.08674, 34.22194
-16.02559, 34.14483
-15.95103, 34.0508
-15.87638, 33.95666
-15.80172, 33.86233
-15.72727, 33.76823
-15.65281, 33.67411
-15.57833, 33.58001
-15.50386, 33.48591
-15.42937, 33.39184
-15.35487, 33.29777
-15.28036, 33.2037
-15.20584, 33.10965
-15.13131, 33.0156
-15.05675, 32.92157
-14.98217, 32.82757
-14.90757, 32.73358
-14.83293, 32.63961
-14.75825, 32.54568
-14.68514, 32.45388
-14.66221, 32.42514
-14.66221, 32.42513
-14.6622, 32.42513
-14.6622, 32.42513
-14.66221, 32.42513
-14.6622, 32.42513
-14.6622, 32.42513
-14.6622, 32.42513
-14.6622, 32.42513
-14.6622, 32.42513
-14.6622, 32.42513
-14.6622, 32.42513
-14.6622, 32.42513
-14.6622, 32.42513
-14.6622, 32.42512
-14.6622, 32.42512
-14.6622, 32.42512
-14.6622, 32.42512
-14.6622, 32.42512
-14.6622, 32.42512
-14.6622, 32.42512
-14.6622, 32.42512
-14.6622, 32.42512
-14.6622, 32.42512
-14.6622, 32.42512
-14.6925, 32.46073
-14.77, 32.5515
-14.84794, 32.64276
-14.92588, 32.734
-15.00382, 32.82526
-15.08176, 32.91651
-15.1597, 33.00776
-15.23763, 33.09902
-15.31557, 33.19027
-15.39352, 33.28152
-15.47147, 33.37276
-15.54941, 33.46402
-15.62735, 33.55526
-15.7053, 33.6465
-15.78325, 33.73775
-15.86119, 33.829
-15.93913, 33.92025
-16.01707, 34.0115
-16.09501, 34.10276
-16.17295, 34.19401
-16.25085, 34.28537
-16.32862, 34.37674
-16.40643, 34.4681
-16.48426, 34.55943
-16.56214, 34.65073
-16.64006, 34.74198
-16.71804, 34.83319
-16.79612, 34.92432
-16.85441, 34.99214
-16.87192, 35.00634
-16.95909, 35.07
-17.05605, 35.1407
-17.15302, 35.21139
-17.24998, 35.28208
-17.34696, 35.35277
-17.44395, 35.42346
-17.54093, 35.49414
-17.63792, 35.56479
-17.73222, 35.63348
-17.75915, 35.65311
-17.75915, 35.65311
-17.75916, 35.65311
-17.75916, 35.65311
-17.75916, 35.65311
-17.75916, 35.65311
-17.75916, 35.65311
-17.75915, 35.65311
-17.75915, 35.65311
-17.75915, 35.65311
-17.75915, 35.65311
-17.75915, 35.65311
-17.75915, 35.65311
-17.75915, 35.65311
-17.75915, 35.65311
-17.75915, 35.65311
-17.75915, 35.65311
-17.75915, 35.65311
-17.79724, 35.68068
-17.89389, 35.75078
-17.99101, 35.82122
-18.08813, 35.89167
-18.18526, 35.96213
-18.2824, 36.03257
-18.37953, 36.10302
-18.47666, 36.17348
-18.57379, 36.24392
-18.67093, 36.31436
-18.76807, 36.38481
-18.8652, 36.45525
-18.96234, 36.52568
-19.05948, 36.59612
-19.15662, 36.66657
-19.25375, 36.73702
-19.35088, 36.80747
-19.44801, 36.87793
-19.54515, 36.94838
-19.64228, 37.01882
-19.73942, 37.08926
-19.83654, 37.15973
-19.93367, 37.23018
-20.03079, 37.30065
-20.12791, 37.37113
-20.22503, 37.4416
-20.32224, 37.51217
-20.41936, 37.5827
-20.51645, 37.65323
-20.61354, 37.72376
-20.71063, 37.79428
-20.80773, 37.8648
-20.90482, 37.93531
-20.96146, 37.97645
-20.96146, 37.97646
-20.96146, 37.97645
-20.96146, 37.97645
-20.96146, 37.97645
-20.96146, 37.97645
-20.96146, 37.97646
-20.96146, 37.97646
-20.96146, 37.97646
-20.96146, 37.97646
-20.96147, 37.97647
-20.96147, 37.97647
-20.96147, 37.97647
-20.96147, 37.97647
-20.96147, 37.97647
-20.96147, 37.97646
-20.96147, 37.97647
-20.96147, 37.97647
-20.96147, 37.97647
-20.96147, 37.97647
-20.96147, 37.97646
-20.96147, 37.97646
-20.96147, 37.97646
-20.96147, 37.97647
-20.96147, 37.97646
-20.96147, 37.97646
-20.96147, 37.97646
-20.98638, 37.99457
-21.07978, 38.06234
-21.17692, 38.13278
-21.27407, 38.20322
-21.37122, 38.27367
-21.46837, 38.34412
-21.56551, 38.41457
-21.66266, 38.48502
-21.7598, 38.55546
-21.85696, 38.62589
-21.95411, 38.69633
-22.05125, 38.76678
-22.14839, 38.83723
-22.24551, 38.90771
-22.34266, 38.97816
-22.43981, 39.0486
-22.53695, 39.11905
-22.63409, 39.1895
-22.73123, 39.25994
-22.82837, 39.33038
-22.9255, 39.40084
-23.02264, 39.47129
-23.1127, 39.53663
-23.13095, 39.54987
-23.13095, 39.54987
-23.13095, 39.54987
-23.13095, 39.54987
-23.13095, 39.54987
-23.13095, 39.54987
-23.13095, 39.54987
-23.13095, 39.54987
-23.14754, 39.52417
-23.21017, 39.42738
-23.27539, 39.32664
-23.34061, 39.22592
-23.40582, 39.12518
-23.47104, 39.02446
-23.53625, 38.92372
-23.60146, 38.82299
-23.66665, 38.72225
-23.73184, 38.62151
-23.79703, 38.52078
-23.86221, 38.42002
-23.92738, 38.31927
-23.98787, 38.22577
-24.00023, 38.20666
-24.00023, 38.20666
-24.00023, 38.20666
-24.00023, 38.20666
-24.00023, 38.20666
-24.00023, 38.20665
-24.00023, 38.20665
-24.00023, 38.20665
-24.00023, 38.20666
-24.00023, 38.20666
-24.00023, 38.20666
-24.00023, 38.20666
-24.00024, 38.20666
-24.00024, 38.20666
-24.00024, 38.20667
-24.00024, 38.20667
-24.00024, 38.20667
-24.00024, 38.20667
-24.00024, 38.20666
-24.00024, 38.20666
-24.00024, 38.20665
-24.00024, 38.20665
-24.00024, 38.20665
-24.00024, 38.20665
-24.00024, 38.20665
-24.03598, 38.15113
-24.10094, 38.05023
-24.1659, 37.94933
-24.23086, 37.84843
-24.29582, 37.74753
-24.36077, 37.64663
-24.42573, 37.54572
-24.49069, 37.44483
-24.55567, 37.34394
-24.62063, 37.24304
-24.68559, 37.14215
-24.75056, 37.04126
-24.81552, 36.94036
-24.88048, 36.83947
-24.94553, 36.73841
-25.0107, 36.63717
-25.07566, 36.53626
-25.14063, 36.43536
-25.20559, 36.33447
-25.27055, 36.23357
-25.33553, 36.13267
-25.40049, 36.03177
-25.46544, 35.93085
-25.53041, 35.82995
-25.59538, 35.72905
-25.66035, 35.62814
-25.72531, 35.52723
-25.79027, 35.42632
-25.85522, 35.32541
-25.92019, 35.22451
-25.98516, 35.12361
-26.05011, 35.02271
-26.11508, 34.9218
-26.18005, 34.8209
-26.245, 34.71999
-26.30995, 34.61908
-26.37491, 34.51816
-26.43987, 34.41725
-26.50482, 34.31633
-26.56978, 34.21542
-26.63474, 34.1145
-26.69971, 34.01359
-26.76467, 33.91267
-26.81822, 33.82949
-26.82305, 33.82199
-26.82305, 33.82199
-26.82305, 33.82199
-26.82305, 33.82199
-26.82305, 33.82199
-26.82305, 33.82199
-26.82305, 33.82199
-26.82305, 33.82199
-26.82305, 33.82199
-26.82305, 33.822
-26.82305, 33.822
-26.82305, 33.822
-26.82305, 33.822
-26.82305, 33.822
-26.82304, 33.82199
-26.82304, 33.82199
-26.82304, 33.82199
-26.82304, 33.822
-26.82304, 33.822
-26.82304, 33.822
-26.82304, 33.822
-26.82304, 33.822
-26.82303, 33.822
-26.82303, 33.822
-26.82303, 33.82201
-26.82303, 33.822
-26.82303, 33.822
-26.82303, 33.822
-26.82302, 33.822
-26.82302, 33.82199
-26.82302, 33.82199
-26.82302, 33.82199
-26.82302, 33.82199
-26.82302, 33.82199
-26.82302, 33.82199
-26.82302, 33.82199
-26.82303, 33.82199
-26.82303, 33.82199
-26.82303, 33.82198
-26.82303, 33.82199
-26.82303, 33.82199
-26.82303, 33.82199
-26.79557, 33.84748
-26.72246, 33.91473
-26.64885, 33.98237
-26.57524, 34.05001
-26.5016, 34.11764
-26.42799, 34.18528
-26.35437, 34.25291
-26.28076, 34.32056
-26.20715, 34.38819
-26.13354, 34.45583
-26.05993, 34.52346
-25.98629, 34.59112
-25.91265, 34.65876
-25.83901, 34.72638
-25.76539, 34.79401
-25.69177, 34.86164
-25.61815, 34.92927
-25.54454, 34.99691
-25.47092, 35.06458
-25.39729, 35.13225
-25.32368, 35.19991
-25.25006, 35.26757
-25.17644, 35.33521
-25.10283, 35.40285
-25.02922, 35.4705
-24.9556, 35.53817
-24.88198, 35.60584
-24.80836, 35.6735
-24.73473, 35.74116
-24.66112, 35.80881
-24.5875, 35.87646
-24.51389, 35.94411
-24.44026, 36.01178
-24.36664, 36.07948
-24.29303, 36.14715
-24.21942, 36.21484
-24.1458, 36.28251
-24.07218, 36.35018
-23.99856, 36.41785
-23.92494, 36.48552
-23.85132, 36.55319
-23.78028, 36.61846
-23.76112, 36.63604
-23.76112, 36.63604
-23.76112, 36.63604
-23.76112, 36.63604
-23.76112, 36.63604
-23.76112, 36.63604
-23.76112, 36.63604
-23.76112, 36.63604
-23.76112, 36.63604
-23.76112, 36.63604
-23.76112, 36.63604
-23.76112, 36.63604
-23.76112, 36.63604
-23.76112, 36.63604
-23.76112, 36.63604
-23.76112, 36.63604
-23.76224, 36.63308
-23.7885, 36.56528
-23.82479, 36.47211
-23.86107, 36.37894
-23.89737, 36.28576
-23.93366, 36.19259
-23.96996, 36.09941
-24.00626, 36.00624
-24.04257, 35.91307
-24.07888, 35.81989
-24.1152, 35.72672
-24.15153, 35.63354
-24.18785, 35.54037
-24.22418, 35.4472
-24.26052, 35.35402
-24.29686, 35.26085
-24.33321, 35.16768
-24.36956, 35.07452
-24.40591, 34.98137
-24.44228, 34.88821
-24.47864, 34.79506
-24.51502, 34.7019
-24.55139, 34.60875
-24.58778, 34.51559
-24.62416, 34.42243
-24.66056, 34.32927
-24.69551, 34.23985
-24.70425, 34.21749
-24.70425, 34.21749
-24.70425, 34.21749
-24.70425, 34.21749
-24.70425, 34.21748
-24.70425, 34.21748
-24.70425, 34.21748
-24.70424, 34.21748
-24.70424, 34.21748
-24.70424, 34.21748
-24.70424, 34.21748
-24.70424, 34.21748
-24.70424, 34.21748
-24.70424, 34.21748
-24.70424, 34.21747
-24.70424, 34.21747
-24.70425, 34.21748
-24.70425, 34.21748
-24.70425, 34.21747
-24.70425, 34.21747
-24.70425, 34.21748
-24.70425, 34.21748
-24.71262, 34.19641
-24.7475, 34.10792
-24.78411, 34.01486
-24.82071, 33.92179
-24.85731, 33.82873
-24.89391, 33.73567
-24.93051, 33.6426
-24.96712, 33.54954
-25.00375, 33.45643
-25.04037, 33.36311
-25.07685, 33.27
-25.11335, 33.1769
-25.14985, 33.08381
-25.18635, 32.99071
-25.22286, 32.89761
-25.25938, 32.80451
-25.2959, 32.71141
-25.33244, 32.61834
-25.36899, 32.52526
-25.40555, 32.43218
-25.44212, 32.3391
-25.4787, 32.24603
-25.51529, 32.15297
-25.55191, 32.05991
-25.58854, 31.96686
-25.62519, 31.87383
-25.66187, 31.7808
-25.69859, 31.68778
-25.73537, 31.59479
-25.76314, 31.52477
-25.76445, 31.52146
-25.76445, 31.52146
-25.76445, 31.52146
-25.76445, 31.52146
-25.76445, 31.52146
-25.76445, 31.52146
-25.76201, 31.51898
-25.71022, 31.46625
-25.64006, 31.39498
-25.56993, 31.32372
-25.49978, 31.25244
-25.42965, 31.18116
-25.35951, 31.10988
-25.30621, 31.05571
-25.3034, 31.05286
-25.3034, 31.05286
-25.3034, 31.05286
-25.3034, 31.05285
-25.3034, 31.05285
-25.3034, 31.05285
-25.3034, 31.05285
-25.3034, 31.05285
-25.3034, 31.05285
-25.3034, 31.05285
-25.30341, 31.05285
-25.30341, 31.05285
-25.30341, 31.05285
-25.30341, 31.05285
-25.30341, 31.05285
-25.30341, 31.05285
-25.30341, 31.05285
-25.30341, 31.05284
-25.30341, 31.05284
-25.30342, 31.05285
-25.30342, 31.05285
-25.30342, 31.05285
-25.30342, 31.05285
-25.30105, 31.05043
-25.24958, 30.99786
-25.17961, 30.92641
-25.10963, 30.85496
-25.03967, 30.7835
-24.96969, 30.71206
-24.89972, 30.64061
-24.82975, 30.56915
-24.75978, 30.4977
-24.6898, 30.42625
-24.61983, 30.3548
-24.54986, 30.28335
-24.47989, 30.21189
-24.40991, 30.14044
-24.33993, 30.069
-24.26996, 29.99755
-24.19999, 29.9261
-24.13001, 29.85465
-24.06004, 29.7832
-23.99006, 29.71176
-23.92008, 29.64031
-23.85011, 29.56886
-23.78013, 29.49741
-23.71016, 29.42596
-23.64018, 29.35452
-23.57021, 29.28306
-23.50024, 29.21161
-23.43027, 29.14016
-23.36029, 29.06871
-23.29031, 28.99726
-23.22034, 28.9258
-23.15036, 28.85435
-23.08038, 28.78291
-23.01039, 28.71148
-22.95592, 28.65587
-22.95227, 28.65214
-22.95227, 28.65214
-22.95227, 28.65214
-22.95227, 28.65214
-22.95227, 28.65214
-22.95227, 28.65214
-22.95227, 28.65214
-22.95227, 28.65214
-22.95227, 28.65214
-22.95227, 28.65214
-22.95227, 28.65214
-22.95227, 28.65214
-22.95227, 28.65214
-22.95227, 28.65214
-22.96443, 28.65265
-23.05262, 28.65628
-23.15253, 28.66032
-23.25245, 28.66438
-23.35237, 28.66844
-23.45228, 28.6725
-23.5522, 28.67657
-23.65211, 28.68064
-23.75203, 28.68471
-23.85195, 28.68879
-23.95186, 28.69288
-24.05178, 28.69697
-24.1517, 28.70106
-24.25162, 28.70517
-24.35154, 28.70927
-24.45145, 28.71337
-24.55137, 28.71749
-24.65129, 28.72161
-24.75121, 28.72573
-24.85112, 28.72986
-24.95104, 28.73399
-25.05096, 28.73812
-25.15088, 28.74227
-25.25079, 28.74641
-25.3507, 28.75056
-25.45061, 28.75472
-25.55052, 28.75889
-25.65043, 28.76307
-25.75034, 28.76724
-25.85025, 28.77142
-25.95015, 28.77562
-26.05006, 28.77982
-26.14997, 28.78402
-26.24988, 28.78824
-26.34978, 28.79246
-26.44969, 28.79668
-26.54959, 28.80091
-26.65021, 28.80522
-26.75057, 28.80977
-26.85046, 28.81435
-26.95034, 28.81891
-27.05024, 28.82347
-27.15012, 28.82803
-27.25001, 28.83258
-27.3499, 28.83714
-27.44978, 28.84168
-27.50971, 28.84441
-27.50971, 28.8444
-27.50971, 28.84441
-27.50971, 28.8444
-27.50971, 28.8444
-27.50971, 28.84441
-27.50971, 28.84441
-27.50971, 28.84441
-27.50971, 28.84441
-27.50971, 28.84441
-27.50971, 28.84441
-27.50971, 28.84441
-27.50971, 28.84441
-27.5097, 28.84441
-27.50971, 28.84442
-27.5097, 28.84442
-27.5097, 28.84442
-27.5097, 28.84442
-27.5097, 28.84442
-27.5097, 28.84443
-27.5097, 28.84443
-27.5097, 28.84443
-27.5097, 28.84443
-27.5097, 28.84443
-27.5097, 28.84443
-27.5097, 28.84443
-27.5097, 28.84443
-27.5097, 28.84443
-27.51418, 28.84463
-27.59202, 28.84813
-27.69192, 28.85262
-27.79181, 28.8571
-27.89171, 28.86158
-27.99161, 28.86608
-28.09151, 28.87057
-28.19141, 28.87506
-28.29131, 28.87956
-28.3912, 28.88405
-28.4911, 28.88856
-28.591, 28.89306
-28.6909, 28.89756
-28.7908, 28.90205
-28.8907, 28.90654
-28.99059, 28.91103
-29.09049, 28.91552
-29.19039, 28.92001
-29.29029, 28.92451
-29.39019, 28.929
-29.49009, 28.93351
-29.58998, 28.938
-29.68988, 28.94249
-29.78978, 28.94697
-29.87455, 28.95115
-29.96268, 28.9588
-30.06227, 28.96777
-30.16186, 28.97674
-30.26146, 28.98571
-30.36105, 28.99468
-30.46064, 29.00365
-30.56024, 29.01261
-30.65983, 29.02159
-30.75942, 29.03056
-30.85901, 29.03954
-30.95861, 29.04851
-31.0582, 29.05749
-31.1578, 29.06647
-31.25739, 29.07546
-31.35699, 29.08444
-31.45658, 29.09342
-31.55618, 29.1024
-31.65577, 29.11138
-31.75536, 29.12037
-31.85496, 29.12934
-31.95455, 29.13832
-32.05415, 29.1473
-32.15375, 29.15628
-32.25335, 29.16526
-32.35295, 29.17424
-32.45255, 29.18324
-32.55215, 29.19223
-32.65176, 29.20122
-32.75136, 29.21021
-32.85096, 29.2192
-32.95056, 29.22818
-33.05016, 29.23717
-33.14977, 29.24616
-33.24937, 29.25514
-33.34897, 29.26412
-33.44857, 29.27312
-33.54817, 29.28212
-33.64777, 29.29113
-33.74738, 29.30013
-33.84697, 29.30914
-33.94657, 29.31815
-34.04617, 29.32716
-34.14576, 29.33618
-34.20551, 29.34159
-34.20551, 29.34159
-34.20551, 29.34159
-34.20551, 29.34159
-34.20551, 29.34159
-34.20551, 29.34159
-34.20551, 29.34159
-34.2055, 29.34159
-34.2055, 29.34159
-34.2055, 29.34159
-34.2055, 29.34159
-34.20549, 29.34159
-34.20549, 29.34159
-34.20549, 29.34159
-34.20549, 29.34159
-34.20549, 29.34159
-34.20549, 29.34159
-34.20549, 29.34159
-34.20549, 29.34159
-34.20548, 29.34159
-34.20549, 29.34159
-34.20549, 29.34159
-34.20967, 29.34197
-34.28614, 29.34893
-34.38573, 29.35799
-34.48533, 29.36707
-34.58491, 29.37614
-34.6845, 29.38523
-34.78408, 29.3943
-34.88366, 29.40337
-34.98325, 29.41244
-35.08283, 29.4215
-35.18241, 29.43058
-35.28199, 29.43966
-35.38157, 29.44872
-35.48116, 29.45777
-35.58074, 29.46681
-35.68032, 29.47587
-35.7799, 29.48494
-35.87949, 29.494
-35.97907, 29.50308
-36.07865, 29.51217
-36.17823, 29.52124
-36.27781, 29.5303
-36.37739, 29.53936
-36.47697, 29.54843
-36.57656, 29.55749
-36.67614, 29.56655
-36.77572, 29.57562
-36.87531, 29.58469
-36.97489, 29.59377
-37.07447, 29.60283
-37.17405, 29.61189
-37.24991, 29.6188
-37.25401, 29.61917
-37.25401, 29.61917
-37.25401, 29.61917
-37.25401, 29.61917
-37.25401, 29.61917
-37.25401, 29.61917
-37.25557, 29.61641
-37.29132, 29.55311
-37.34058, 29.46609
-37.38985, 29.37907
-37.43911, 29.29203
-37.48835, 29.20499
-37.5376, 29.11794
-37.58685, 29.0309
-37.63609, 28.94386
-37.68534, 28.85682
-37.73458, 28.76977
-37.78383, 28.68272
-37.83305, 28.59567
-37.88226, 28.50861
-37.93147, 28.42156
-37.98068, 28.33451
-38.02989, 28.24744
-38.0791, 28.16038
-38.1283, 28.07332
-38.17749, 27.98626
-38.22668, 27.89919
-38.27587, 27.81211
-38.32506, 27.72504
-38.37424, 27.63797
-38.42342, 27.55089
-38.47259, 27.46382
-38.52176, 27.37673
-38.57093, 27.28964
-38.62009, 27.20256
-38.66924, 27.11547
-38.7184, 27.02838
-38.76754, 26.94128
-38.81077, 26.86463
-38.81666, 26.85418
-38.81666, 26.85418
-38.81666, 26.85418
-38.81667, 26.85418
-38.81667, 26.85418
-38.81666, 26.85418
-38.81666, 26.85418
-38.81666, 26.85418
-38.81666, 26.85418
-38.81666, 26.85418
-38.81666, 26.85418
-38.81666, 26.85418
-38.81665, 26.85418
-38.81665, 26.85418
-38.81665, 26.85418
-38.81664, 26.85418
-38.81665, 26.85418
-38.81664, 26.85418
-38.81665, 26.85418
-38.81665, 26.85418
-38.81665, 26.85418
-38.81665, 26.85418
-38.81665, 26.85418
-38.8353, 26.8208
-38.88402, 26.73398
-38.93297, 26.64677
-38.98191, 26.55957
-39.03085, 26.47237
-39.0798, 26.38517
-39.12874, 26.29796
-39.17776, 26.21067
-39.22688, 26.12339
-39.27596, 26.03626
-39.32504, 25.94913
-39.3741, 25.862
-39.42315, 25.77486
-39.47219, 25.68772
-39.52122, 25.60057
-39.57024, 25.51341
-39.61926, 25.42624
-39.66827, 25.33908
-39.71727, 25.2519
-39.76625, 25.1647
-39.81521, 25.07751
-39.86415, 24.9903
-39.91307, 24.90309
-39.96195, 24.81585
-40.0108, 24.72859
-40.05961, 24.64132
-40.10836, 24.55401
-40.15088, 24.47768
-40.15625, 24.46802
-40.15625, 24.46802
-40.15625, 24.46802
-40.15625, 24.46802
-40.15625, 24.46802
-40.15625, 24.46802
-40.15625, 24.46802
-40.15625, 24.46802
-40.15625, 24.46802
-40.15625, 24.46802
-40.15625, 24.46802
-40.15625, 24.46802
-40.15625, 24.46802
-40.15625, 24.46802
-40.15625, 24.46802
-40.15625, 24.46802
-40.15625, 24.46802
-40.15625, 24.46802
-40.14141, 24.52272
-40.11478, 24.61912
-40.08814, 24.71551
-40.06151, 24.8119
-40.03488, 24.90829
-40.00828, 25.00469
-39.98167, 25.10109
-39.9551, 25.19749
-39.92853, 25.2939
-39.90199, 25.39031
-39.87545, 25.48672
-39.84893, 25.58314
-39.83833, 25.6217
-39.83833, 25.6217
-39.83833, 25.6217
-39.83832, 25.6217
-39.83833, 25.6217
-39.83833, 25.6217
-39.83833, 25.6217
-39.83833, 25.6217
-39.83833, 25.6217
-39.83833, 25.6217
-39.83833, 25.6217
-39.83833, 25.6217
-39.83833, 25.6217
-39.83833, 25.6217
-39.83833, 25.6217
-39.83833, 25.6217
-39.83833, 25.6217
-39.83833, 25.6217
-39.83833, 25.6217
-39.83833, 25.6217
-39.83833, 25.6217
-39.83833, 25.6217
-39.83833, 25.6217
-39.83833, 25.6217
-39.83833, 25.6217
-39.82703, 25.66248
-39.80054, 25.75951
-39.77424, 25.85599
-39.74796, 25.95248
-39.72171, 26.04897
-39.69545, 26.14546
-39.66917, 26.24194
-39.6429, 26.33842
-39.61662, 26.43489
-39.60146, 26.49054
-39.60161, 26.48998
-39.60161, 26.48998
-39.60161, 26.48998
-39.60161, 26.48998
-39.60161, 26.48998
-39.60161, 26.48998
-39.64185, 26.52874
-39.71391, 26.59809
-39.78594, 26.66743
-39.85799, 26.73677
-39.93003, 26.80611
-40.00208, 26.87545
-40.07412, 26.94478
-40.14618, 27.01412
-40.21824, 27.08344
-40.29033, 27.15277
-40.3624, 27.2221
-40.43449, 27.29142
-40.50657, 27.36074
-40.57865, 27.43006
-40.65073, 27.49937
-40.72282, 27.56868
-40.79492, 27.63799
-40.86703, 27.70728
-40.93913, 27.77658
-41.01124, 27.84587
-41.08334, 27.91516
-41.15545, 27.98444
-41.22757, 28.05372
-41.29969, 28.12299
-41.37181, 28.19226
-41.44395, 28.26153
-41.51609, 28.3308
-41.58825, 28.40005
-41.6604, 28.4693
-41.73256, 28.53854
-41.80471, 28.60778
-41.87688, 28.67702
-41.94905, 28.74625
-42.02123, 28.81547
-42.09341, 28.88469
-42.1656, 28.9539
-42.2378, 29.02311
-42.30999, 29.0923
-42.38221, 29.16149
-42.42793, 29.20528
-42.42852, 29.20586
-42.42852, 29.20586
-42.42852, 29.20586
-42.42852, 29.20586
-42.42852, 29.20586
-42.42852, 29.20586
-42.42852, 29.20586
-42.42852, 29.20586
-42.42852, 29.20586
-42.42852, 29.20586
-42.42852, 29.20586
-42.42852, 29.20586
-42.42852, 29.20586
-42.42852, 29.20586
-42.42852, 29.20586
-42.42852, 29.20586
-42.42853, 29.20586
-42.42853, 29.20586
-42.42853, 29.20586
-42.42853, 29.20586
-42.42854, 29.20586
-42.42854, 29.20586
-42.44721, 29.22367
-42.51834, 29.29153
-42.59119, 29.36111
-42.6635, 29.43017
-42.73581, 29.49923
-42.80814, 29.56829
-42.88048, 29.63734
-42.95282, 29.70639
-43.02517, 29.77543
-43.09752, 29.84447
-43.16989, 29.91349
-43.24226, 29.9825
-43.31463, 30.0515
-43.38702, 30.12049
-43.45196, 30.1823
-43.46245, 30.19228
-43.46245, 30.19228
-43.47008, 30.21241
-43.50281, 30.30089
-43.52903, 30.37222
-43.53041, 30.37598
-43.53041, 30.37598
-43.53041, 30.37598
-43.53042, 30.37598
-43.53042, 30.37598
-43.53042, 30.37598
-43.53042, 30.37598
-43.53043, 30.37598
-43.53043, 30.37599
-43.53043, 30.37599
-43.53043, 30.37599
-43.53043, 30.37599
-43.53043, 30.37599
-43.53043, 30.37599
-43.53043, 30.37599
-43.53043, 30.37599
-43.53043, 30.37599
-43.53043, 30.37599
-43.53043, 30.37599
-43.53043, 30.37599
-43.53043, 30.37599
-43.53043, 30.37599
-43.53043, 30.37599
-43.53042, 30.37599
-43.53043, 30.376
-43.53043, 30.376
-43.53043, 30.376
-43.53043, 30.376
-43.53043, 30.376
-43.53043, 30.376
-43.53043, 30.376
-43.53043, 30.376
-43.53043, 30.376
-43.53043, 30.376
-43.53043, 30.376
-43.53043, 30.376
-43.53791, 30.39618
-43.57082, 30.48461
-43.60573, 30.57833
-43.64063, 30.67204
-43.67554, 30.76575
-43.71044, 30.85947
-43.74534, 30.95319
-43.78025, 31.0469
-43.81516, 31.14062
-43.85006, 31.23434
-43.88496, 31.32805
-43.91983, 31.42177
-43.95469, 31.51549
-43.98956, 31.60922
-44.02443, 31.70295
-44.05929, 31.79668
-44.09416, 31.89041
-44.12902, 31.98414
-44.16387, 32.07786
-44.19871, 32.17159
-44.23355, 32.26532
-44.2684, 32.35904
-44.30325, 32.45277
-44.3381, 32.5465
-44.37293, 32.64022
-44.40776, 32.73396
-44.44259, 32.82769
-44.47742, 32.92144
-44.51225, 33.01519
-44.54706, 33.10894
-44.58187, 33.20268
-44.61667, 33.29642
-44.65146, 33.39017
-44.68625, 33.48391
-44.72104, 33.57766
-44.75582, 33.67141
-44.79058, 33.76514
-44.82536, 33.85889
-44.86013, 33.95264
-44.89489, 34.04639
-44.92965, 34.14016
-44.9644, 34.23394
-44.99915, 34.32772
-45.03391, 34.42151
-45.06865, 34.5153
-45.10338, 34.60908
-45.13811, 34.70286
-45.17284, 34.79665
-45.20754, 34.89043
-45.24224, 34.98422
-45.27693, 35.07802
-45.31161, 35.17182
-45.34628, 35.26563
-45.38095, 35.35943
-45.41561, 35.45323
-45.45026, 35.54704
-45.48491, 35.64084
-45.51955, 35.73465
-45.55416, 35.82848
-45.58875, 35.9223
-45.62334, 36.01612
-45.65791, 36.10995
-45.69248, 36.20378
-45.72702, 36.29763
-45.76154, 36.39147
-45.79603, 36.48534
-45.8305, 36.57922
-45.86082, 36.66183
-45.86495, 36.6731
-45.86496, 36.6731
-45.86496, 36.67311
-45.86496, 36.67311
-45.86496, 36.6731
-45.86496, 36.6731
-45.86497, 36.6731
-45.86497, 36.6731
-45.86497, 36.67311
-45.86497, 36.67311
-45.86497, 36.67311
-45.86497, 36.6731
-45.86497, 36.6731
-45.86497, 36.6731
-45.86497, 36.6731
-45.86497, 36.6731
-45.86497, 36.6731
-45.86497, 36.6731
-45.86497, 36.67309
-45.86497, 36.67309
-45.86496, 36.6731
-45.86496, 36.6731
-45.86496, 36.6731
-45.86497, 36.67309
-45.86496, 36.6731
-45.86497, 36.6731
-45.86496, 36.6731
-45.86496, 36.6731
-45.86918, 36.68479
-45.89946, 36.76809
-45.93369, 36.86204
-45.96794, 36.95598
-46.00219, 37.04992
-46.035, 37.1399
-46.04293, 37.16164
-46.04293, 37.16164
-46.04293, 37.16164
-46.04293, 37.16164
-46.04293, 37.16164
-46.04293, 37.16164
-46.04293, 37.16164
-46.04293, 37.16164
-46.04293, 37.16164
-46.04293, 37.16164
-46.04293, 37.16164
-46.06059, 37.14934
-46.13771, 37.09499
-46.2194, 37.03731
-46.27112, 37.00079
-46.27179, 37.00031
-46.27179, 37.00031
-46.2718, 37.00031
-46.2718, 37.00031
-46.2718, 37.00031
-46.2718, 37.00031
-46.27181, 37.00031
-46.27181, 37.00031
-46.27181, 37.00031
-46.27182, 37.0003
-46.27182, 37.0003
-46.27181, 37.00029
-46.27182, 37.00029
-46.27182, 37.00029
-46.27182, 37.00029
-46.27183, 37.00029
-46.27183, 37.00029
-46.27183, 37.00029
-46.27183, 37.00029
-46.27183, 37.00029
-46.27183, 37.00029
-46.27183, 37.00029
-46.27183, 37.00029
-46.27183, 37.00029
-46.27183, 37.00029
-46.27183, 37.00029
-46.27183, 37.00029
-46.27183, 37.00029
-46.27183, 37.00029
-46.27183, 37.00029
-46.27183, 37.00029
-46.27183, 37.00029
-46.27183, 37.00029
-46.27183, 37.00029
-46.27183, 37.00029
-46.27183, 37.00029
-46.27183, 37.00029
-46.32183, 36.96481
-46.40339, 36.90694
-46.48495, 36.84909
-46.56651, 36.79122
-46.64807, 36.73335
-46.72963, 36.67548
-46.81118, 36.61761
-46.89273, 36.55975
-46.97429, 36.5019
-47.05585, 36.44403
-47.1374, 36.38616
-47.21896, 36.32829
-47.30051, 36.27041
-47.38205, 36.21253
-47.4636, 36.15465
-47.54516, 36.09678
-47.62672, 36.03891
-47.70827, 35.98104
-47.78983, 35.92318
-47.87139, 35.86531
-47.95295, 35.80743
-48.03449, 35.74955
-48.11605, 35.69168
-48.19761, 35.63382
-48.27916, 35.57594
-48.36072, 35.51806
-48.44227, 35.46019
-48.52383, 35.40231
-48.60539, 35.34446
-48.68348, 35.28906
-48.7022, 35.27578
-48.7022, 35.27578
-48.7022, 35.27578
-48.7022, 35.27578
-48.7022, 35.27578
-48.7022, 35.27578
-48.7022, 35.27578
-48.71067, 35.28172
-48.78053, 35.33104
-48.86216, 35.3888
-48.9438, 35.44655
-49.02543, 35.50431
-49.10706, 35.56207
-49.1887, 35.61982
-49.27034, 35.67758
-49.35197, 35.73534
-49.43359, 35.79312
-49.51521, 35.85089
-49.59683, 35.90866
-49.67844, 35.96643
-49.76006, 36.0242
-49.84167, 36.08198
-49.92329, 36.13976
-50.0049, 36.19754
-50.08652, 36.25533
-50.16813, 36.31312
-50.24975, 36.37091
-50.33136, 36.42871
-50.41296, 36.4865
-50.49456, 36.54429
-50.57615, 36.6021
-50.65775, 36.65993
-50.73935, 36.71777
-50.82094, 36.7756
-50.90254, 36.83344
-50.98412, 36.89127
-51.06568, 36.94912
-51.14724, 37.00697
-51.2288, 37.06482
-51.31036, 37.12267
-51.39191, 37.18054
-51.47346, 37.23841
-51.555, 37.29628
-51.63654, 37.35417
-51.71807, 37.41206
-51.7996, 37.46997
-51.8512, 37.50664
-51.85188, 37.50712
-51.85187, 37.50712
-51.85187, 37.50712
-51.85187, 37.50712
-51.85187, 37.50712
-51.85187, 37.50713
-51.85186, 37.50713
-51.85186, 37.50713
-51.85186, 37.50712
-51.85186, 37.50712
-51.85186, 37.50713
-51.85186, 37.50713
-51.85186, 37.50713
-51.85187, 37.50713
-51.85187, 37.50713
-51.85186, 37.50712
-51.85186, 37.50713
-51.85186, 37.50713
-51.85186, 37.50712
-51.85186, 37.50713
-51.85187, 37.50713
-51.85187, 37.50713
-51.86143, 37.51394
-51.93307, 37.565
-52.01487, 37.62347
-52.0962, 37.68164
-52.17756, 37.73978
-52.25896, 37.79787
-52.3404, 37.8559
-52.42192, 37.91382
-52.45792, 37.93934
-52.45792, 37.93934
-52.45792, 37.93934
-52.45792, 37.93934
-52.45792, 37.93934
-52.45792, 37.93934
-52.45792, 37.93934
-52.45792, 37.93934
-52.45792, 37.93934
-52.45792, 37.93934
-52.45792, 37.93934
-52.45792, 37.93934
-52.45792, 37.93934
-52.45792, 37.93934
-52.45792, 37.93934
-52.43652, 37.94167
-52.34275, 37.95206
-52.24336, 37.96313
-52.15425, 37.97305
-52.13987, 37.97465
-52.13987, 37.97465
-52.13987, 37.97466
-52.13987, 37.97466
-52.13987, 37.97466
-52.13987, 37.97466
-52.13987, 37.97465
-52.13987, 37.97465
-52.13987, 37.97465
-52.13987, 37.97465
-52.13987, 37.97465
-52.13987, 37.97465
-52.13987, 37.97465
-52.13987, 37.97465
-52.13986, 37.97465
-52.13986, 37.97464
-52.13986, 37.97464
-52.13986, 37.97464
-52.13986, 37.97464
-52.13985, 37.97464
-52.13985, 37.97464
-52.13985, 37.97464
-52.13985, 37.97464
-52.13985, 37.97464
-52.13985, 37.97464
-52.13985, 37.97464
-52.13985, 37.97464
-52.13985, 37.97464
-52.13985, 37.97464
-52.13985, 37.97464
-52.13985, 37.97464
-52.13985, 37.97464
-52.13985, 37.97464
-52.08429, 37.98063
-51.98487, 37.99146
-51.88547, 38.00229
-51.78606, 38.01312
-51.68665, 38.02396
-51.58723, 38.03479
-51.48782, 38.04562
-51.38842, 38.05646
-51.289, 38.06729
-51.18959, 38.07813
-51.09018, 38.08896
-50.99077, 38.09979
-50.89136, 38.11063
-50.79195, 38.12146
-50.69254, 38.13229
-50.59312, 38.14313
-50.49371, 38.15396
-50.3943, 38.1648
-50.29489, 38.17564
-50.19548, 38.18647
-50.09607, 38.1973
-49.99666, 38.20814
-49.89725, 38.21897
-49.79784, 38.22981
-49.69843, 38.24067
-49.59901, 38.25152
-49.4996, 38.26237
-49.40019, 38.27322
-49.30078, 38.28408
-49.20137, 38.29504
-49.10197, 38.30611
-49.00258, 38.31716
-48.90319, 38.3282
-48.8038, 38.33923
-48.70441, 38.35023
-48.60501, 38.36123
-48.50562, 38.37221
-48.40621, 38.38317
-48.3068, 38.39411
-48.20739, 38.40504
-48.10798, 38.41594
-48.00856, 38.42681
-47.90915, 38.43764
-47.80974, 38.44846
-47.71032, 38.45923
-47.61088, 38.46996
-47.51145, 38.48064
-47.41201, 38.49123
-47.31256, 38.50173
-47.23701, 38.50959
-47.23306, 38.50999
-47.23306, 38.50999
-47.23306, 38.50999
-47.23306, 38.50999
-47.23306, 38.50999
-47.23306, 38.50999
-47.23306, 38.50999
-47.22353, 38.5494
-47.20036, 38.64682
-47.17727, 38.74411
-47.15417, 38.8414
-47.13107, 38.9387
-47.10797, 39.03599
-47.08486, 39.13328
-47.06174, 39.23058
-47.03862, 39.32787
-47.01551, 39.42516
-46.99238, 39.52246
-46.96925, 39.61975
-46.94611, 39.71704
-46.92297, 39.81433
-46.90079, 39.90758
-46.89536, 39.9304
-46.89536, 39.9304
-46.89536, 39.9304
-46.89537, 39.9304
-46.89537, 39.9304
-46.89536, 39.9304
-46.89537, 39.93039
-46.89536, 39.9304
-46.89536, 39.93039
-46.89536, 39.93039
-46.89536, 39.93039
-46.89536, 39.93039
-46.89536, 39.93038
-46.89536, 39.93039
-46.89535, 39.93039
-46.89534, 39.93039
-46.89534, 39.93039
-46.89534, 39.93039
-46.89534, 39.93039
-46.89534, 39.93039
-46.89534, 39.93039
-46.89534, 39.93039
-46.89534, 39.93039
-46.89534, 39.93039
-46.89534, 39.93039
-46.8946, 39.93349
-46.87752, 40.00423
-46.85395, 40.10143
-46.83039, 40.19862
-46.80684, 40.29582
-46.78328, 40.39301
-46.75973, 40.4902
-46.73618, 40.5874
-46.71264, 40.6846
-46.68911, 40.7818
-46.66557, 40.879
-46.64204, 40.9762
-46.61851, 41.07339
-46.59498, 41.17059
-46.57146, 41.26778
-46.54795, 41.36497
-46.52444, 41.46217
-46.50096, 41.55937
-46.47749, 41.65657
-46.45401, 41.75378
-46.43053, 41.85099
-46.40707, 41.94821
-46.38361, 42.04543
-46.36016, 42.14265
-46.33671, 42.23986
-46.31327, 42.33709
-46.28985, 42.4342
-46.26644, 42.53139
-46.24302, 42.62861
-46.21964, 42.72583
-46.19625, 42.82304
-46.17288, 42.92025
-46.14951, 43.01747
-46.12616, 43.11469
-46.10281, 43.21193
-46.07948, 43.30919
-46.05615, 43.40644
-46.03283, 43.5037
-46.00953, 43.60095
-45.98624, 43.69821
-45.96299, 43.79546
-45.93975, 43.89274
-45.91652, 43.99002
-45.89331, 44.08729
-45.87012, 44.18457
-45.84697, 44.28186
-45.82386, 44.37915
-45.80079, 44.47645
-45.77776, 44.57377
-45.75481, 44.67109
-45.73198, 44.76845
-45.72212, 44.81073
-45.72212, 44.81073
-45.72212, 44.81073
-45.72212, 44.81073
-45.72212, 44.81073
-45.72212, 44.81073
-45.72212, 44.81073
-45.72212, 44.81073
-45.7006, 44.8113
-45.6063, 44.81393
-45.50636, 44.81678
-45.40641, 44.81962
-45.30647, 44.82246
-45.20652, 44.82529
-45.10659, 44.8281
-45.00664, 44.8309
-44.9067, 44.83371
-44.80675, 44.83651
-44.7188, 44.83899
-44.70681, 44.83932
-44.70681, 44.83932
-44.70681, 44.83932
-44.70681, 44.83932
-44.70681, 44.83931
-44.70681, 44.83932
-44.70681, 44.83932
-44.70681, 44.83932
-44.70681, 44.83931
-44.70681, 44.83931
-44.70681, 44.83932
-44.70681, 44.83932
-44.70681, 44.83932
-44.70681, 44.83931
-44.70681, 44.83932
-44.70681, 44.83932
-44.70681, 44.83932
-44.70681, 44.83931
-44.70681, 44.83931
-44.70681, 44.83931
-44.70681, 44.83931
-44.70681, 44.83931
-44.70681, 44.83931
-44.70681, 44.83931
-44.7068, 44.83931
-44.70681, 44.83931
-44.70681, 44.83931
-44.70681, 44.83931
-44.67011, 44.84
-44.57097, 44.84231
-44.471, 44.8447
-44.37104, 44.8471
-44.27108, 44.84949
-44.1711, 44.8519
-44.07114, 44.8543
-43.97117, 44.85671
-43.8712, 44.85913
-43.77124, 44.86155
-43.67128, 44.86398
-43.57131, 44.8664
-43.47134, 44.86883
-43.37138, 44.87127
-43.27142, 44.87371
-43.17145, 44.87615
-43.07148, 44.87861
-42.97152, 44.88108
-42.87155, 44.88356
-42.77158, 44.88605
-42.67162, 44.88855
-42.57165, 44.89104
-42.47169, 44.89354
-42.37172, 44.89606
-42.27176, 44.89857
-42.17179, 44.90109
-42.07183, 44.90363
-41.97187, 44.90616
-41.87191, 44.90871
-41.77194, 44.91128
-41.67196, 44.91386
-41.57198, 44.91645
-41.47199, 44.91905
-41.372, 44.92167
-41.27202, 44.92428
-41.17204, 44.92693
-41.07206, 44.92959
-40.97207, 44.93226
-40.87209, 44.93494
-40.77214, 44.93764
-40.67219, 44.94037
-40.57224, 44.94313
-40.47229, 44.9459
-40.37234, 44.9487
-40.2724, 44.95154
-40.17245, 44.95441
-40.07251, 44.95734
-39.97256, 44.96033
-39.87262, 44.96343
-39.78301, 44.96634
-39.76855, 44.96682
-39.76855, 44.96682
-39.76855, 44.96682
-39.76855, 44.96682
-39.76855, 44.96682
-39.76855, 44.96682
-39.76855, 44.96682
-39.76855, 44.96682
-39.76855, 44.96682
-39.76855, 44.96682
-39.76855, 44.96682
-39.76855, 44.96682
-39.76855, 44.96682
-39.76855, 44.96682
-39.76855, 44.96682
-39.76855, 44.96682
-39.76855, 44.96682
-39.792, 44.95726
-39.88175, 44.9208
-39.9744, 44.88319
-40.06705, 44.84558
-40.15971, 44.80797
-40.25237, 44.77034
-40.34503, 44.73271
-40.43769, 44.69507
-40.53034, 44.65742
-40.62299, 44.61975
-40.70451, 44.58661
-40.71562, 44.58208
-40.71562, 44.58208
-40.71562, 44.58208
-40.71563, 44.58208
-40.71562, 44.58208
-40.71562, 44.58208
-40.71562, 44.58208
-40.71563, 44.58208
-40.71563, 44.58208
-40.71562, 44.58208
-40.71561, 44.58208
-40.71561, 44.58208
-40.71561, 44.58208
-40.71561, 44.58208
-40.71562, 44.58208
-40.71562, 44.58207
-40.71562, 44.58207
-40.71562, 44.58207
-40.71562, 44.58206
-40.71562, 44.58206
-40.71562, 44.58206
-40.71563, 44.58205
-40.71563, 44.58206
-40.71563, 44.58205
-40.71563, 44.58206
-40.71563, 44.58206
-40.71563, 44.58206
-40.71563, 44.58205
-40.71563, 44.58206
-40.71563, 44.58206
-40.71563, 44.58206
-40.71563, 44.58206
-40.71563, 44.58206
-40.71563, 44.58206
-40.71563, 44.58206
-40.71563, 44.58206
-40.71563, 44.58206
-40.71563, 44.58206
-40.71865, 44.58086
-40.7863, 44.55339
-40.87886, 44.51553
-40.97142, 44.47766
-41.06398, 44.4398
-41.15655, 44.40194
-41.24911, 44.36407
-41.34166, 44.32619
-41.43421, 44.28832
-41.52674, 44.25041
-41.61927, 44.21249
-41.71181, 44.1746
-41.80437, 44.13673
-41.89693, 44.09887
-41.98948, 44.06099
-42.08203, 44.0231
-42.17459, 43.98524
-42.26714, 43.94735
-42.35967, 43.90944
-42.4522, 43.87152
-42.54473, 43.83361
-42.63722, 43.79575
-42.72979, 43.75795
-42.82235, 43.72012
-42.91489, 43.68223
-42.99646, 43.64878
-43.00777, 43.64413
-43.00777, 43.64413
-43.00777, 43.64413
-43.00777, 43.64413
-43.00777, 43.64413
-43.00777, 43.64413
-43.00777, 43.64413
-43.00777, 43.64413
-43.00777, 43.64413
-43.00892, 43.64719
-43.03452, 43.71561
-43.06952, 43.80928
-43.10452, 43.90295
-43.13952, 43.99662
-43.17453, 44.09029
-43.20954, 44.18396
-43.24454, 44.27763
-43.27956, 44.3713
-43.31458, 44.46497
-43.3496, 44.55864
-43.38462, 44.65231
-43.41964, 44.74596
-43.45467, 44.83962
-43.4897, 44.93327
-43.52474, 45.02692
-43.55977, 45.12058
-43.59482, 45.21423
-43.62989, 45.30787
-43.66496, 45.40152
-43.70004, 45.49517
-43.72108, 45.55137
-43.72108, 45.55138
-43.72108, 45.55138
-43.72108, 45.55138
-43.72108, 45.55138
-43.72108, 45.55138
-43.72108, 45.55138
-43.72108, 45.55137
-43.72108, 45.55138
-43.72108, 45.55137
-43.72108, 45.55137
-43.72108, 45.55137
-43.72108, 45.55137
-43.72108, 45.55137
-43.72108, 45.55137
-43.72108, 45.55137
-43.72108, 45.55137
-43.72107, 45.55137
-43.72108, 45.55137
-43.72108, 45.55137
-43.72108, 45.55138
-43.72108, 45.55138
-43.72108, 45.55137
-43.72108, 45.55137
-43.72559, 45.56338
-43.75697, 45.64693
-43.79214, 45.74054
-43.82732, 45.83416
-43.86248, 45.92777
-43.89764, 46.02139
-43.93282, 46.115
-43.96798, 46.20861
-44.00314, 46.30223
-44.03831, 46.39584
-44.07348, 46.48946
-44.10865, 46.58307
-44.14383, 46.67668
-44.179, 46.77029
-44.21418, 46.8639
-44.22752, 46.89939
-44.22752, 46.89939
-44.22752, 46.89939
-44.22752, 46.89939
-44.24615, 46.91019
-44.32782, 46.95744
-44.41441, 47.00747
-44.50101, 47.05749
-44.5876, 47.10752
-44.67418, 47.15755
-44.76076, 47.20759
-44.84734, 47.25766
-44.93392, 47.30773
-45.0205, 47.3578
-45.10707, 47.40787
-45.19365, 47.45795
-45.28022, 47.50805
-45.36678, 47.55813
-45.45333, 47.60822
-45.53988, 47.65833
-45.62641, 47.70844
-45.71295, 47.75855
-45.79949, 47.80867
-45.88603, 47.85879
-45.97256, 47.90892
-46.05908, 47.95905
-46.14561, 48.0092
-46.23213, 48.05936
-46.31866, 48.10952
-46.40516, 48.1597
-46.49166, 48.20989
-46.57816, 48.26007
-46.66466, 48.31027
-46.75115, 48.36047
-46.83762, 48.41069
-46.9241, 48.46091
-47.01055, 48.51117
-47.097, 48.56144
-47.18344, 48.61172
-47.26986, 48.66202
-47.35628, 48.71232
-47.4427, 48.76266
-47.5291, 48.81303
-47.60653, 48.8582
-47.61903, 48.86549
-47.61903, 48.86549
-47.61904, 48.86549
-47.61904, 48.86548
-47.61903, 48.86548
-47.61903, 48.86548
-47.61903, 48.86548
-47.61903, 48.86548
-47.61903, 48.86547
-47.61903, 48.86547
-47.61903, 48.86547
-47.61903, 48.86547
-47.61903, 48.86547
-47.61904, 48.86547
-47.61904, 48.86547
-47.61903, 48.86547
-47.61904, 48.86547
-47.61903, 48.86548
-47.61903, 48.86548
-47.61904, 48.86548
-47.61904, 48.86548
-47.61904, 48.86548
-47.61904, 48.86548
-47.61903, 48.86548
-47.61903, 48.86548
-47.61903, 48.86548
-47.61903, 48.86548
-47.61903, 48.86548
-47.65057, 48.88425
-47.73616, 48.93433
-47.82249, 48.98476
-47.90881, 49.03525
-47.9951, 49.08579
-48.06276, 49.12554
-48.07543, 49.13521
-48.13992, 49.19139
-48.21533, 49.25707
-48.29074, 49.32276
-48.36616, 49.38844
-48.44157, 49.45412
-48.47173, 49.4804
-48.47173, 49.48039
-48.47173, 49.4804
-48.47173, 49.4804
-48.47173, 49.4804
-48.47173, 49.4804
-48.47172, 49.4804
-48.47172, 49.48041
-48.47173, 49.48041
-48.47173, 49.4804
-48.47172, 49.48041
-48.47172, 49.48041
-48.47173, 49.48041
-48.47173, 49.48041
-48.47172, 49.48041
-48.47172, 49.48042
-48.47172, 49.48042
-48.47172, 49.48042
-48.47172, 49.48042
-48.47171, 49.48042
-48.47171, 49.48042
-48.47172, 49.48042
-48.47172, 49.48042
-48.47171, 49.48042
-48.47171, 49.48043
-48.47171, 49.48042
-48.47171, 49.48043
-48.47171, 49.48043
-48.4717, 49.48043
-48.4717, 49.48043
-48.47171, 49.48043
-48.47171, 49.48044
-48.4717, 49.48044
-48.4717, 49.48043
-48.4717, 49.48044
-48.47171, 49.48044
-48.4717, 49.48044
-48.4717, 49.48043
-48.4717, 49.48044
-48.4717, 49.48045
-48.51416, 49.51747
-48.58952, 49.58319
-48.66489, 49.6489
-48.74026, 49.71462
-48.81563, 49.78033
-48.891, 49.84606
-48.96635, 49.9118
-49.04172, 49.97751
-49.11709, 50.04322
-49.19246, 50.10894
-49.26783, 50.17465
-49.34319, 50.24038
-49.41854, 50.30613
-49.49391, 50.37185
-49.56926, 50.43759
-49.64463, 50.50333
-49.72, 50.56906
-49.79538, 50.63478
-49.87075, 50.70051
-49.94613, 50.76624
-50.0215, 50.83198
-50.09686, 50.89771
-50.17224, 50.96344
-50.2476, 51.02917
-50.32297, 51.0949
-50.39835, 51.16064
-50.47372, 51.22636
-50.54909, 51.2921
-50.62446, 51.35783
-50.69984, 51.42356
-50.77522, 51.48928
-50.85059, 51.55501
-50.92596, 51.62074
-51.00132, 51.68647
-51.0767, 51.7522
-51.15208, 51.81793
-51.22746, 51.88366
-51.30283, 51.94939
-51.3782, 52.01512
-51.45358, 52.08085
-51.52896, 52.14657
-51.60434, 52.2123
-51.67981, 52.27805
-51.75532, 52.34365
-51.83081, 52.40925
-51.90627, 52.47486
-51.9817, 52.5405
-52.05711, 52.60618
-52.13248, 52.67191
-52.20779, 52.73769
-52.28064, 52.8015
-52.30116, 52.81951
-52.30116, 52.81951
-52.30116, 52.81951
-52.30116, 52.81951
-52.30116, 52.81951
-52.30116, 52.81951
-52.30116, 52.81951
-52.30116, 52.81951
-52.30116, 52.81951
-52.30116, 52.81951
-52.30116, 52.81951
-52.30116, 52.81951
-52.30116, 52.81951
-52.30116, 52.81951
-52.30116, 52.81951
-52.30116, 52.81951
-52.30116, 52.81951
-52.30117, 52.81951
-52.30117, 52.81951
-52.30117, 52.81951
-52.30117, 52.81951
-52.30117, 52.81951
-52.30117, 52.81951
-52.30117, 52.81951
-52.30117, 52.81951
-52.30116, 52.81951
-52.30116, 52.81951
-52.30116, 52.81951
-52.30116, 52.81951
-52.30116, 52.81951
-52.30116, 52.81951
-52.30116, 52.81951
-52.30116, 52.8195
-52.30116, 52.8195
-52.30116, 52.81949
-52.30116, 52.81948
-52.30116, 52.81948
-52.30116, 52.81948
-52.30116, 52.81948
-52.30116, 52.81948
-52.30115, 52.81948
-52.30115, 52.81948
-52.30115, 52.81948
-52.30114, 52.81948
-52.30114, 52.81948
-52.30114, 52.81948
-52.30114, 52.81948
-52.30114, 52.81948
-52.30115, 52.81948
-52.30116, 52.81948
-52.30115, 52.81948
-52.29472, 52.79852
-52.26718, 52.708
-52.23814, 52.6123
-52.2091, 52.5166
-52.18004, 52.42091
-52.151, 52.32521
-52.12196, 52.22952
-52.09291, 52.13383
-52.06387, 52.03814
-52.03482, 51.94244
-52.00578, 51.84675
-51.97673, 51.75106
-51.94767, 51.65536
-51.91863, 51.55967
-51.88959, 51.46398
-51.86053, 51.36829
-51.83149, 51.27259
-51.80244, 51.1769
-51.7734, 51.0812
-51.74435, 50.98551
-51.71531, 50.88982
-51.68626, 50.79412
-51.65722, 50.69843
-51.62817, 50.60273
-51.59912, 50.50704
-51.57008, 50.41135
-51.54103, 50.31565
-51.51198, 50.21996
-51.48293, 50.12426
-51.45388, 50.02857
-51.42791, 49.94304
-51.42382, 49.92956
-51.42382, 49.92956
-51.42382, 49.92956
-51.42382, 49.92956
-51.42382, 49.92956
-51.42382, 49.92956
-51.42382, 49.92956
-51.43223, 49.92353
-51.50163, 49.87355
-51.58272, 49.81506
-51.66383, 49.75658
-51.74492, 49.69809
-51.82604, 49.63961
-51.90717, 49.58112
-51.98832, 49.52264
-52.06945, 49.46416
-52.1506, 49.40569
-52.23173, 49.34724
-52.31287, 49.28879
-52.394, 49.23035
-52.47515, 49.17191
-52.5563, 49.11345
-52.63745, 49.05501
-52.71862, 48.99659
-52.79977, 48.93816
-52.88094, 48.87973
-52.9621, 48.82131
-53.04325, 48.76288
-53.12441, 48.70446
-53.20558, 48.64605
-53.28675, 48.58765
-53.36793, 48.52925
-53.4491, 48.47085
-53.53028, 48.41245
-53.61146, 48.35406
-53.69265, 48.29568
-53.77386, 48.23729
-53.85508, 48.17893
-53.93629, 48.12058
-53.9877, 48.08364
-53.98837, 48.08316
-53.98837, 48.08317
-53.98837, 48.08317
-53.98837, 48.08317
-53.98837, 48.08317
-53.98838, 48.08318
-53.98838, 48.08317
-53.98837, 48.08317
-53.98837, 48.08317
-53.98838, 48.08318
-53.98838, 48.08318
-53.98837, 48.08318
-53.98838, 48.08319
-53.98837, 48.08319
-53.98837, 48.08319
-53.98837, 48.08318
-53.98837, 48.08319
-53.98837, 48.08319
-53.98837, 48.08319
-53.98837, 48.0832
-53.98837, 48.0832
-53.98837, 48.08321
-54.00903, 48.06855
-54.08785, 48.01225
-54.16918, 47.95407
-54.25051, 47.89589
-54.33184, 47.83772
-54.41317, 47.77954
-54.4945, 47.72137
-54.57582, 47.66319
-54.65715, 47.60501
-54.73847, 47.54683
-54.81981, 47.48863
-54.90113, 47.43044
-54.98246, 47.37226
-55.06377, 47.31408
-55.1451, 47.2559
-55.22643, 47.19773
-55.30776, 47.13956
-55.38909, 47.08138
-55.47041, 47.02319
-55.55173, 46.96501
-55.63306, 46.90683
-55.71439, 46.84867
-55.79572, 46.7905
-55.87705, 46.73233
-55.95839, 46.67417
-56.03186, 46.62163
-56.04446, 46.61261
-56.04446, 46.61261
-56.04446, 46.61261
-56.04446, 46.61261
-56.04446, 46.61261
-56.04446, 46.61261
-56.04446, 46.61261
-56.04446, 46.61261
-56.06166, 46.62864
-56.13164, 46.69388
-56.20477, 46.76209
-56.27789, 46.8303
-56.35102, 46.89849
-56.42416, 46.96669
-56.49729, 47.03489
-56.57041, 47.10309
-56.64354, 47.17128
-56.71667, 47.23948
-56.7898, 47.30768
-56.86293, 47.37587
-56.93608, 47.44406
-57.00923, 47.51225
-57.08237, 47.58043
-57.15551, 47.64862
-57.22866, 47.71682
-57.3018, 47.78501
-57.3457, 47.82592
-57.34569, 47.82592
-57.34569, 47.82592
-57.34569, 47.82592
-57.34569, 47.82592
-57.34569, 47.82592
-57.34569, 47.82592
-57.34569, 47.82592
-57.34569, 47.82592
-57.34568, 47.82592
-57.34568, 47.82593
-57.34568, 47.82593
-57.34569, 47.82594
-57.34569, 47.82594
-57.34569, 47.82594
-57.34569, 47.82594
-57.34569, 47.82594
-57.34568, 47.82594
-57.34568, 47.82594
-57.34568, 47.82594
-57.34568, 47.82594
-57.34569, 47.82594
-57.34569, 47.82595
-57.34569, 47.82595
-57.35325, 47.83307
-57.4158, 47.89145
-57.48899, 47.95958
-57.56218, 48.02772
-57.63538, 48.09585
-57.70856, 48.16399
-57.78176, 48.23212
-57.85494, 48.30026
-57.92814, 48.36838
-58.00133, 48.43652
-58.07452, 48.50465
-58.14773, 48.57279
-58.22092, 48.64093
-58.29411, 48.70907
-58.36729, 48.77719
-58.44047, 48.84533
-58.51366, 48.91346
-58.58685, 48.98161
-58.66003, 49.04975
-58.73323, 49.1179
-58.80643, 49.18601
-58.87963, 49.25414
-58.95282, 49.32228
-59.02601, 49.39042
-59.09917, 49.45862
-59.17228, 49.52685
-59.24539, 49.59505
-59.3185, 49.66328
-59.39162, 49.73149
-59.46476, 49.79969
-59.53789, 49.86789
-59.61104, 49.93607
-59.6842, 50.00424
-59.7574, 50.07239
-59.8306, 50.14052
-59.90381, 50.20865
-59.97704, 50.27675
-60.05031, 50.34481
-60.1213, 50.41066
-60.14132, 50.42922
-60.14132, 50.42922
-60.14132, 50.42922
-60.14132, 50.42922
-60.14132, 50.42922
-60.14132, 50.42922
-60.14132, 50.42922
-60.14132, 50.42922
-60.18941, 50.40076
-60.27554, 50.34993
-60.36166, 50.29909
-60.44778, 50.24824
-60.53388, 50.19738
-60.5993, 50.15873
-60.60274, 50.15669
-60.60275, 50.15669
-60.60275, 50.15669
-60.60275, 50.1567
-60.60275, 50.1567
-60.60275, 50.1567
-60.60275, 50.1567
-60.60275, 50.1567
-60.60275, 50.1567
-60.60275, 50.1567
-60.60275, 50.1567
-60.60275, 50.1567
-60.60275, 50.1567
-60.60275, 50.15671
-60.60275, 50.15671
-60.60275, 50.15671
-60.60275, 50.15671
-60.60275, 50.15671
-60.60275, 50.15671
-60.60275, 50.15671
-60.60275, 50.15671
-60.60274, 50.1567
-60.60273, 50.15671
-60.61287, 50.15066
-60.68825, 50.10585
-60.77422, 50.05477
-60.86019, 50.00371
-60.94616, 49.95263
-61.03212, 49.90156
-61.11809, 49.85049
-61.20406, 49.79942
-61.29003, 49.74835
-61.37601, 49.69728
-61.46199, 49.64623
-61.54091, 49.59936
-61.55621, 49.59027
-61.55621, 49.59027
-61.55621, 49.59027
-61.55621, 49.59027
-61.55621, 49.59027
-61.55621, 49.59027
-61.55621, 49.59027
-61.55621, 49.59027
-61.55621, 49.59027
-61.55621, 49.59027
-61.55621, 49.59027
-61.55621, 49.59027
-61.55621, 49.59027
-61.55621, 49.59027
-61.55621, 49.59027
-61.55621, 49.59027
-61.55621, 49.59027
-61.55621, 49.59027
-61.55621, 49.59027
-61.55608, 49.59035
-61.55556, 49.59067
-61.55556, 49.59067
-61.55556, 49.59067
-61.55556, 49.59067
-61.55556, 49.59067
-61.55556, 49.59067
-61.55556, 49.59067
-61.55556, 49.59067
-61.55556, 49.59067
-61.55556, 49.59067
-61.55556, 49.59067
-61.55556, 49.59067
-61.55556, 49.59067
-61.55556, 49.59067
-61.55556, 49.59067
-61.55556, 49.59067
-61.55556, 49.59067
-61.55556, 49.59067
-61.55556, 49.59067
-61.55556, 49.59067
-61.55556, 49.59067
-61.55556, 49.59067
-61.55556, 49.59067
-61.55556, 49.59067
-61.55556, 49.59067
-61.55556, 49.59067
-61.55556, 49.59067
-61.55556, 49.59067
