-3.000156, 2.059682
-3.001219, 2.154914
-3.003242, 2.242191
-3.005979, 2.321509
-3.009557, 2.400792
-3.014481, 2.487954
-3.020995, 2.582968
-3.028719, 2.677891
-3.037652, 2.772707
-3.047792, 2.867402
-3.059136, 2.961962
-3.071686, 3.056368
-3.085437, 3.150607
-3.100387, 3.244663
-3.116534, 3.33852
-3.133877, 3.432164
-3.152411, 3.52558
-3.170431, 3.611001
-3.189479, 3.696199
-3.211374, 3.788884
-3.234448, 3.881284
-3.2587, 3.973381
-3.284125, 4.065161
-3.310718, 4.156608
-3.338475, 4.247709
-3.367393, 4.338449
-3.397465, 4.428815
-3.426016, 4.511316
-3.431294, 4.526285
-3.431293, 4.526285
-3.431294, 4.526285
-3.431294, 4.526285
-3.431294, 4.526285
-3.431294, 4.526286
-3.431294, 4.526286
-3.431294, 4.526285
-3.431294, 4.526285
-3.431294, 4.526285
-3.431294, 4.526287
-3.431294, 4.526286
-3.431294, 4.526287
-3.431294, 4.526286
-3.431294, 4.526286
-3.431293, 4.526285
-3.431294, 4.526286
-3.431294, 4.526286
-3.431294, 4.526286
-3.431294, 4.526286
-3.431294, 4.526286
-3.435939, 4.519269
-3.482465, 4.449146
-3.538322, 4.365016
-3.594182, 4.280888
-3.65004, 4.196759
-3.705898, 4.112632
-3.761757, 4.028506
-3.817635, 3.94439
-3.873511, 3.860272
-3.929397, 3.77616
-3.985272, 3.692041
-4.041124, 3.607907
-4.09699, 3.523782
-4.152861, 3.439657
-4.208723, 3.355529
-4.264591, 3.271405
-4.320464, 3.187285
-4.376331, 3.103161
-4.427533, 3.026042
-4.474074, 2.955926
-4.520616, 2.885813
-4.567164, 2.815703
-4.613724, 2.745602
-4.66028, 2.675498
-4.706836, 2.605392
-4.753369, 2.535271
-4.799901, 2.465149
-4.846437, 2.395027
-4.892978, 2.324913
-4.939527, 2.254801
-4.986076, 2.18469
-5.032626, 2.114578
-5.079174, 2.044464
-5.125719, 1.974347
-5.172252, 1.904223
-5.21878, 1.834095
-5.254141, 1.780798
-5.256003, 1.777993
-5.256003, 1.777993
-5.256003, 1.777993
-5.256003, 1.777993
-5.256003, 1.777993
-5.256003, 1.777993
-5.256003, 1.777993
-5.256003, 1.777993
-5.285174, 1.790519
-5.359504, 1.823259
-5.444293, 1.861436
-5.530581, 1.9008
-5.616684, 1.940572
-5.702594, 1.980748
-5.788318, 2.021331
-5.873846, 2.062322
-5.959182, 2.103714
-6.044324, 2.145506
-6.129262, 2.187701
-6.213448, 2.230022
-6.287433, 2.267827
-6.357734, 2.304676
-6.427632, 2.342271
-6.497123, 2.380607
-6.566202, 2.419684
-6.634862, 2.459496
-6.703094, 2.500041
-6.770883, 2.541313
-6.838235, 2.58331
-6.878446, 2.608825
-6.878447, 2.608825
-6.878446, 2.608825
-6.878447, 2.608825
-6.878447, 2.608825
-6.878447, 2.608825
-6.878446, 2.608825
-6.878448, 2.608825
-6.878446, 2.608825
-6.878446, 2.608825
-6.878447, 2.608825
-6.878446, 2.608825
-6.878447, 2.608825
-6.878446, 2.608824
-6.878446, 2.608825
-6.878446, 2.608825
-6.878446, 2.608825
-6.878446, 2.608825
-6.878446, 2.608825
-6.878446, 2.608824
-6.878446, 2.608825
-6.878446, 2.608825
-6.878446, 2.608825
-6.878446, 2.608824
-6.878446, 2.608824
-6.878446, 2.608824
-6.878446, 2.608824
-6.878446, 2.608824
-6.878446, 2.608824
-6.822518, 2.616204
-6.729351, 2.628868
-6.636186, 2.64152
-6.543017, 2.654159
-6.44985, 2.666798
-6.356681, 2.679437
-6.263513, 2.692075
-6.170345, 2.704715
-6.077179, 2.71737
-5.984014, 2.730032
-5.890847, 2.742692
-5.797679, 2.755341
-5.704511, 2.767981
-5.611345, 2.780632
-5.51818, 2.793294
-5.425013, 2.805943
-5.331846, 2.818594
-5.275946, 2.826183
-5.275946, 2.826183
-5.275946, 2.826183
-5.275946, 2.826183
-5.275946, 2.826183
-5.275946, 2.826183
-5.275946, 2.826183
-5.275946, 2.826183
-5.275946, 2.826183
-5.275946, 2.826183
-5.275946, 2.826183
-5.275946, 2.826183
-5.275946, 2.826183
-5.275946, 2.826183
-5.275946, 2.826183
-5.275946, 2.826183
-5.275946, 2.826183
-5.275946, 2.826183
-5.275946, 2.826183
-5.275946, 2.826183
-5.323307, 2.821238
-5.402187, 2.812477
-5.480971, 2.802886
-5.559648, 2.792461
-5.638208, 2.781199
-5.716646, 2.769106
-5.79495, 2.756179
-5.873113, 2.742423
-5.951127, 2.727836
-6.02898, 2.712424
-6.106667, 2.696186
-6.184175, 2.679122
-6.261497, 2.661237
-6.338626, 2.642531
-6.415553, 2.623006
-6.492266, 2.602664
-6.568759, 2.581508
-6.645022, 2.559543
-6.721049, 2.536767
-6.796828, 2.513184
-6.872354, 2.488796
-6.944612, 2.464641
-6.962644, 2.458506
-6.962644, 2.458506
-6.962644, 2.458506
-6.962644, 2.458506
-6.962644, 2.458506
-6.962644, 2.458506
-6.962645, 2.458506
-6.962644, 2.458506
-6.962645, 2.458506
-6.962644, 2.458506
-6.962645, 2.458506
-6.962644, 2.458506
-6.962644, 2.458506
-6.962644, 2.458506
-6.962644, 2.458506
-6.962645, 2.458506
-6.962644, 2.458506
-6.962646, 2.458506
-6.962644, 2.458506
-6.962645, 2.458506
-6.962645, 2.458506
-6.962645, 2.458506
-6.962645, 2.458506
-6.962646, 2.458506
-6.962645, 2.458506
-6.962645, 2.458506
-6.962645, 2.458506
-6.962645, 2.458506
-6.962645, 2.458506
-6.962645, 2.458506
-6.962645, 2.458506
-6.962645, 2.458506
-6.962645, 2.458506
-6.962645, 2.458506
-6.962645, 2.458506
-6.962645, 2.458506
-6.962645, 2.458506
-6.962645, 2.458506
-6.962645, 2.458506
-6.962645, 2.458506
-6.930912, 2.494011
-6.877809, 2.552989
-6.824088, 2.611404
-6.769751, 2.669245
-6.714802, 2.726506
-6.659243, 2.783178
-6.603081, 2.839253
-6.546329, 2.894729
-6.488991, 2.949596
-6.431067, 3.00385
-6.372572, 3.057484
-6.313512, 3.110494
-6.253886, 3.162872
-6.193707, 3.214611
-6.132981, 3.265706
-6.071713, 3.31615
-6.009906, 3.365936
-5.947577, 3.415066
-5.884727, 3.463524
-5.821363, 3.511308
-5.757493, 3.558415
-5.693125, 3.604838
-5.628265, 3.650571
-5.562917, 3.695605
-5.497094, 3.73994
-5.4308, 3.783569
-5.36404, 3.826481
-5.296823, 3.868677
-5.229162, 3.910153
-5.16106, 3.950901
-5.092525, 3.990914
-5.023559, 4.030185
-4.954177, 4.068714
-4.884379, 4.106488
-4.814182, 4.14351
-4.743583, 4.179768
-4.672595, 4.215254
-4.601226, 4.249969
-4.529479, 4.283897
-4.457362, 4.317031
-4.384881, 4.349353
-4.312036, 4.380848
-4.241758, 4.41027
-4.224142, 4.417513
-4.224142, 4.417513
-4.224142, 4.417513
-4.224142, 4.417513
-4.224142, 4.417513
-4.224142, 4.417513
-4.224142, 4.417513
-4.215701, 4.408235
-4.153918, 4.340089
-4.08612, 4.264549
-4.031592, 4.202798
-3.979679, 4.142776
-3.928376, 4.082231
-3.877688, 4.021173
-3.833575, 3.967036
-3.827591, 3.959626
-3.827591, 3.959626
-3.827592, 3.959627
-3.827591, 3.959626
-3.827591, 3.959626
-3.827591, 3.959626
-3.827592, 3.959627
-3.827591, 3.959626
-3.827591, 3.959627
-3.827591, 3.959626
-3.827592, 3.959627
-3.827591, 3.959626
-3.827591, 3.959626
-3.827591, 3.959627
-3.827591, 3.959626
-3.827592, 3.959627
-3.827592, 3.959626
-3.827591, 3.959625
-3.827591, 3.959626
-3.827592, 3.959627
-3.827591, 3.959626
-3.827591, 3.959626
-3.827591, 3.959627
-3.827592, 3.959627
-3.827591, 3.959626
-3.827592, 3.959626
-3.827591, 3.959626
-3.827592, 3.959626
-3.827591, 3.959626
-3.835276, 3.954001
-3.891341, 3.912357
-3.954649, 3.864494
-4.017548, 3.816093
-4.080022, 3.767149
-4.142077, 3.717672
-4.205066, 3.666544
-4.269626, 3.613162
-4.333682, 3.559173
-4.397222, 3.504581
-4.460248, 3.449394
-4.522748, 3.393613
-4.584719, 3.337243
-4.646151, 3.280289
-4.707047, 3.22276
-4.767394, 3.164656
-4.827188, 3.105982
-4.886425, 3.046746
-4.945105, 2.986957
-5.003217, 2.926616
-5.060752, 2.865723
-5.117711, 2.804291
-5.174084, 2.742323
-5.229867, 2.679823
-5.285058, 2.616799
-5.339647, 2.553258
-5.393634, 2.489199
-5.447012, 2.424632
-5.499778, 2.359563
-5.551924, 2.293999
-5.603449, 2.227943
-5.654346, 2.161401
-5.704606, 2.094378
-5.754228, 2.026882
-5.80321, 1.95892
-5.851546, 1.890495
-5.899229, 1.821613
-5.946253, 1.752283
-5.992619, 1.68251
-6.038317, 1.6123
-6.083346, 1.541658
-6.127704, 1.470591
-6.17138, 1.399105
-6.214371, 1.327204
-6.256678, 1.254899
-6.298289, 1.182192
-6.339205, 1.109092
-6.379419, 1.0356
-6.418923, 0.9617273
-6.45772, 0.8874789
-6.4958, 0.8128622
-6.53316, 0.7378806
-6.569793, 0.662542
-6.605687, 0.5868502
-6.640843, 0.5108075
-6.675245, 0.4344183
-6.708858, 0.357684
-6.741666, 0.2806032
-6.754584, 0.2496826
-6.754584, 0.2496826
-6.754584, 0.2496826
-6.762397, 0.2442354
-6.819863, 0.2045432
-6.884852, 0.1589804
-6.94679, 0.1146006
-6.962216, 0.1034241
-6.962216, 0.1034241
-6.962216, 0.1034242
-6.962216, 0.103424
-6.962215, 0.103424
-6.962215, 0.1034239
-6.962215, 0.103424
-6.962214, 0.1034239
-6.962214, 0.103424
-6.962214, 0.103424
-6.962214, 0.1034238
-6.962214, 0.1034238
-6.962214, 0.103424
-6.962214, 0.1034241
-6.962214, 0.1034241
-6.962214, 0.1034239
-6.962214, 0.103424
-6.962214, 0.103424
-6.962214, 0.103424
-6.962214, 0.1034242
-6.962214, 0.1034239
-6.962214, 0.1034239
-6.962214, 0.1034239
-6.962214, 0.1034239
-6.962214, 0.1034239
-6.962214, 0.1034239
-6.962214, 0.1034239
-6.925355, 0.1413799
-6.863921, 0.204637
-6.802488, 0.2678964
-6.741049, 0.33115
-6.679616, 0.3944081
-6.618184, 0.4576662
-6.55675, 0.5209245
-6.495314, 0.584181
-6.433887, 0.6474468
-6.372455, 0.7107073
-6.311023, 0.7739674
-6.249588, 0.837229
-6.188154, 0.9004905
-6.126679, 0.9637648
-6.064975, 1.026961
-6.002995, 1.089887
-5.940738, 1.152542
-5.878207, 1.214918
-5.815398, 1.277013
-5.752313, 1.33883
-5.688952, 1.400365
-5.625317, 1.461617
-5.561412, 1.522585
-5.497233, 1.583266
-5.432785, 1.643662
-5.368064, 1.703767
-5.303076, 1.763584
-5.237822, 1.823112
-5.172298, 1.882344
-5.106503, 1.941277
-5.040444, 1.999913
-4.974119, 2.058241
-4.907527, 2.116265
-4.840659, 2.173974
-4.773511, 2.231355
-4.746579, 2.254223
-4.746579, 2.254223
-4.746579, 2.254223
-4.746579, 2.254223
-4.746579, 2.254223
-4.746579, 2.254223
-4.746579, 2.254223
-4.746579, 2.254223
-4.746579, 2.254223
-4.746579, 2.254223
-4.746579, 2.254223
-4.746579, 2.254223
-4.746579, 2.254223
-4.746579, 2.254223
-4.770944, 2.258527
-4.868472, 2.275341
-4.970188, 2.292131
-5.072028, 2.308165
-5.173982, 2.323442
-5.276049, 2.337961
-5.380616, 2.35225
-5.488746, 2.367545
-5.596715, 2.383935
-5.704509, 2.401434
-5.812117, 2.420039
-5.919527, 2.439755
-6.026729, 2.46058
-6.13371, 2.482511
-6.240457, 2.505555
-6.346956, 2.529711
-6.453199, 2.55498
-6.559165, 2.581373
-6.664841, 2.608904
-6.77021, 2.637598
-6.850076, 2.660179
-6.854275, 2.661387
-6.854275, 2.661387
-6.854275, 2.661387
-6.854275, 2.661387
-6.854275, 2.661387
-6.854275, 2.661387
-6.854275, 2.661387
-6.8551, 2.68481
-6.85812, 2.778514
-6.860542, 2.876143
-6.86218, 2.973786
-6.863033, 3.07144
-6.8631, 3.1691
-6.86238, 3.266755
-6.860875, 3.364401
-6.858584, 3.462033
-6.855505, 3.559643
-6.851644, 3.657225
-6.846999, 3.754773
-6.841695, 3.850089
-6.836396, 3.931477
-6.830382, 4.010612
-6.823526, 4.089684
-6.815833, 4.168672
-6.807298, 4.247578
-6.797923, 4.32639
-6.787715, 4.405096
-6.77667, 4.483688
-6.764787, 4.56216
-6.752076, 4.6405
-6.738528, 4.7187
-6.730033, 4.765556
-6.730033, 4.765555
-6.730033, 4.765555
-6.730033, 4.765556
-6.730034, 4.765556
-6.730035, 4.765556
-6.730033, 4.765555
-6.730033, 4.765555
-6.730033, 4.765555
-6.730033, 4.765555
-6.730034, 4.765555
-6.730035, 4.765557
-6.730035, 4.765556
-6.730033, 4.765555
-6.730034, 4.765556
-6.730034, 4.765556
-6.730034, 4.765556
-6.730035, 4.765557
-6.730034, 4.765556
-6.730035, 4.765557
-6.730033, 4.765556
-6.730036, 4.765558
-6.730033, 4.765555
-6.730035, 4.765557
-6.730035, 4.765556
-6.730035, 4.765557
-6.696271, 4.7233
-6.639867, 4.652967
-6.583468, 4.582629
-6.527071, 4.512288
-6.47067, 4.441943
-6.414262, 4.371615
-6.357856, 4.301271
-6.301459, 4.230938
-6.245055, 4.160591
-6.18865, 4.090259
-6.132247, 4.019907
-6.075854, 3.949566
-6.019448, 3.87922
-5.963059, 3.808874
-5.906669, 3.738522
-5.850276, 3.668169
-5.793887, 3.597819
-5.737484, 3.527472
-5.681077, 3.457143
-5.624669, 3.38681
-5.568265, 3.316476
-5.511857, 3.246141
-5.45545, 3.175798
-5.399056, 3.105455
-5.342652, 3.035107
-5.286261, 2.964761
-5.229862, 2.894409
-5.173469, 2.824067
-5.117057, 2.753727
-5.060663, 2.683381
-5.004246, 2.613048
-4.947833, 2.542714
-4.891418, 2.472385
-4.835001, 2.402051
-4.778603, 2.33171
-4.735734, 2.278249
-4.732012, 2.272528
-4.704019, 2.217364
-4.666615, 2.145072
-4.628436, 2.073191
-4.589486, 2.001721
-4.549698, 1.930542
-4.507804, 1.857481
-4.464651, 1.784124
-4.420675, 1.71126
-4.375883, 1.638894
-4.330273, 1.567038
-4.283852, 1.495699
-4.23663, 1.424889
-4.188614, 1.354619
-4.139811, 1.284896
-4.090219, 1.215727
-4.039845, 1.147125
-3.988699, 1.079099
-3.936786, 1.011653
-3.88426, 0.9449819
-3.833585, 0.8821241
-3.783099, 0.8208901
-3.731958, 0.7602032
-3.680161, 0.700075
-3.627717, 0.6405073
-3.574628, 0.5815135
-3.520903, 0.5231028
-3.466542, 0.4652832
-3.444646, 0.4423002
-3.444647, 0.4423
-3.444646, 0.4422997
-3.444646, 0.4422996
-3.444645, 0.4422999
-3.444645, 0.4422999
-3.444646, 0.4422998
-3.444646, 0.4422996
-3.444646, 0.4423
-3.444645, 0.4423001
-3.444646, 0.4422998
-3.444645, 0.4422998
-3.444646, 0.4422995
-3.444645, 0.4422996
-3.444646, 0.4423001
-3.444645, 0.4423
-3.444645, 0.4423001
-3.444646, 0.4422998
-3.444645, 0.4422996
-3.444646, 0.4422997
-3.447175, 0.4446894
-3.512999, 0.5067496
-3.604184, 0.5926397
-3.695344, 0.6785516
-3.733322, 0.7143531
-3.733322, 0.7143531
-3.733322, 0.7143531
-3.733322, 0.7143531
-3.733322, 0.7143531
-3.733322, 0.7143531
-3.733322, 0.7143531
-3.700192, 0.7752984
-3.644296, 0.8802522
-3.589799, 0.9859365
-3.536713, 1.092344
-3.485046, 1.199447
-3.434816, 1.307225
-3.386027, 1.415666
-3.338691, 1.524752
-3.292812, 1.634457
-3.248398, 1.744763
-3.208881, 1.8464
-3.174989, 1.935404
-3.141451, 2.02454
-3.108268, 2.113811
-3.07634, 2.200723
-3.067268, 2.225574
-3.067269, 2.225574
-3.067268, 2.225574
-3.067269, 2.225574
-3.067269, 2.225574
-3.067269, 2.225574
-3.067268, 2.225574
-3.067269, 2.225574
-3.067268, 2.225574
-3.067269, 2.225574
-3.067269, 2.225574
-3.067268, 2.225574
-3.067268, 2.225574
-3.067268, 2.225574
-3.067269, 2.225574
-3.067269, 2.225574
-3.067269, 2.225574
-3.067269, 2.225574
-3.06727, 2.225574
-3.067269, 2.225574
-3.067268, 2.225574
-3.067267, 2.225574
-3.067267, 2.225574
-3.067267, 2.225574
-3.11469, 2.196354
-3.19599, 2.146266
-3.277292, 2.096182
-3.358593, 2.046089
-3.439888, 1.995989
-3.521187, 1.94589
-3.602484, 1.895791
-3.683787, 1.845703
-3.765086, 1.795604
-3.846384, 1.745502
-3.927683, 1.695408
-4.008989, 1.645324
-4.090291, 1.595231
-4.171597, 1.545145
-4.2529, 1.495047
-4.334212, 1.444964
-4.415527, 1.394896
-4.49683, 1.344807
-4.578136, 1.294721
-4.659438, 1.244634
-4.740743, 1.19455
-4.822055, 1.144474
-4.903358, 1.094382
-4.984658, 1.044286
-5.065964, 0.9941955
-5.147264, 0.9440923
-5.228572, 0.8939956
-5.309872, 0.8438932
-5.391172, 0.7937905
-5.472478, 0.7436965
-5.553788, 0.6936088
-5.635096, 0.6435249
-5.716406, 0.5934417
-5.797717, 0.5433571
-5.879026, 0.4932682
-5.960334, 0.4431806
-6.041646, 0.3930942
-6.122959, 0.3430071
-6.170391, 0.3137901
-6.17039, 0.3137902
-6.170389, 0.3137895
-6.170389, 0.3137901
-6.17039, 0.3137897
-6.170389, 0.3137896
-6.170389, 0.3137901
-6.170389, 0.3137899
-6.170389, 0.3137902
-6.170389, 0.31379
-6.170388, 0.3137898
-6.170389, 0.3137895
-6.170388, 0.3137901
-6.170388, 0.3137895
-6.170389, 0.3137899
-6.170389, 0.3137901
-6.170389, 0.3137898
-6.170388, 0.3137901
-6.170389, 0.3137894
-6.170389, 0.3137891
-6.170389, 0.3137891
-6.170389, 0.3137891
-6.170389, 0.3137891
-6.170389, 0.3137891
-6.159773, 0.3262812
-6.101401, 0.3949967
-6.037718, 0.4699573
-5.974051, 0.5449283
-5.91038, 0.6198952
-5.838545, 0.704406
-5.760847, 0.7957048
-5.683067, 0.886933
-5.605203, 0.9780902
-5.527256, 1.069176
-5.449223, 1.16019
-5.371113, 1.251138
-5.292904, 1.341999
-5.214614, 1.432793
-5.136246, 1.523519
-5.059653, 1.612031
-4.985585, 1.69748
-4.911438, 1.782861
-4.837216, 1.868177
-4.762926, 1.953433
-4.688561, 2.038624
-4.614113, 2.123741
-4.539595, 2.208798
-4.465004, 2.293792
-4.390331, 2.378712
-4.315592, 2.463575
-4.240776, 2.548366
-4.165881, 2.63309
-4.090915, 2.717749
-4.01587, 2.802341
-3.940755, 2.886869
-3.865566, 2.971329
-3.790305, 3.055725
-3.71496, 3.140049
-3.639542, 3.224307
-3.56405, 3.308501
-3.488474, 3.392621
-3.412828, 3.476679
-3.337105, 3.560668
-3.261317, 3.644598
-3.185456, 3.72846
-3.109513, 3.812251
-3.033497, 3.895976
-2.957397, 3.979628
-2.881222, 4.063209
-2.804961, 4.146715
-2.741352, 4.21624
-2.704604, 4.248715
-2.631909, 4.310234
-2.55998, 4.372641
-2.488852, 4.435962
-2.418531, 4.500196
-2.349036, 4.565326
-2.280375, 4.631333
-2.25198, 4.659059
-2.25198, 4.65906
-2.25198, 4.659061
-2.25198, 4.65906
-2.25198, 4.65906
-2.25198, 4.65906
-2.25198, 4.65906
-2.25198, 4.65906
-2.251981, 4.659061
-2.251981, 4.65906
-2.251981, 4.65906
-2.25198, 4.65906
-2.251981, 4.65906
-2.25198, 4.65906
-2.251981, 4.659059
-2.251981, 4.659061
-2.251981, 4.659059
-2.251981, 4.65906
-2.251981, 4.65906
-2.251981, 4.65906
-2.254205, 4.656916
-2.312216, 4.601357
-2.392602, 4.524498
-2.472995, 4.447647
-2.553365, 4.370773
-2.633734, 4.293898
-2.71411, 4.217027
-2.794494, 4.140161
-2.874892, 4.063302
-2.955283, 3.986439
-3.036124, 3.909117
-3.117596, 3.831143
-3.19902, 3.753124
-3.280413, 3.675069
-3.361742, 3.596949
-3.44303, 3.518789
-3.524288, 3.440595
-3.605505, 3.362354
-3.686679, 3.284073
-3.76782, 3.205749
-3.848914, 3.12738
-3.929949, 3.048955
-4.010931, 2.97048
-4.091878, 2.891965
-4.172787, 2.81341
-4.253649, 2.73481
-4.334464, 2.656161
-4.41524, 2.577467
-4.495971, 2.498728
-4.576655, 2.419942
-4.657289, 2.341097
-4.735639, 2.264398
-4.758015, 2.242475
-4.758015, 2.242475
-4.758015, 2.242475
-4.758015, 2.242475
-4.758015, 2.242475
-4.758015, 2.242475
-4.758015, 2.242475
-4.758015, 2.242475
-4.758015, 2.242475
-4.758015, 2.242475
-4.758015, 2.242475
-4.758015, 2.242475
-4.758015, 2.242475
-4.758015, 2.242475
-4.758015, 2.242475
-4.748953, 2.255505
-4.698855, 2.327
-4.643489, 2.404497
-4.587333, 2.481419
-4.530381, 2.557753
-4.472649, 2.633496
-4.414134, 2.708642
-4.354851, 2.783177
-4.2948, 2.857097
-4.233991, 2.930396
-4.172425, 3.003065
-4.110116, 3.075095
-4.047062, 3.146477
-3.983278, 3.217206
-3.918761, 3.28727
-3.853525, 3.356663
-3.787578, 3.425383
-3.720923, 3.493418
-3.653564, 3.560761
-3.585518, 3.627405
-3.516786, 3.693343
-3.44738, 3.758564
-3.377309, 3.82306
-3.306576, 3.886816
-3.235193, 3.949848
-3.163155, 4.012134
-3.090477, 4.073671
-3.017169, 4.134452
-2.943232, 4.194475
-2.868677, 4.253728
-2.793511, 4.312205
-2.717743, 4.369903
-2.641378, 4.426807
-2.564424, 4.482918
-2.486892, 4.53823
-2.408788, 4.592737
-2.330122, 4.646426
-2.250895, 4.699297
-2.17112, 4.751336
-2.090808, 4.802537
-2.043745, 4.832048
-2.043744, 4.832047
-2.043744, 4.832047
-2.043743, 4.832047
-2.043745, 4.832048
-2.043744, 4.832048
-2.043744, 4.832047
-2.043744, 4.832047
-2.043745, 4.832047
-2.043745, 4.832048
-2.043744, 4.832048
-2.043745, 4.832048
-2.043744, 4.832047
-2.043744, 4.832047
-2.043744, 4.832047
-2.043744, 4.832047
-2.043744, 4.832047
-2.043744, 4.832047
-2.066286, 4.813191
-2.144904, 4.746858
-2.225718, 4.678568
-2.30653, 4.610265
-2.387336, 4.541955
-2.468154, 4.473656
-2.548964, 4.405351
-2.629779, 4.337049
-2.710602, 4.268755
-2.744269, 4.240291
-2.744269, 4.240291
-2.744269, 4.240291
-2.744269, 4.240291
-2.744269, 4.240291
-2.744269, 4.240291
-2.744269, 4.240291
-2.744269, 4.240291
-2.744269, 4.240291
-2.744269, 4.240291
-2.744269, 4.240291
-2.744269, 4.240291
-2.744269, 4.240291
-2.744269, 4.240291
-2.744269, 4.240291
-2.744269, 4.240291
-2.698133, 4.271236
-2.619728, 4.325303
-2.542018, 4.380363
-2.465019, 4.436409
-2.388738, 4.493426
-2.313193, 4.55141
-2.238392, 4.610352
-2.164352, 4.670245
-2.091081, 4.731077
-2.048668, 4.766954
-2.048668, 4.766954
-2.048668, 4.766955
-2.048668, 4.766955
-2.048669, 4.766954
-2.048668, 4.766955
-2.048668, 4.766956
-2.048668, 4.766955
-2.048668, 4.766955
-2.048669, 4.766956
-2.048669, 4.766956
-2.048668, 4.766954
-2.048668, 4.766955
-2.048668, 4.766956
-2.048669, 4.766955
-2.048668, 4.766957
-2.048669, 4.766956
-2.048668, 4.766954
-2.048668, 4.766955
-2.048668, 4.766955
-2.048668, 4.766955
-2.048668, 4.766955
-2.048668, 4.766955
-2.048668, 4.766955
-2.048668, 4.766955
-2.069477, 4.74656
-2.142308, 4.675174
-2.217217, 4.601748
-2.292124, 4.528317
-2.367031, 4.45489
-2.441941, 4.381465
-2.516849, 4.30804
-2.591757, 4.234614
-2.66666, 4.161185
-2.741575, 4.087763
-2.816477, 4.014335
-2.891389, 3.940911
-2.966299, 3.867487
-3.041207, 3.794061
-3.116117, 3.720637
-3.191027, 3.647213
-3.265937, 3.573788
-3.340847, 3.500364
-3.415754, 3.426934
-3.490665, 3.353511
-3.565573, 3.280086
-3.640484, 3.206662
-3.715398, 3.133242
-3.790305, 3.059816
-3.865215, 2.986392
-3.940125, 2.912968
-4.015038, 2.839547
-4.089946, 2.76612
-4.164855, 2.692694
-4.239766, 2.619271
-4.31467, 2.545844
-4.389571, 2.472415
-4.464466, 2.398983
-4.539345, 2.325539
-4.614235, 2.252101
-4.682899, 2.184793
-4.695381, 2.172552
-4.695381, 2.172552
-4.695381, 2.172552
-4.695381, 2.172552
-4.73533, 2.175254
-4.831175, 2.182258
-4.934007, 2.190771
-5.054489, 2.200944
-5.175712, 2.210731
-5.282211, 2.218941
-5.378189, 2.225994
-5.474195, 2.232734
-5.570217, 2.239161
-5.666258, 2.245296
-5.762323, 2.251127
-5.858403, 2.256634
-5.954504, 2.261829
-6.050619, 2.26672
-6.120046, 2.270073
-6.122715, 2.270199
-6.122715, 2.270199
-6.122715, 2.270199
-6.122715, 2.270199
-6.122715, 2.270199
-6.122715, 2.270199
-6.122715, 2.270199
-6.122715, 2.270199
-6.122715, 2.270199
-6.122715, 2.270199
-6.122715, 2.270199
-6.122715, 2.270199
-6.122715, 2.270199
-6.122715, 2.270199
-6.122715, 2.270199
-6.122715, 2.270199
-6.122715, 2.270199
-6.122715, 2.270199
-6.122715, 2.270199
-6.122715, 2.270199
-6.122715, 2.270199
-6.111394, 2.270358
-5.9982, 2.272945
-5.86237, 2.27634
-5.72654, 2.279741
-5.59071, 2.283159
-5.454889, 2.286577
-5.32284, 2.289874
-5.285111, 2.290816
-5.285111, 2.290816
-5.285111, 2.290816
-5.285111, 2.290816
-5.285111, 2.290816
-5.285111, 2.290816
-5.285111, 2.290816
-5.285111, 2.290816
-5.285111, 2.290816
-5.285858, 2.288229
-5.305182, 2.220931
-5.331577, 2.127641
-5.357481, 2.034213
-5.382889, 1.94065
-5.407798, 1.846956
-5.432211, 1.753128
-5.456127, 1.659173
-5.479548, 1.565091
-5.502468, 1.470881
-5.524886, 1.376548
-5.546801, 1.282102
-5.568218, 1.187542
-5.589134, 1.092869
-5.609547, 0.9980865
-5.629456, 0.9031982
-5.648867, 0.8082051
-5.667769, 0.7131076
-5.686168, 0.6179133
-5.704061, 0.522621
-5.721451, 0.4272377
-5.738331, 0.3317637
-5.754704, 0.2361999
-5.77057, 0.1405479
-5.784682, 0.05279655
-5.787209, 0.03683465
-5.787209, 0.03683498
-5.787209, 0.03683428
-5.787209, 0.03683474
-5.787209, 0.03683413
-5.787209, 0.03683426
-5.787209, 0.03683413
-5.787208, 0.03683396
-5.787208, 0.03683404
-5.787209, 0.03683461
-5.787209, 0.03683471
-5.787209, 0.03683457
-5.78721, 0.03683466
-5.787209, 0.03683482
-5.787209, 0.03683479
-5.787208, 0.03683473
-5.78721, 0.03683474
-5.787209, 0.03683451
-5.78721, 0.03683482
-5.787211, 0.03683533
-5.787211, 0.03683533
-5.787211, 0.03683533
-5.785881, 0.03918381
-5.75128, 0.1002502
-5.703368, 0.184801
-5.655465, 0.2693649
-5.607552, 0.3539168
-5.559643, 0.4384751
-5.511738, 0.5230358
-5.463831, 0.6075924
-5.41593, 0.6921489
-5.368028, 0.7767076
-5.320122, 0.8612697
-5.272221, 0.9458258
-5.224319, 1.030381
-5.176417, 1.114938
-5.128506, 1.199492
-5.080606, 1.284049
-5.032706, 1.368605
-4.984807, 1.453163
-4.936904, 1.537717
-4.888999, 1.622269
-4.84109, 1.706819
-4.79319, 1.791375
-4.745285, 1.87593
-4.697359, 1.96048
-4.649451, 2.045034
-4.601542, 2.129587
-4.553639, 2.214143
-4.505735, 2.298696
-4.457817, 2.383238
-4.409914, 2.467794
-4.362013, 2.552349
-4.314106, 2.636905
-4.266198, 2.721459
-4.246235, 2.756689
-4.246235, 2.756689
-4.246235, 2.756689
-4.246235, 2.756689
-4.246235, 2.756689
-4.191056, 2.76314
-4.104425, 2.773927
-4.02579, 2.784623
-3.947269, 2.796147
-3.868874, 2.808508
-3.790616, 2.821706
-3.712505, 2.835737
-3.634547, 2.850596
-3.55675, 2.866283
-3.479126, 2.882794
-3.401681, 2.900135
-3.324429, 2.9183
-3.24737, 2.937284
-3.170518, 2.957088
-3.093882, 2.977711
-3.017468, 2.999152
-2.94129, 3.021405
-2.865351, 3.044472
-2.798726, 3.065416
-2.789655, 3.068314
-2.789654, 3.068314
-2.789655, 3.068314
-2.789655, 3.068313
-2.789655, 3.068314
-2.789654, 3.068313
-2.789654, 3.068313
-2.789654, 3.068313
-2.789654, 3.068314
-2.789654, 3.068313
-2.789654, 3.068313
-2.789655, 3.068313
-2.789655, 3.068314
-2.789655, 3.068313
-2.789654, 3.068313
-2.789654, 3.068313
-2.789654, 3.068313
-2.789654, 3.068313
-2.789654, 3.068313
-2.789654, 3.068313
-2.789654, 3.068313
-2.789654, 3.068314
-2.789654, 3.068314
-2.789654, 3.068314
-2.824256, 3.052318
-2.910629, 3.012042
-2.996986, 2.971736
-3.083341, 2.931425
-3.169699, 2.891119
-3.256057, 2.850814
-3.342415, 2.810508
-3.428772, 2.770203
-3.51513, 2.729898
-3.601485, 2.689587
-3.687837, 2.649269
-3.774193, 2.60896
-3.860544, 2.568642
-3.946898, 2.528334
-4.03324, 2.488001
-4.119588, 2.447682
-4.205939, 2.407363
-4.292294, 2.367052
-4.378646, 2.326735
-4.464988, 2.286403
-4.551333, 2.246072
-4.637687, 2.20576
-4.689497, 2.181567
-4.689497, 2.181567
-4.689497, 2.181567
-4.689497, 2.181567
-4.689497, 2.181567
-4.689497, 2.181567
-4.689497, 2.181567
-4.689497, 2.181567
-4.689497, 2.181567
-4.689497, 2.181567
-4.689497, 2.181567
-4.689497, 2.181567
-4.689497, 2.181567
-4.689497, 2.181567
-4.661295, 2.166271
-4.590737, 2.128126
-4.520523, 2.089354
-4.450692, 2.049896
-4.381249, 2.009755
-4.312203, 1.968935
-4.243561, 1.927439
-4.17533, 1.885269
-4.107519, 1.842431
-4.040132, 1.798929
-3.973174, 1.754768
-3.906652, 1.70995
-3.840573, 1.664477
-3.774945, 1.618357
-3.709779, 1.571594
-3.645077, 1.524193
-3.580846, 1.476154
-3.517093, 1.427481
-3.453822, 1.378183
-3.391042, 1.328259
-3.32876, 1.277717
-3.266986, 1.226555
-3.205724, 1.174782
-3.14498, 1.122401
-3.084764, 1.069414
-3.025081, 1.015828
-2.965946, 0.9616387
-2.907365, 0.9068484
-2.849354, 0.8514557
-2.791937, 0.795449
-2.741919, 0.7456446
-2.735134, 0.7388169
-2.735134, 0.7388169
-2.735134, 0.7388169
-2.735134, 0.7388169
-2.735134, 0.7388169
-2.735134, 0.7388169
-2.735134, 0.7388169
-2.735134, 0.7388169
-2.735134, 0.7388169
-2.735134, 0.7388169
-2.735134, 0.7388169
-2.735134, 0.7388169
-2.720094, 0.7758791
-2.683079, 0.8687709
-2.647257, 0.9621256
-2.612661, 1.05594
-2.579296, 1.150198
-2.547166, 1.244889
-2.516278, 1.339992
-2.486637, 1.435492
-2.458248, 1.531372
-2.431118, 1.627618
-2.405251, 1.724207
-2.380655, 1.821123
-2.357327, 1.918356
-2.335276, 2.015885
-2.314504, 2.113697
-2.295015, 2.211772
-2.276809, 2.310098
-2.259894, 2.408654
-2.244271, 2.507424
-2.229947, 2.606383
-2.216919, 2.70552
-2.205192, 2.804821
-2.194766, 2.90427
-2.185644, 3.003847
-2.177827, 3.103537
-2.171317, 3.203323
-2.166116, 3.303184
-2.162226, 3.403098
-2.159646, 3.503058
-2.158375, 3.603043
-2.158416, 3.703037
-2.159768, 3.803025
-2.162431, 3.902984
-2.166402, 4.002901
-2.171685, 4.102755
-2.178276, 4.202529
-2.186177, 4.302211
-2.195384, 4.401787
-2.205896, 4.501232
-2.217712, 4.600535
-2.230832, 4.69967
-2.245252, 4.798617
-2.260972, 4.89736
-2.270973, 4.956512
-2.270973, 4.956512
-2.270973, 4.956511
-2.270973, 4.956511
-2.270973, 4.956511
-2.270973, 4.956511
-2.270973, 4.956513
-2.270973, 4.956511
-2.270973, 4.956511
-2.270973, 4.956512
-2.270974, 4.956512
-2.270974, 4.956512
-2.270974, 4.956512
-2.270972, 4.956511
-2.270972, 4.956511
-2.270973, 4.956511
-2.270973, 4.956512
-2.270973, 4.956512
-2.270972, 4.956512
-2.270973, 4.956512
-2.270973, 4.956512
-2.270974, 4.956512
-2.270974, 4.956513
-2.270974, 4.956511
-2.270973, 4.956512
-2.270973, 4.956513
-2.273757, 4.953474
-2.326643, 4.895736
-2.396235, 4.819764
-2.465819, 4.743793
-2.535405, 4.667825
-2.604997, 4.591864
-2.674587, 4.515898
-2.744178, 4.439926
-2.813769, 4.363959
-2.883356, 4.287991
-2.952944, 4.212029
-3.022525, 4.136069
-3.092089, 4.060099
-3.161652, 3.984128
-3.231219, 3.90816
-3.300796, 3.832198
-3.370385, 3.756242
-3.439949, 3.680272
-3.509537, 3.604313
-3.579134, 3.52836
-3.648732, 3.452409
-3.718307, 3.376444
-3.787872, 3.300475
-3.857438, 3.224506
-3.92701, 3.148542
-3.996593, 3.072587
-4.066163, 2.99662
-4.13575, 2.920655
-4.205342, 2.844684
-4.274931, 2.768716
-4.344523, 2.692753
-4.414112, 2.616786
-4.483701, 2.540817
-4.553288, 2.464847
-4.622878, 2.388882
-4.692473, 2.312922
-4.753713, 2.246073
-4.76206, 2.236956
-4.76206, 2.236956
-4.76206, 2.236956
-4.76206, 2.236956
-4.76206, 2.236956
-4.76206, 2.236956
-4.76206, 2.236956
-4.76206, 2.236956
-4.749582, 2.219833
-4.699408, 2.151534
-4.646853, 2.081378
-4.595998, 2.014869
-4.544886, 1.949348
-4.493148, 1.884317
-4.44079, 1.819783
-4.387815, 1.755753
-4.334232, 1.692235
-4.280038, 1.629236
-4.225238, 1.566762
-4.169847, 1.504814
-4.113868, 1.443399
-4.05731, 1.382517
-4.000171, 1.322178
-3.942458, 1.26239
-3.884174, 1.203158
-3.825322, 1.144487
-3.765907, 1.086383
-3.705941, 1.028851
-3.645428, 0.9718965
-3.584374, 0.9155221
-3.522782, 0.8597347
-3.460656, 0.8045424
-3.398005, 0.7499458
-3.334832, 0.6959534
-3.271149, 0.6425668
-3.206959, 0.5897902
-3.142263, 0.53763
-3.077072, 0.4860921
-3.011383, 0.4351867
-2.945213, 0.3849124
-2.878567, 0.3352734
-2.811452, 0.2862725
-2.743871, 0.2379156
-2.675825, 0.1902145
-2.607323, 0.1431707
-2.538374, 0.09678332
-2.471774, 0.05286391
-2.455072, 0.04196422
-2.455072, 0.04196454
-2.455072, 0.0419641
-2.455072, 0.04196417
-2.455071, 0.04196442
-2.455072, 0.0419643
-2.455072, 0.04196429
-2.455071, 0.04196418
-2.455071, 0.04196409
-2.45507, 0.04196347
-2.455071, 0.04196413
-2.455071, 0.04196412
-2.455071, 0.04196441
-2.455071, 0.04196358
-2.455071, 0.04196376
-2.455072, 0.04196417
-2.455071, 0.04196399
-2.455072, 0.04196386
-2.455071, 0.04196532
-2.455071, 0.04196443
-2.455071, 0.04196464
-2.455071, 0.04196453
-2.455071, 0.04196453
-2.455071, 0.04196453
-2.471812, 0.05115493
-2.538918, 0.0876485
-2.609189, 0.1249754
-2.679853, 0.1615534
-2.750907, 0.1973709
-2.822342, 0.2324272
-2.894143, 0.266723
-2.966302, 0.3002561
-3.038817, 0.3330136
-3.111678, 0.3649896
-3.184875, 0.3961899
-3.258399, 0.4266116
-3.332247, 0.4562373
-3.406408, 0.4850747
-3.480874, 0.5131187
-3.555634, 0.5403665
-3.630685, 0.5668072
-3.706009, 0.5924495
-3.781604, 0.6172797
-3.85746, 0.6413042
-3.933567, 0.6645179
-4.009921, 0.6869114
-4.086509, 0.7084894
-4.163328, 0.7292403
-4.240359, 0.7491701
-4.317603, 0.768268
-4.395046, 0.7865382
-4.472685, 0.8039721
-4.550507, 0.8205692
-4.6285, 0.8363277
-4.706658, 0.8512431
-4.784975, 0.8653141
-4.863441, 0.8785335
-4.942045, 0.8908998
-5.020776, 0.9024141
-5.099627, 0.9130648
-5.178594, 0.9228503
-5.257665, 0.9317595
-5.336833, 0.9397718
-5.416082, 0.9468771
-5.492234, 0.9528181
-5.511282, 0.9541813
-5.511282, 0.9541813
-5.511282, 0.9541813
-5.511282, 0.9541813
-5.511282, 0.9541813
-5.511282, 0.9541813
-5.511282, 0.9541813
-5.511282, 0.9541813
-5.5156, 0.9805216
-5.533366, 1.085807
-5.552949, 1.194526
-5.572062, 1.298423
-5.590337, 1.401699
-5.607797, 1.505115
-5.624442, 1.608663
-5.640269, 1.712338
-5.655275, 1.816132
-5.669464, 1.920041
-5.682829, 2.024056
-5.695372, 2.128171
-5.70709, 2.23238
-5.717989, 2.336678
-5.728062, 2.441069
-5.737305, 2.545537
-5.745722, 2.650076
-5.753311, 2.754677
-5.760069, 2.859334
-5.766002, 2.964035
-5.771105, 3.068776
-5.77537, 3.173563
-5.778806, 3.278382
-5.781409, 3.383222
-5.783177, 3.488078
-5.78411, 3.592943
-5.784293, 3.672642
-5.784289, 3.676838
-5.78429, 3.676838
-5.78429, 3.676838
-5.784291, 3.676838
-5.78429, 3.676839
-5.784289, 3.676838
-5.78429, 3.676837
-5.784289, 3.676838
-5.784289, 3.676837
-5.784289, 3.676838
-5.784289, 3.676839
-5.78429, 3.676839
-5.78429, 3.676838
-5.784292, 3.676839
-5.78429, 3.676838
-5.78429, 3.676838
-5.78429, 3.676838
-5.78429, 3.676839
-5.78429, 3.676837
-5.78429, 3.676838
-5.784291, 3.676839
-5.784289, 3.676838
-5.784291, 3.676838
-5.784289, 3.676838
-5.784289, 3.676838
-5.78429, 3.676839
-5.784291, 3.676839
-5.761103, 3.667786
-5.668305, 3.631705
-5.571637, 3.594153
-5.47496, 3.556596
-5.378286, 3.519042
-5.281602, 3.481506
-5.184927, 3.443965
-5.088246, 3.406415
-4.991569, 3.368873
-4.894887, 3.331338
-4.798206, 3.293786
-4.759532, 3.278764
-4.759532, 3.278764
-4.759532, 3.278764
-4.759532, 3.278764
-4.759532, 3.278764
-4.759532, 3.278764
-4.759532, 3.278764
-4.759532, 3.278764
-4.759532, 3.278764
-4.759532, 3.278764
-4.759532, 3.278764
-4.759532, 3.278764
-4.759532, 3.278764
-4.759532, 3.278764
-4.759532, 3.278764
-4.759532, 3.278764
-4.805536, 3.266464
-4.882068, 3.245453
-4.958378, 3.223642
-5.034455, 3.20102
-5.110292, 3.177594
-5.185874, 3.153362
-5.261183, 3.128323
-5.336219, 3.102487
-5.410979, 3.075859
-5.485456, 3.048435
-5.559646, 3.020225
-5.633531, 2.991229
-5.707107, 2.961452
-5.780364, 2.930898
-5.853285, 2.899569
-5.925864, 2.86746
-5.998103, 2.834579
-6.069983, 2.800931
-6.141507, 2.766529
-6.21266, 2.731373
-6.283439, 2.695463
-6.353833, 2.6588
-6.423834, 2.621391
-6.493423, 2.583237
-6.562602, 2.544345
-6.631373, 2.504724
-6.699719, 2.464375
-6.767635, 2.423306
-6.835111, 2.381514
-6.902139, 2.33901
-6.952791, 2.306257
-6.955448, 2.304522
-6.95545, 2.304523
-6.955449, 2.304522
-6.955451, 2.304522
-6.95545, 2.304522
-6.95545, 2.304522
-6.955449, 2.304522
-6.955449, 2.304522
-6.955449, 2.304522
-6.955449, 2.304522
-6.955448, 2.304523
-6.955449, 2.304522
-6.955449, 2.304522
-6.95545, 2.304522
-6.955449, 2.304522
-6.95545, 2.304522
-6.95545, 2.304523
-6.95545, 2.304523
-6.95545, 2.304523
-6.95545, 2.304522
-6.955449, 2.304522
-6.946745, 2.308448
-6.882925, 2.33724
-6.8104, 2.369956
-6.737875, 2.402672
-6.665341, 2.435378
-6.592812, 2.46809
-6.520287, 2.500808
-6.447763, 2.533526
-6.375234, 2.566237
-6.302691, 2.598934
-6.230151, 2.631638
-6.157615, 2.664347
-6.085078, 2.697051
-6.012544, 2.729767
-5.940008, 2.762468
-5.867469, 2.795176
-5.794933, 2.827891
-5.72239, 2.860595
-5.649851, 2.893299
-5.577318, 2.926013
-5.504785, 2.95873
-5.432245, 2.991441
-5.3597, 3.024146
-5.287166, 3.056867
-5.214625, 3.089577
-5.142089, 3.122288
-5.06955, 3.154994
-4.997013, 3.187702
-4.924476, 3.220413
-4.851936, 3.253118
-4.779393, 3.28582
-4.706851, 3.318528
-4.634318, 3.351245
-4.561778, 3.383955
-4.489234, 3.416663
-4.416692, 3.449371
-4.344158, 3.482091
-4.271626, 3.514811
-4.199088, 3.547519
-4.126549, 3.580221
-4.054009, 3.612923
-3.981468, 3.645629
-3.908929, 3.678334
-3.836377, 3.711024
-3.766721, 3.742401
-3.749308, 3.750248
-3.749308, 3.750248
-3.749308, 3.750248
-3.749308, 3.750248
-3.749308, 3.750248
-3.749308, 3.750248
-3.749308, 3.750248
-3.749308, 3.750248
-3.749308, 3.750248
-3.749308, 3.750248
-3.749308, 3.750248
-3.749308, 3.750248
-3.749308, 3.750248
-3.749938, 3.747107
-3.762031, 3.687438
-3.778444, 3.609028
-3.795535, 3.530761
-3.813303, 3.452646
-3.831747, 3.374686
-3.850871, 3.296895
-3.870681, 3.219277
-3.891165, 3.141837
-3.912319, 3.064574
-3.93414, 2.987495
-3.956627, 2.910606
-3.979785, 2.833919
-4.003608, 2.757437
-4.028091, 2.681161
-4.053236, 2.6051
-4.079045, 2.529263
-4.105512, 2.453653
-4.132636, 2.378277
-4.160408, 2.303138
-4.188833, 2.228243
-4.217906, 2.153592
-4.247628, 2.079199
-4.278003, 2.005075
-4.309023, 1.931218
-4.340684, 1.857631
-4.372979, 1.784321
-4.405909, 1.711291
-4.439475, 1.638555
-4.473674, 1.566115
-4.508508, 1.493977
-4.543967, 1.422145
-4.580046, 1.350622
-4.616742, 1.279414
-4.654062, 1.20853
-4.691999, 1.137973
-4.730552, 1.067754
-4.769715, 0.9978727
-4.80948, 0.9283271
-4.849851, 0.8591345
-4.890824, 0.7902997
-4.932397, 0.7218274
-4.974564, 0.6537156
-5.017319, 0.5859715
-5.060672, 0.5186085
-5.10461, 0.4516259
-5.149125, 0.3850276
-5.194221, 0.3188183
-5.239899, 0.2530058
-5.286149, 0.1875933
-5.332968, 0.1225917
-5.378442, 0.06057759
-5.389877, 0.04512277
-5.389877, 0.04512216
-5.389877, 0.04512174
-5.389877, 0.04512228
-5.389877, 0.04512139
-5.389877, 0.04512279
-5.389878, 0.04512245
-5.389877, 0.04512175
-5.389878, 0.04512219
-5.389878, 0.04512296
-5.389878, 0.04512216
-5.389877, 0.04512247
-5.389878, 0.04512207
-5.389877, 0.04512293
-5.389878, 0.04512295
-5.389878, 0.0451221
-5.389879, 0.04512239
-5.389878, 0.04512243
-5.389878, 0.04512268
-5.389879, 0.04512249
-5.389878, 0.04512171
-5.389878, 0.04512291
-5.389879, 0.04512355
-5.389879, 0.04512355
-5.389879, 0.04512355
-5.389879, 0.04512355
-5.370474, 0.1041928
-5.338654, 0.2028125
-5.306816, 0.3014277
-5.274996, 0.4000488
-5.24317, 0.4986688
-5.211341, 0.5972868
-5.179515, 0.69591
-5.147696, 0.7945328
-5.115859, 0.8931521
-5.084029, 0.9917675
-5.052197, 1.090385
-5.020363, 1.188998
-4.988519, 1.28761
-4.956648, 1.386217
-4.924808, 1.484838
-4.892957, 1.583453
-4.861115, 1.682074
-4.83307, 1.768848
-4.829248, 1.780683
-4.829248, 1.780683
-4.829248, 1.780683
-4.829248, 1.780683
-4.829248, 1.780683
-4.829248, 1.780683
-4.829248, 1.780683
-4.829248, 1.780683
-4.829248, 1.780683
-4.829248, 1.780683
-4.829248, 1.780683
-4.829248, 1.780683
-4.829248, 1.780683
-4.829248, 1.780683
-4.829248, 1.780683
-4.828296, 1.777425
-4.810492, 1.715459
-4.786681, 1.634035
-4.762139, 1.552831
-4.736859, 1.471849
-4.710856, 1.391104
-4.68412, 1.310592
-4.656654, 1.230321
-4.628466, 1.150309
-4.599549, 1.070549
-4.569912, 0.9910582
-4.539555, 0.9118438
-4.508473, 0.8329053
-4.476669, 0.7542554
-4.444147, 0.6759012
-4.410905, 0.5978504
-4.376945, 0.5201104
-4.342248, 0.4426919
-4.306824, 0.3656054
-4.27064, 0.2888736
-4.24858, 0.2430011
-4.248579, 0.2430013
-4.248579, 0.2430013
-4.248579, 0.2430013
-4.248579, 0.2430013
-4.248579, 0.2430013
-4.248579, 0.2430013
-4.248579, 0.2430013
-4.248579, 0.2430013
-4.248579, 0.2430013
-4.248579, 0.2430013
-4.246158, 0.2450549
-4.20047, 0.2844353
-4.14084, 0.3368054
-4.081775, 0.389809
-4.023276, 0.4434345
-3.965353, 0.4976774
-3.908003, 0.5525304
-3.851233, 0.607993
-3.795051, 0.6640533
-3.739467, 0.7207075
-3.68449, 0.7779482
-3.63013, 0.8357714
-3.576388, 0.8941679
-3.52327, 0.9531294
-3.470779, 1.012649
-3.418924, 1.072721
-3.367707, 1.13334
-3.317132, 1.194502
-3.267204, 1.256199
-3.217931, 1.318423
-3.169336, 1.381169
-3.121408, 1.444425
-3.074155, 1.508183
-3.027583, 1.57244
-2.981688, 1.637184
-2.936486, 1.702416
-2.891975, 1.768126
-2.848174, 1.834308
-2.805079, 1.900951
-2.762688, 1.968046
-2.721008, 2.035585
-2.680048, 2.103561
-2.63982, 2.171973
-2.600325, 2.240811
-2.561557, 2.310063
-2.523523, 2.379721
-2.486234, 2.449779
-2.449691, 2.520227
-2.413901, 2.591061
-2.37887, 2.662273
-2.344594, 2.733855
-2.311073, 2.805795
-2.27832, 2.878087
-2.246351, 2.950723
-2.215158, 3.023696
-2.18474, 3.096998
-2.155097, 3.170622
-2.126245, 3.244557
-2.098188, 3.318795
-2.070916, 3.393329
-2.050686, 3.450155
-2.049634, 3.45315
-2.049634, 3.453151
-2.049633, 3.45315
-2.049632, 3.453151
-2.049633, 3.453151
-2.049633, 3.453151
-2.049633, 3.45315
-2.049633, 3.453151
-2.049633, 3.453151
-2.049633, 3.45315
-2.049632, 3.453151
-2.049633, 3.45315
-2.049633, 3.45315
-2.049633, 3.453151
-2.049633, 3.453151
-2.049633, 3.453149
-2.049633, 3.453149
-2.049633, 3.45315
-2.049633, 3.453151
-2.049633, 3.45315
-2.049633, 3.453151
-2.049633, 3.45315
-2.049633, 3.45315
-2.049633, 3.45315
-2.049633, 3.45315
-2.053505, 3.451426
-2.127065, 3.418652
-2.223848, 3.375519
-2.32063, 3.332376
-2.417414, 3.289241
-2.5142, 3.246108
-2.610993, 3.202992
-2.707784, 3.159867
-2.804574, 3.116744
-2.901364, 3.073621
-2.998155, 3.030497
-3.094945, 2.987375
-3.191736, 2.944252
-3.288525, 2.90113
-3.385317, 2.858007
-3.482109, 2.814884
-3.578899, 2.771763
-3.675692, 2.72865
-3.772486, 2.685537
-3.869277, 2.642419
-3.966067, 2.599291
-4.06286, 2.556168
-4.159652, 2.513046
-4.256442, 2.469918
-4.353216, 2.426763
-4.449995, 2.383617
-4.546782, 2.340483
-4.643571, 2.29735
-4.736493, 2.255954
-4.759725, 2.245604
-4.759725, 2.245604
-4.759725, 2.245604
-4.759725, 2.245604
-4.759725, 2.245604
-4.759725, 2.245604
-4.759725, 2.245604
-4.759725, 2.245604
-4.759725, 2.245604
-4.75105, 2.222852
-4.71691, 2.135871
-4.684844, 2.056482
-4.652501, 1.977926
-4.619659, 1.899578
-4.586315, 1.821442
-4.552468, 1.743524
-4.518117, 1.665826
-4.483259, 1.588344
-4.447907, 1.511089
-4.41206, 1.43407
-4.375716, 1.357286
-4.338876, 1.280739
-4.301535, 1.20443
-4.263696, 1.128364
-4.225363, 1.052553
-4.186526, 0.9769914
-4.147196, 0.9016925
-4.107356, 0.8266585
-4.067005, 0.7518984
-4.027774, 0.6803988
-4.017898, 0.662562
-4.017898, 0.662562
-4.017898, 0.662562
-4.017898, 0.662562
-4.017898, 0.662562
-4.017898, 0.662562
-4.017898, 0.662562
-4.017898, 0.662562
-4.017898, 0.662562
-4.017898, 0.662562
-4.017898, 0.662562
-4.053073, 0.6523363
-4.14102, 0.6267903
-4.228812, 0.6007326
-4.316439, 0.5741224
-4.403896, 0.5469589
-4.491179, 0.5192373
-4.578288, 0.4909695
-4.665223, 0.4621588
-4.751975, 0.4328006
-4.838544, 0.4028932
-4.924919, 0.37244
-5.011096, 0.3414365
-5.097077, 0.3098924
-5.182856, 0.2778016
-5.268427, 0.2451738
-5.353786, 0.2120026
-5.438943, 0.1782891
-5.523879, 0.1440398
-5.608602, 0.1092575
-5.693107, 0.07394342
-5.757185, 0.04676732
-5.760553, 0.04532881
-5.760552, 0.04532854
-5.760553, 0.04532949
-5.760553, 0.04532898
-5.760553, 0.04532893
-5.760553, 0.04532915
-5.760553, 0.04532821
-5.760552, 0.04532849
-5.760553, 0.04532818
-5.760553, 0.04532827
-5.760554, 0.04532876
-5.760553, 0.04532864
-5.760552, 0.04532863
-5.760552, 0.04532912
-5.760552, 0.04532881
-5.760553, 0.04532818
-5.760553, 0.04532803
-5.760553, 0.04532844
-5.760553, 0.04532868
-5.760552, 0.04532867
-5.760552, 0.04532909
-5.760552, 0.04532875
-5.760553, 0.04532935
-5.760553, 0.04532931
-5.760552, 0.04532975
-5.760554, 0.04532928
-5.760554, 0.0453294
-5.760554, 0.0453294
-5.760554, 0.0453294
-5.757641, 0.05473483
-5.736856, 0.1238831
-5.713403, 0.2025096
-5.689951, 0.281139
-5.666509, 0.3597717
-5.643064, 0.4384016
-5.619623, 0.5170345
-5.596178, 0.5956668
-5.572728, 0.6742969
-5.549273, 0.7529234
-5.525823, 0.83155
-5.502371, 0.910179
-5.478919, 0.9888085
-5.45547, 1.067439
-5.432017, 1.146068
-5.408572, 1.224701
-5.385134, 1.303334
-5.361685, 1.381966
-5.338241, 1.460598
-5.314807, 1.539234
-5.29136, 1.617866
-5.267925, 1.696503
-5.24448, 1.775137
-5.221043, 1.853774
-5.197593, 1.932405
-5.17416, 2.011045
-5.15073, 2.089682
-5.127296, 2.16832
-5.103844, 2.24695
-5.080392, 2.325576
-5.056937, 2.404205
-5.033492, 2.482834
-5.010039, 2.561464
-4.986598, 2.640099
-4.963155, 2.718734
-4.939711, 2.797366
-4.916258, 2.875993
-4.892806, 2.954622
-4.869349, 3.03325
-4.845895, 3.111879
-4.822448, 3.190514
-4.801812, 3.259715
-4.798998, 3.269151
-4.798998, 3.269151
-4.798998, 3.269151
-4.798998, 3.269151
-4.798998, 3.269151
-4.798998, 3.269151
-4.798999, 3.269152
-4.798999, 3.26915
-4.798999, 3.269151
-4.798999, 3.269152
-4.799, 3.269151
-4.798999, 3.269151
-4.798999, 3.269151
-4.798998, 3.26915
-4.798998, 3.269152
-4.798997, 3.269151
-4.799, 3.269151
-4.798999, 3.269151
-4.798999, 3.26915
-4.798999, 3.269151
-4.798999, 3.269152
-4.798999, 3.269151
-4.799, 3.269151
-4.798998, 3.269151
-4.798999, 3.269152
-4.798998, 3.269151
-4.798999, 3.269151
-4.799001, 3.269152
-4.798999, 3.269151
-4.798999, 3.269152
-4.799, 3.269152
-4.799, 3.269152
-4.799, 3.269151
-4.799, 3.269152
-4.798999, 3.269152
-4.799001, 3.269152
-4.798999, 3.269152
-4.799, 3.269152
-4.798998, 3.26915
-4.786513, 3.252988
-4.737765, 3.190305
-4.688861, 3.127798
-4.639757, 3.065452
-4.590448, 3.003269
-4.540933, 2.941247
-4.491212, 2.87939
-4.441293, 2.817701
-4.391172, 2.756172
-4.340843, 2.694809
-4.290304, 2.633617
-4.239566, 2.57259
-4.200877, 2.526313
-4.198837, 2.52388
-4.198836, 2.52388
-4.198838, 2.52388
-4.198838, 2.52388
-4.198838, 2.52388
-4.198836, 2.523879
-4.198837, 2.52388
-4.198837, 2.523879
-4.198838, 2.52388
-4.198838, 2.52388
-4.198838, 2.52388
-4.198837, 2.52388
-4.198837, 2.52388
-4.198838, 2.523881
-4.198838, 2.52388
-4.198838, 2.523881
-4.198838, 2.52388
-4.198838, 2.52388
-4.198837, 2.52388
-4.198838, 2.52388
-4.198839, 2.52388
-4.198838, 2.52388
-4.198839, 2.523881
-4.198837, 2.523881
-4.198838, 2.52388
-4.198837, 2.523881
-4.198838, 2.523881
-4.198838, 2.523881
-4.198838, 2.523881
-4.198838, 2.523881
-4.198838, 2.523881
-4.209001, 2.521791
-4.283524, 2.506463
-4.368209, 2.48904
-4.452893, 2.471617
-4.537581, 2.454197
-4.62227, 2.436772
-4.706959, 2.419353
-4.791642, 2.401934
-4.876325, 2.384514
-4.96101, 2.36709
-5.045698, 2.349675
-5.130385, 2.33226
-5.215075, 2.314836
-5.299761, 2.297412
-5.384448, 2.279995
-5.469138, 2.262566
-5.553836, 2.245147
-5.63853, 2.227693
-5.713059, 2.212347
-5.723225, 2.210257
-5.723225, 2.210257
-5.723225, 2.210257
-5.723225, 2.210257
-5.723225, 2.210257
-5.723225, 2.210257
-5.723225, 2.210257
-5.723225, 2.210257
-5.723225, 2.210257
-5.723225, 2.210257
-5.723225, 2.210257
-5.723225, 2.210257
-5.723225, 2.210257
-5.723225, 2.210257
-5.672993, 2.170856
-5.588601, 2.106041
-5.503706, 2.04189
-5.418309, 1.978412
-5.332411, 1.915612
-5.246021, 1.853485
-5.159144, 1.792043
-5.071791, 1.731285
-4.983956, 1.671221
-4.895657, 1.61185
-4.80689, 1.553173
-4.717666, 1.495195
-4.62799, 1.437924
-4.537868, 1.381359
-4.447302, 1.325506
-4.356296, 1.270375
-4.264859, 1.215957
-4.172997, 1.16226
-4.080714, 1.109292
-3.988016, 1.057059
-3.894914, 1.005553
-3.801406, 0.9547862
-3.707498, 0.9047632
-3.613195, 0.8554776
-3.518502, 0.8069313
-3.423435, 0.7591387
-3.327992, 0.7120963
-3.232183, 0.6658088
-3.136006, 0.6202826
-3.039472, 0.5755205
-2.942587, 0.5315161
-2.845358, 0.4882845
-2.747791, 0.4458235
-2.649888, 0.4041352
-2.55166, 0.3632253
-2.453112, 0.3230904
-2.354249, 0.2837436
-2.255076, 0.2451796
-2.1556, 0.2074075
-2.059829, 0.1718794
-2.035851, 0.1630914
-2.035851, 0.1630933
-2.035851, 0.1630928
-2.035851, 0.1630933
-2.035851, 0.1630924
-2.035851, 0.1630922
-2.035851, 0.1630923
-2.035851, 0.1630928
-2.035851, 0.1630927
-2.035851, 0.1630929
-2.035851, 0.1630928
-2.03585, 0.1630926
-2.035852, 0.1630929
-2.035851, 0.1630926
-2.03585, 0.1630927
-2.03585, 0.1630928
-2.035851, 0.1630929
-2.035851, 0.1630927
-2.035851, 0.1630923
-2.035851, 0.1630929
-2.035851, 0.1630925
-2.035851, 0.1630918
-2.047361, 0.1686546
-2.131765, 0.2094495
-2.227681, 0.2558107
-2.3236, 0.3021809
-2.419526, 0.3485361
-2.515448, 0.3948998
-2.611368, 0.4412679
-2.707291, 0.4876305
-2.803213, 0.5339934
-2.899127, 0.5803776
-2.995043, 0.6267549
-3.090966, 0.6731167
-3.186891, 0.7194747
-3.259792, 0.7547113
-3.263628, 0.756566
-3.263628, 0.756566
-3.263628, 0.756566
-3.263628, 0.756566
-3.263628, 0.756566
-3.263628, 0.756566
-3.263628, 0.756566
-3.263628, 0.756566
-3.263628, 0.756566
-3.263628, 0.756566
-3.263628, 0.756566
-3.263628, 0.756566
-3.263628, 0.756566
-3.263628, 0.756566
-3.234162, 0.7683817
-3.160653, 0.7983029
-3.087457, 0.8289844
-3.014598, 0.8604498
-2.942075, 0.8926944
-2.8699, 0.9257045
-2.798087, 0.9594969
-2.726638, 0.9940506
-2.655564, 1.029365
-2.584875, 1.065445
-2.514579, 1.102283
-2.444681, 1.139877
-2.375193, 1.178226
-2.30612, 1.217319
-2.237478, 1.257161
-2.169276, 1.297744
-2.101518, 1.339067
-2.050311, 1.37094
-2.047623, 1.372628
-2.047623, 1.372628
-2.047623, 1.372629
-2.047623, 1.372629
-2.047623, 1.372627
-2.047623, 1.372629
-2.047623, 1.372628
-2.047622, 1.372628
-2.047623, 1.372629
-2.047623, 1.372628
-2.047623, 1.372628
-2.047623, 1.372629
-2.047623, 1.372629
-2.047623, 1.372628
-2.047623, 1.372629
-2.047624, 1.372628
-2.047623, 1.372628
-2.047622, 1.372628
-2.047622, 1.372627
-2.047622, 1.372627
-2.047623, 1.372628
-2.047623, 1.372628
-2.047623, 1.372629
-2.047623, 1.372628
-2.047623, 1.372628
-2.047623, 1.372628
-2.047623, 1.372628
-2.047623, 1.372628
-2.047622, 1.372628
-2.047623, 1.372628
-2.059064, 1.393966
-2.104834, 1.479316
-2.152511, 1.568222
-2.20019, 1.657128
-2.245988, 1.742473
-2.25744, 1.763808
-2.25744, 1.763808
-2.25744, 1.763808
-2.25744, 1.763808
-2.25744, 1.763808
-2.25744, 1.763808
-2.25563, 1.766416
-2.221021, 1.815819
-2.175874, 1.881092
-2.131425, 1.946839
-2.087681, 2.013055
-2.049757, 2.071705
-2.044621, 2.079725
-2.04462, 2.079725
-2.044621, 2.079725
-2.04462, 2.079725
-2.044621, 2.079725
-2.044621, 2.079725
-2.044621, 2.079725
-2.044621, 2.079725
-2.044621, 2.079725
-2.044621, 2.079725
-2.044621, 2.079725
-2.04462, 2.079726
-2.044621, 2.079725
-2.044621, 2.079725
-2.044621, 2.079725
-2.044621, 2.079725
-2.044621, 2.079725
-2.044621, 2.079724
-2.044621, 2.079724
-2.04462, 2.079725
-2.044621, 2.079725
-2.044621, 2.079725
-2.044621, 2.079725
-2.044621, 2.079725
-2.044621, 2.079726
-2.044621, 2.079725
-2.044621, 2.079725
-2.044621, 2.079725
-2.047575, 2.080885
-2.103775, 2.102791
-2.177945, 2.131032
-2.252418, 2.158486
-2.327177, 2.185132
-2.402219, 2.210973
-2.477536, 2.236005
-2.553116, 2.260222
-2.628953, 2.283618
-2.70504, 2.306194
-2.781367, 2.327945
-2.857928, 2.348859
-2.934715, 2.368935
-3.011716, 2.388156
-3.088929, 2.406516
-3.166345, 2.423997
-3.240854, 2.439911
-3.259507, 2.443769
-3.259507, 2.443769
-3.259507, 2.443769
-3.259507, 2.443769
-3.259507, 2.443769
-3.259507, 2.443769
-3.259507, 2.443769
-3.259507, 2.443769
-3.259507, 2.443769
-3.259507, 2.443769
-3.259507, 2.443769
-3.259507, 2.443769
-3.259507, 2.443769
-3.259507, 2.443769
-3.259507, 2.443769
-3.24281, 2.452936
-3.176172, 2.489868
-3.107144, 2.529024
-3.038533, 2.568919
-2.970352, 2.609541
-2.902606, 2.650884
-2.835307, 2.692941
-2.768464, 2.735721
-2.702074, 2.779203
-2.636151, 2.82339
-2.570706, 2.868285
-2.505747, 2.913878
-2.441273, 2.960157
-2.377294, 3.007128
-2.313824, 3.054773
-2.250865, 3.103092
-2.188428, 3.152089
-2.126518, 3.201745
-2.065144, 3.252065
-2.040723, 3.27235
-2.040724, 3.27235
-2.040723, 3.272351
-2.040723, 3.27235
-2.040723, 3.272351
-2.040724, 3.272351
-2.040724, 3.27235
-2.040724, 3.27235
-2.040724, 3.27235
-2.040724, 3.27235
-2.040722, 3.27235
-2.040724, 3.27235
-2.040724, 3.27235
-2.040723, 3.272349
-2.040724, 3.27235
-2.040724, 3.272349
-2.040723, 3.27235
-2.040723, 3.272351
-2.040724, 3.272349
-2.040723, 3.27235
-2.040723, 3.272349
-2.040723, 3.27235
-2.040723, 3.272351
-2.040722, 3.272352
-2.040722, 3.272352
-2.040722, 3.272352
-2.063143, 3.27206
-2.186457, 3.270455
-2.320981, 3.268706
-2.455505, 3.266957
-2.590029, 3.265198
-2.724554, 3.263435
-2.859079, 3.261687
-2.993611, 3.259928
-3.128138, 3.258143
-3.26267, 3.25637
-3.397204, 3.25461
-3.531751, 3.252827
-3.666289, 3.251045
-3.744774, 3.250018
-3.744774, 3.250018
-3.744774, 3.250018
-3.744774, 3.250018
-3.744774, 3.250018
-3.744774, 3.250018
-3.747548, 3.257454
-3.775306, 3.331802
-3.809488, 3.420692
-3.844806, 3.509145
-3.88125, 3.59713
-3.91883, 3.684633
-3.957532, 3.77165
-3.997351, 3.858164
-4.038277, 3.94416
-4.080314, 4.029617
-4.123454, 4.114525
-4.167691, 4.198863
-4.213022, 4.282615
-4.259448, 4.36577
-4.306964, 4.448307
-4.355575, 4.530202
-4.405299, 4.611433
-4.454733, 4.689722
-4.492618, 4.74389
-4.549731, 4.820096
-4.60781, 4.89558
-4.650319, 4.949658
-4.651963, 4.951729
-4.651964, 4.951729
-4.651964, 4.951729
-4.651964, 4.951729
-4.651964, 4.95173
-4.651964, 4.951728
-4.651964, 4.95173
-4.651964, 4.95173
-4.651964, 4.95173
-4.651964, 4.951729
-4.651965, 4.951729
-4.651965, 4.951731
-4.651964, 4.95173
-4.651964, 4.951731
-4.651965, 4.951729
-4.651964, 4.95173
-4.651965, 4.95173
-4.651964, 4.95173
-4.651964, 4.95173
-4.651965, 4.951732
-4.651965, 4.951729
-4.651966, 4.951729
-4.651966, 4.951729
-4.651966, 4.951729
-4.651966, 4.951729
-4.651966, 4.951729
-4.651966, 4.951729
-4.651966, 4.951729
-4.651966, 4.951729
-4.651966, 4.951729
-4.651966, 4.951729
-4.655666, 4.887875
-4.661808, 4.790027
-4.668949, 4.695066
-4.677311, 4.600194
-4.686887, 4.505447
-4.697681, 4.410826
-4.709693, 4.31636
-4.722933, 4.222055
-4.734859, 4.143594
-4.736092, 4.135756
-4.736093, 4.135755
-4.736092, 4.135754
-4.736093, 4.135756
-4.736091, 4.135755
-4.736092, 4.135756
-4.736092, 4.135754
-4.736092, 4.135755
-4.736093, 4.135755
-4.736093, 4.135755
-4.736092, 4.135755
-4.736092, 4.135755
-4.736092, 4.135755
-4.736091, 4.135755
-4.736092, 4.135754
-4.736093, 4.135755
-4.736092, 4.135756
-4.736092, 4.135754
-4.736093, 4.135756
-4.736093, 4.135754
-4.736094, 4.135755
-4.736092, 4.135755
-4.736093, 4.135756
-4.736092, 4.135755
-4.736093, 4.135756
-4.736093, 4.135754
-4.736092, 4.135755
-4.736092, 4.135756
-4.736092, 4.135755
-4.736093, 4.135756
-4.736091, 4.135754
-4.736092, 4.135755
-4.73676, 4.09921
-4.739096, 3.971306
-4.741493, 3.839749
-4.74389, 3.708193
-4.746275, 3.576637
-4.748626, 3.445081
-4.751013, 3.313525
-4.752418, 3.23678
-4.752418, 3.23678
-4.752418, 3.23678
-4.742688, 3.22275
-4.689296, 3.145527
-4.631443, 3.061122
-4.57398, 2.976464
-4.516901, 2.891541
-4.460204, 2.806367
-4.403883, 2.720943
-4.347947, 2.635266
-4.292398, 2.549346
-4.237248, 2.463176
-4.182483, 2.376761
-4.128104, 2.290098
-4.074118, 2.203192
-4.020516, 2.116041
-3.967314, 2.02865
-3.914507, 1.941013
-3.862092, 1.853135
-3.810072, 1.765032
-3.758449, 1.67669
-3.707227, 1.58811
-3.656402, 1.49931
-3.605981, 1.410277
-3.555965, 1.321006
-3.506359, 1.231509
-3.457161, 1.141788
-3.408382, 1.051843
-3.360028, 0.9616756
-3.312098, 0.8712758
-3.264609, 0.7806423
-3.244945, 0.7428186
-3.244945, 0.7428186
-3.244945, 0.7428186
-3.244945, 0.7428186
-3.244945, 0.7428186
-3.244945, 0.7428186
-3.244945, 0.7428186
-3.244945, 0.7428186
-3.244945, 0.7428186
-3.244945, 0.7428186
-3.244945, 0.7428186
-3.241302, 0.7498698
-3.205078, 0.820482
-3.162333, 0.9055875
-3.120472, 0.9911352
-3.0795, 1.077111
-3.039433, 1.1635
-3.000262, 1.250303
-2.968282, 1.322942
-2.965114, 1.33022
-2.965114, 1.330221
-2.965114, 1.33022
-2.965114, 1.33022
-2.965113, 1.33022
-2.965114, 1.330221
-2.965115, 1.33022
-2.965114, 1.330221
-2.965115, 1.33022
-2.965114, 1.33022
-2.965114, 1.33022
-2.965113, 1.33022
-2.965114, 1.33022
-2.965115, 1.33022
-2.965114, 1.33022
-2.965114, 1.33022
-2.965113, 1.33022
-2.965113, 1.33022
-2.965115, 1.330219
-2.965114, 1.33022
-2.965113, 1.330219
-2.965115, 1.33022
-2.965114, 1.33022
-2.965115, 1.33022
-2.965113, 1.33022
-2.965114, 1.330221
-2.965113, 1.33022
-2.965113, 1.33022
-3.027837, 1.376124
-3.13534, 1.454844
-3.242841, 1.533569
-3.350342, 1.612294
-3.457843, 1.691016
-3.565346, 1.769738
-3.672851, 1.848454
-3.780353, 1.927175
-3.88786, 2.005888
-3.995371, 2.084597
-4.102886, 2.163301
-4.207433, 2.239802
-4.237308, 2.261655
-4.237308, 2.261655
-4.237308, 2.261655
-4.237308, 2.261655
-4.237308, 2.261655
-4.237308, 2.261655
-4.237308, 2.261655
-4.237308, 2.261655
-4.237308, 2.261655
-4.237308, 2.261655
-4.237308, 2.261655
-4.237308, 2.261655
-4.229405, 2.262387
-4.150405, 2.269998
-4.055707, 2.280129
-3.961145, 2.291465
-3.86674, 2.304015
-3.772506, 2.317768
-3.678457, 2.33272
-3.584603, 2.348887
-3.49096, 2.366254
-3.397558, 2.384823
-3.304403, 2.404585
-3.211509, 2.425537
-3.118883, 2.447695
-3.026551, 2.47104
-2.934531, 2.49557
-2.842833, 2.521287
-2.751476, 2.548186
-2.660476, 2.576271
-2.569845, 2.605537
-2.479607, 2.635978
-2.389779, 2.667599
-2.300372, 2.700402
-2.211419, 2.734408
-2.122939, 2.769641
-2.05934, 2.795845
-2.0569, 2.796868
-2.0569, 2.796868
-2.0569, 2.796868
-2.0569, 2.796868
-2.0569, 2.796868
-2.0569, 2.796868
-2.0569, 2.796868
-2.0569, 2.796868
-2.0569, 2.796868
-2.0569, 2.796868
-2.060227, 2.763764
-2.071771, 2.647886
-2.08338, 2.52867
-2.094708, 2.409426
-2.105757, 2.290158
-2.116514, 2.170858
-2.127007, 2.051539
-2.137219, 1.932193
-2.147156, 1.812819
-2.156807, 1.693426
-2.166191, 1.574012
-2.175286, 1.454574
-2.184112, 1.335117
-2.192655, 1.215644
-2.20093, 1.096149
-2.208916, 0.9766348
-2.216624, 0.8570995
-2.224049, 0.7375471
-2.23121, 0.6179786
-2.238083, 0.4983938
-2.244679, 0.3787915
-2.250985, 0.2591733
-2.257015, 0.1395395
-2.261207, 0.05312948
-2.261367, 0.04980547
-2.261367, 0.04980616
-2.261367, 0.04980616
-2.261367, 0.04980622
-2.261366, 0.04980703
-2.261367, 0.04980559
-2.261367, 0.0498065
-2.261367, 0.04980579
-2.261367, 0.04980538
-2.261366, 0.04980653
-2.261366, 0.04980723
-2.261367, 0.04980605
-2.261366, 0.04980606
-2.261367, 0.0498064
-2.261367, 0.04980646
-2.261367, 0.04980646
-2.261366, 0.04980636
-2.261367, 0.04980628
-2.261368, 0.04980622
-2.261368, 0.04980606
-2.261366, 0.04980687
-2.261366, 0.04980687
-2.261366, 0.04980687
-2.266463, 0.05606871
-2.317424, 0.1186884
-2.378574, 0.1938229
-2.439732, 0.2689442
-2.50089, 0.3440655
-2.562047, 0.4191871
-2.623204, 0.4943087
-2.684352, 0.5694496
-2.745488, 0.6446136
-2.806638, 0.7197484
-2.867793, 0.7948731
-2.928941, 0.870005
-2.990086, 0.9451382
-3.051236, 1.020267
-3.112382, 1.0954
-3.173536, 1.170524
-3.234688, 1.245651
-3.295833, 1.320785
-3.356987, 1.395909
-3.418134, 1.47104
-3.479281, 1.546171
-3.540434, 1.621297
-3.601588, 1.696421
-3.662743, 1.771545
-3.723897, 1.846669
-3.785045, 1.9218
-3.846191, 1.996932
-3.907346, 2.072057
-3.968493, 2.14719
-4.029629, 2.222334
-4.090778, 2.297468
-4.151922, 2.37261
-4.213064, 2.447758
-4.27423, 2.522892
-4.335418, 2.598018
-4.39658, 2.673162
-4.457728, 2.748315
-4.518878, 2.823467
-4.58003, 2.898616
-4.641179, 2.973768
-4.702331, 3.048914
-4.763474, 3.124055
-4.819521, 3.192933
-4.829715, 3.205456
-4.829715, 3.205456
-4.829715, 3.205456
-4.829715, 3.205456
-4.829715, 3.205456
-4.829715, 3.205456
-4.829715, 3.205456
-4.829715, 3.205456
-4.829715, 3.205456
-4.829715, 3.205456
-4.842176, 3.180037
-4.886067, 3.091194
-4.931831, 3.000112
-4.978226, 2.909363
-5.025257, 2.818944
-5.072917, 2.72886
-5.121204, 2.639115
-5.170126, 2.549715
-5.219679, 2.460659
-5.269857, 2.37195
-5.320655, 2.283593
-5.372073, 2.195593
-5.424101, 2.10795
-5.476742, 2.020677
-5.529999, 1.933775
-5.583873, 1.847247
-5.638363, 1.761101
-5.693443, 1.675336
-5.749123, 1.589969
-5.805401, 1.505001
-5.862273, 1.420429
-5.919744, 1.336265
-5.977809, 1.252506
-6.036457, 1.16915
-6.095685, 1.086208
-6.155503, 1.003686
-6.215904, 0.9215812
-6.276886, 0.8399067
-6.33843, 0.7586727
-6.400548, 0.6778778
-6.463244, 0.5975262
-6.526505, 0.5176112
-6.590323, 0.4381375
-6.654705, 0.3591143
-6.719643, 0.2805553
-6.785134, 0.2024653
-6.851179, 0.1248416
-6.912191, 0.05408527
-6.923326, 0.04125442
-6.923326, 0.04125544
-6.923326, 0.04125548
-6.923326, 0.04125562
-6.923328, 0.04125552
-6.923326, 0.04125471
-6.923326, 0.04125597
-6.923327, 0.04125546
-6.923327, 0.04125561
-6.923328, 0.04125604
-6.923327, 0.04125541
-6.923326, 0.04125543
-6.923328, 0.0412557
-6.923328, 0.04125565
-6.923326, 0.04125564
-6.923326, 0.04125627
-6.923325, 0.04125648
-6.923327, 0.04125527
-6.923327, 0.04125527
-6.923327, 0.04125527
-6.923327, 0.04125527
-6.920682, 0.04403943
-6.851935, 0.1164367
-6.756735, 0.2166796
-6.661524, 0.3169087
-6.566309, 0.4171415
-6.4711, 0.5173751
-6.375885, 0.6175925
-6.280694, 0.7178277
-6.241024, 0.7595888
-6.241024, 0.759589
-6.241024, 0.759589
-6.241024, 0.759589
-6.241024, 0.759589
-6.241024, 0.759589
-6.241024, 0.759589
-6.241024, 0.759589
-6.241024, 0.759589
-6.241024, 0.759589
-6.241024, 0.759589
-6.241024, 0.759589
-6.241024, 0.759589
-6.243572, 0.7588751
-6.30974, 0.7400954
-6.401113, 0.7132427
-6.49214, 0.6852308
-6.582806, 0.6560621
-6.6731, 0.6257405
-6.762996, 0.5942647
-6.852488, 0.5616485
-6.939091, 0.5288607
-6.963771, 0.5193282
-6.963771, 0.5193277
-6.96377, 0.5193281
-6.96377, 0.5193289
-6.963772, 0.5193283
-6.963774, 0.5193291
-6.963771, 0.5193283
-6.963771, 0.5193283
-6.963773, 0.5193286
-6.963772, 0.5193279
-6.963772, 0.5193277
-6.963771, 0.5193282
-6.963771, 0.5193281
-6.963772, 0.5193283
-6.963772, 0.5193275
-6.963772, 0.519327
-6.963771, 0.5193281
-6.963771, 0.519329
-6.963772, 0.5193278
-6.951492, 0.5303463
-6.884299, 0.5913299
-6.81107, 0.6579478
-6.737839, 0.7245663
-6.664612, 0.7911889
-6.591402, 0.8578134
-6.518176, 0.9244359
-6.444944, 0.9910532
-6.371715, 1.057672
-6.298483, 1.124288
-6.225254, 1.190909
-6.152025, 1.25753
-6.07879, 1.324145
-6.005569, 1.390762
-5.932345, 1.457383
-5.859121, 1.523997
-5.785898, 1.590621
-5.712674, 1.657236
-5.639443, 1.723853
-5.566213, 1.790466
-5.492982, 1.857083
-5.41975, 1.923699
-5.346523, 1.990318
-5.273283, 2.056928
-5.200052, 2.123544
-5.126828, 2.19016
-5.053594, 2.256775
-4.980365, 2.32339
-4.907135, 2.390009
-4.833899, 2.456622
-4.76067, 2.52324
-4.687445, 2.589858
-4.614213, 2.656474
-4.540975, 2.723087
-4.467743, 2.789709
-4.394507, 2.856324
-4.321273, 2.922942
-4.24805, 2.989572
-4.174843, 3.056221
-4.101628, 3.122849
-4.028404, 3.189468
-3.95519, 3.256097
-3.881957, 3.322711
-3.808725, 3.389325
-3.735497, 3.455946
-3.662257, 3.522558
-3.589031, 3.589184
-3.515806, 3.65581
-3.442575, 3.722424
-3.369336, 3.789034
-3.296102, 3.85565
-3.222864, 3.92226
-3.149637, 3.988876
-3.0764, 4.055486
-3.009275, 4.116566
-2.997068, 4.127668
-2.997068, 4.127668
-2.997068, 4.127668
-2.997069, 4.127667
-2.997068, 4.127669
-2.99707, 4.127668
-2.997069, 4.127667
-2.997068, 4.127668
-2.997069, 4.127667
-2.997069, 4.127668
-2.99707, 4.127668
-2.997069, 4.127669
-2.997069, 4.127668
-2.997069, 4.127668
-2.997069, 4.127669
-2.997069, 4.127668
-2.997069, 4.127668
-2.997068, 4.127668
-2.99707, 4.127669
-2.99707, 4.127668
-2.997068, 4.127668
-2.997068, 4.127668
-2.997068, 4.12767
-3.017906, 4.105495
-3.08424, 4.035316
-3.149928, 3.966374
-3.215885, 3.897686
-3.282114, 3.829255
-3.348624, 3.761092
-3.415408, 3.693195
-3.482453, 3.625563
-3.549773, 3.558195
-3.617363, 3.491086
-3.685217, 3.424245
-3.753332, 3.357668
-3.821715, 3.29137
-3.890361, 3.225346
-3.959261, 3.159594
-4.028424, 3.094131
-4.086252, 3.039781
-4.092043, 3.034355
-4.092043, 3.034355
-4.092044, 3.034355
-4.092045, 3.034355
-4.092043, 3.034355
-4.092044, 3.034355
-4.092043, 3.034355
-4.092044, 3.034354
-4.092044, 3.034356
-4.092043, 3.034355
-4.092043, 3.034354
-4.092043, 3.034354
-4.092042, 3.034354
-4.092044, 3.034355
-4.092043, 3.034354
-4.092044, 3.034354
-4.092043, 3.034355
-4.092043, 3.034355
-4.092044, 3.034354
-4.092045, 3.034356
-4.092042, 3.034354
-4.092043, 3.034356
-4.092042, 3.034355
-4.092043, 3.034354
-4.092044, 3.034355
-4.092043, 3.034355
-4.092044, 3.034354
-4.092042, 3.034354
-4.092043, 3.034354
-4.092706, 3.031253
-4.10991, 2.950582
-4.133726, 2.838879
-4.157549, 2.72718
-4.181377, 2.615484
-4.205197, 2.503783
-4.229002, 2.392077
-4.252144, 2.283465
-4.258755, 2.252433
-4.258755, 2.252433
-4.258755, 2.252433
-4.254827, 2.245538
-4.214816, 2.17701
-4.165791, 2.095379
-4.115729, 2.014371
-4.064629, 1.934
-4.012506, 1.854284
-3.959372, 1.775236
-3.905231, 1.696886
-3.8501, 1.619234
-3.79399, 1.542289
-3.736907, 1.466061
-3.678859, 1.390564
-3.619849, 1.315827
-3.559886, 1.241842
-3.498981, 1.168622
-3.437146, 1.096185
-3.374391, 1.024545
-3.31073, 0.9537191
-3.246173, 0.8837124
-3.180735, 0.8145278
-3.114418, 0.746177
-3.047228, 0.6786897
-2.979176, 0.6120589
-2.910278, 0.5463031
-2.840549, 0.4814332
-2.769999, 0.417467
-2.698647, 0.3544033
-2.626494, 0.2922542
-2.553536, 0.2310386
-2.479801, 0.1707565
-2.405306, 0.1114203
-2.336375, 0.05785641
-2.323786, 0.04818919
-2.323786, 0.04818917
-2.323784, 0.04818873
-2.323786, 0.04818948
-2.323785, 0.04818959
-2.323786, 0.04818991
-2.323786, 0.04819008
-2.323784, 0.04818925
-2.323785, 0.04818892
-2.323785, 0.048189
-2.323785, 0.04818929
-2.323785, 0.04818803
-2.323784, 0.04818931
-2.323785, 0.04818833
-2.323785, 0.04818982
-2.323786, 0.04819008
-2.323785, 0.04818897
-2.326656, 0.05072335
-2.401258, 0.1166409
-2.504556, 0.2079089
-2.607866, 0.2991659
-2.711164, 0.3904338
-2.814478, 0.4817024
-2.917796, 0.5729745
-3.021112, 0.6642517
-3.124428, 0.7555293
-3.227743, 0.846807
-3.331065, 0.9380746
-3.434381, 1.029353
-3.537696, 1.120631
-3.641016, 1.211903
-3.744331, 1.303182
-3.847646, 1.394461
-3.950968, 1.485731
-4.054298, 1.57699
-4.157645, 1.668231
-4.243767, 1.744265
-4.252379, 1.751869
-4.252379, 1.751869
-4.252379, 1.751869
-4.252379, 1.751869
-4.252379, 1.751869
-4.252379, 1.751869
-4.252379, 1.751869
-4.252379, 1.751869
-4.252379, 1.751869
-4.252379, 1.751869
-4.244818, 1.754279
-4.169106, 1.778068
-4.078497, 1.807392
-3.988271, 1.837863
-3.898443, 1.869483
-3.809022, 1.902252
-3.720025, 1.936162
-3.631461, 1.971199
-3.543352, 2.007359
-3.455712, 2.044637
-3.36855, 2.083028
-3.281897, 2.122543
-3.195759, 2.163152
-3.110143, 2.204849
-3.025064, 2.247628
-2.940536, 2.291502
-2.856569, 2.336456
-2.773177, 2.382472
-2.690388, 2.429546
-2.608213, 2.477684
-2.52666, 2.526868
-2.44574, 2.577082
-2.365468, 2.628325
-2.285847, 2.6806
-2.206911, 2.733885
-2.128669, 2.78817
-2.057544, 2.838786
-2.044665, 2.848065
-2.044665, 2.848064
-2.044666, 2.848064
-2.044665, 2.848064
-2.044665, 2.848063
-2.044666, 2.848065
-2.044665, 2.848064
-2.044665, 2.848064
-2.044665, 2.848065
-2.044665, 2.848064
-2.044665, 2.848065
-2.044665, 2.848065
-2.044665, 2.848063
-2.044665, 2.848064
-2.044667, 2.848064
-2.044666, 2.848064
-2.044665, 2.848064
-2.044666, 2.848064
-2.044666, 2.848065
-2.044666, 2.848067
-2.044666, 2.848067
-2.044666, 2.848067
-2.044666, 2.848067
-2.044666, 2.848067
-2.044666, 2.848067
-2.044666, 2.848067
-2.044666, 2.848067
-2.044666, 2.848067
-2.044666, 2.848067
-2.044666, 2.848067
-2.122524, 2.830848
-2.255995, 2.801331
-2.389468, 2.771815
-2.522943, 2.742292
-2.656428, 2.712801
-2.789913, 2.683293
-2.923399, 2.653797
-3.056896, 2.624314
-3.190383, 2.594804
-3.323876, 2.565312
-3.457367, 2.535828
-3.590852, 2.506331
-3.724349, 2.476846
-3.857842, 2.447356
-3.991329, 2.417847
-4.124817, 2.388319
-4.258301, 2.358792
-4.391787, 2.329283
-4.525279, 2.299761
-4.658768, 2.270231
-4.755182, 2.248933
-4.758889, 2.248113
-4.758889, 2.248113
-4.758889, 2.248113
-4.758889, 2.248113
-4.758889, 2.248113
-4.758889, 2.248113
-4.758889, 2.248113
-4.758889, 2.248113
-4.758889, 2.248113
-4.758889, 2.248113
-4.758889, 2.248113
-4.758889, 2.248113
-4.758889, 2.248113
-4.758889, 2.248113
-4.758889, 2.248113
-4.729713, 2.25884
-4.627397, 2.29586
-4.521739, 2.332756
-4.41565, 2.368392
-4.309146, 2.402771
-4.202247, 2.435879
-4.094947, 2.467714
-3.987287, 2.498271
-3.879268, 2.527542
-3.770911, 2.555522
-3.662224, 2.582202
-3.553224, 2.607586
-3.443924, 2.631657
-3.334348, 2.654411
-3.224503, 2.675836
-3.114406, 2.695928
-3.004071, 2.714665
-2.893515, 2.732028
-2.782739, 2.74795
-2.736523, 2.754191
-2.736523, 2.754191
-2.736523, 2.754191
-2.736523, 2.754191
-2.736523, 2.754191
-2.736523, 2.754191
-2.736523, 2.754191
-2.736523, 2.754191
-2.736523, 2.754191
-2.736523, 2.754191
-2.736523, 2.754191
-2.736523, 2.754191
-2.77856, 2.792395
-2.851334, 2.857092
-2.924785, 2.92102
-2.998902, 2.984179
-3.087142, 3.057662
-3.188277, 3.140142
-3.290372, 3.221716
-3.393277, 3.302264
-3.496989, 3.381778
-3.601487, 3.460248
-3.706765, 3.537674
-3.812809, 3.614047
-3.919612, 3.689352
-4.027164, 3.763577
-4.135447, 3.836725
-4.244457, 3.90879
-4.354195, 3.979756
-4.464651, 4.049624
-4.575793, 4.118373
-4.687624, 4.186014
-4.800128, 4.252532
-4.913286, 4.317909
-5.027092, 4.382149
-5.141548, 4.445244
-5.256613, 4.507185
-5.372293, 4.567962
-5.488588, 4.627577
-5.605483, 4.68602
-5.722961, 4.743286
-5.841002, 4.79936
-5.9596, 4.854241
-6.078747, 4.907924
-6.178425, 4.951777
-6.188413, 4.956123
-6.18841, 4.956122
-6.188411, 4.956123
-6.188413, 4.956123
-6.188412, 4.956123
-6.18841, 4.956123
-6.188414, 4.956122
-6.188412, 4.956124
-6.188412, 4.956123
-6.188412, 4.956124
-6.188411, 4.956122
-6.18841, 4.956122
-6.18841, 4.956122
-6.188411, 4.956123
-6.188412, 4.956123
-6.188412, 4.956123
-6.188412, 4.956123
-6.188412, 4.956123
-6.188412, 4.956123
-6.188412, 4.956123
-6.187111, 4.952547
-6.153314, 4.859552
-6.106514, 4.730797
-6.059704, 4.602044
-6.012901, 4.473288
-5.966097, 4.344534
-5.919301, 4.215775
-5.872487, 4.087026
-5.825686, 3.958268
-5.778885, 3.829509
-5.745086, 3.736518
-5.743786, 3.732941
-5.743786, 3.732941
-5.743786, 3.732941
-5.743786, 3.732941
-5.743786, 3.732941
-5.743786, 3.732941
-5.743786, 3.732941
-5.743786, 3.732941
-5.746409, 3.732601
-5.814614, 3.723708
-5.908936, 3.710557
-6.003077, 3.696207
-6.097029, 3.68066
-6.190783, 3.663918
-6.284325, 3.645972
-6.377622, 3.626824
-6.470665, 3.606492
-6.563442, 3.584981
-6.655941, 3.562291
-6.74813, 3.538416
-6.840006, 3.513371
-6.929023, 3.487915
-6.954408, 3.480473
-6.954407, 3.480473
-6.954407, 3.480473
-6.954408, 3.480473
-6.954408, 3.480473
-6.954407, 3.480474
-6.954409, 3.480474
-6.954408, 3.480473
-6.954407, 3.480473
-6.954407, 3.480474
-6.954407, 3.480474
-6.954407, 3.480472
-6.954408, 3.480473
-6.954407, 3.480472
-6.954407, 3.480474
-6.954408, 3.480473
-6.954407, 3.480474
-6.954408, 3.480475
-6.954407, 3.480474
-6.954408, 3.480474
-6.954407, 3.480473
-6.954407, 3.480472
-6.954407, 3.480472
-6.954407, 3.480472
-6.954407, 3.480472
-6.954407, 3.480472
-6.954407, 3.480472
-6.954407, 3.480472
-6.897059, 3.454387
-6.798756, 3.409664
-6.70045, 3.364939
-6.602142, 3.320218
-6.503834, 3.275502
-6.405525, 3.230786
-6.307214, 3.18607
-6.208904, 3.141354
-6.110597, 3.096631
-6.012287, 3.051913
-5.913984, 3.007184
-5.815678, 2.962463
-5.717369, 2.917746
-5.619059, 2.873027
-5.520749, 2.828296
-5.422439, 2.783567
-5.32413, 2.73884
-5.22582, 2.694121
-5.127516, 2.649391
-5.029209, 2.604668
-4.930899, 2.559939
-4.832591, 2.515219
-4.734282, 2.4705
-4.635971, 2.425782
-4.537656, 2.381076
-4.439347, 2.336357
-4.341031, 2.291651
-4.259096, 2.254407
-4.250904, 2.250681
-4.250904, 2.250681
-4.250904, 2.250681
-4.250904, 2.250681
-4.250904, 2.250681
-4.250904, 2.250681
-4.250904, 2.250681
-4.250904, 2.250681
-4.246264, 2.265861
-4.220765, 2.349363
-4.192004, 2.440162
-4.162092, 2.53058
-4.131032, 2.620603
-4.098834, 2.71022
-4.0655, 2.799422
-4.031028, 2.888193
-3.995425, 2.976516
-3.958699, 3.06438
-3.920856, 3.151771
-3.881907, 3.238672
-3.841855, 3.325073
-3.800701, 3.410959
-3.758453, 3.496312
-3.71512, 3.581123
-3.670712, 3.665378
-3.625237, 3.74906
-3.578704, 3.832159
-3.531108, 3.914654
-3.482464, 3.996532
-3.453649, 4.044032
-3.453648, 4.044031
-3.453649, 4.044032
-3.453648, 4.044032
-3.453648, 4.044031
-3.45365, 4.044033
-3.453648, 4.044031
-3.453648, 4.044032
-3.453648, 4.044031
-3.453649, 4.044031
-3.453648, 4.044032
-3.453648, 4.044032
-3.45365, 4.044034
-3.453648, 4.044031
-3.45365, 4.044032
-3.453649, 4.044033
-3.453649, 4.044031
-3.453649, 4.044034
-3.45365, 4.044034
-3.45365, 4.044034
-3.45365, 4.044034
-3.45365, 4.044034
-3.45365, 4.044034
-3.45365, 4.044034
-3.480897, 4.011968
-3.546294, 3.935013
-3.61169, 3.858061
-3.677084, 3.781104
-3.742473, 3.704147
-3.807874, 3.627196
-3.873281, 3.550245
-3.938685, 3.473297
-4.004103, 3.396353
-4.069521, 3.319411
-4.134935, 3.242471
-4.200344, 3.165531
-4.265754, 3.088594
-4.331156, 3.01165
-4.39654, 2.934693
-4.461944, 2.857748
-4.527349, 2.780803
-4.59276, 2.703864
-4.658165, 2.626918
-4.723551, 2.549955
-4.78896, 2.473012
-4.854382, 2.396078
-4.919774, 2.319125
-4.985168, 2.242171
-5.050575, 2.165229
-5.115954, 2.088262
-5.181345, 2.011305
-5.246758, 1.934365
-5.312146, 1.857407
-5.377551, 1.780461
-5.442964, 1.703523
-5.508367, 1.626578
-5.573759, 1.549625
-5.639175, 1.472686
-5.704585, 1.395742
-5.76998, 1.318787
-5.835366, 1.241826
-5.900752, 1.164865
-5.966136, 1.087898
-6.031516, 1.010934
-6.096917, 0.9339808
-6.162318, 0.8570302
-6.222253, 0.7864825
-6.23315, 0.7736549
-6.23315, 0.7736549
-6.23315, 0.7736549
-6.23315, 0.7736549
-6.23315, 0.7736549
-6.23315, 0.7736549
-6.23315, 0.7736549
-6.23315, 0.7736549
-6.23315, 0.7736549
-6.23315, 0.7736549
-6.23315, 0.7736549
-6.23315, 0.7736549
-6.23315, 0.7736549
-6.23315, 0.7736549
-6.193291, 0.7939574
-6.098173, 0.8437425
-6.003654, 0.8946673
-5.909737, 0.9466888
-5.816444, 0.9998092
-5.723785, 1.054013
-5.631757, 1.109291
-5.540378, 1.165639
-5.449653, 1.223051
-5.359604, 1.281515
-5.270245, 1.341024
-5.18159, 1.401572
-5.09366, 1.463158
-5.006446, 1.525766
-4.919963, 1.589382
-4.834229, 1.654
-4.74925, 1.719613
-4.665041, 1.786218
-4.581624, 1.853801
-4.499005, 1.922354
-4.417188, 1.991867
-4.336189, 2.062335
-4.256012, 2.133741
-4.176674, 2.206072
-4.098194, 2.27933
-4.020582, 2.353503
-3.943839, 2.428574
-3.867972, 2.504532
-3.792994, 2.581374
-3.718914, 2.659088
-3.645753, 2.737663
-3.573522, 2.817086
-3.502224, 2.897351
-3.431861, 2.978442
-3.362452, 3.060355
-3.294014, 3.14307
-3.226548, 3.226579
-3.160057, 3.310875
-3.094556, 3.395938
-3.030059, 3.481764
-2.966571, 3.568343
-2.904093, 3.655655
-2.84265, 3.743697
-2.782246, 3.832454
-2.722876, 3.921907
-2.664559, 4.012047
-2.607309, 4.102871
-2.551124, 4.194361
-2.496023, 4.286499
-2.442005, 4.379286
-2.38909, 4.472695
-2.33727, 4.566723
-2.286566, 4.661355
-2.236974, 4.756576
-2.188516, 4.852381
-2.145069, 4.940687
-2.137255, 4.956786
-2.137254, 4.956785
-2.137256, 4.956786
-2.137255, 4.956785
-2.137255, 4.956784
-2.137254, 4.956784
-2.137255, 4.956784
-2.137254, 4.956784
-2.137254, 4.956785
-2.137255, 4.956785
-2.137254, 4.956785
-2.137254, 4.956785
-2.137255, 4.956785
-2.137255, 4.956785
-2.137255, 4.956785
-2.137254, 4.956785
-2.137254, 4.956785
-2.137254, 4.956785
-2.137254, 4.956787
-2.137254, 4.956787
-2.137254, 4.956787
-2.149642, 4.942499
-2.217771, 4.86392
-2.292094, 4.778198
-2.366416, 4.692477
-2.440738, 4.606755
-2.515052, 4.52102
-2.589365, 4.435282
-2.663669, 4.349539
-2.735928, 4.266199
-2.756574, 4.24239
-2.756574, 4.24239
-2.756574, 4.24239
-2.756574, 4.24239
-2.756574, 4.24239
-2.756574, 4.24239
-2.756574, 4.24239
-2.756574, 4.24239
-2.756574, 4.24239
-2.756574, 4.24239
-2.756574, 4.24239
-2.756574, 4.24239
-2.756535, 4.245036
-2.755278, 4.313805
-2.752634, 4.409005
-2.748766, 4.504165
-2.743677, 4.59927
-2.737375, 4.694304
-2.729841, 4.789244
-2.72109, 4.884079
-2.714062, 4.9525
-2.713779, 4.955131
-2.713779, 4.955131
-2.713779, 4.955131
-2.713778, 4.955131
-2.713779, 4.955131
-2.71378, 4.955132
-2.71378, 4.955131
-2.713779, 4.955131
-2.71378, 4.955131
-2.71378, 4.955132
-2.71378, 4.955133
-2.713779, 4.955133
-2.713779, 4.955132
-2.713779, 4.955132
-2.71378, 4.955132
-2.713779, 4.955132
-2.713778, 4.955132
-2.713779, 4.955132
-2.71378, 4.955132
-2.713778, 4.955132
-2.713778, 4.955132
-2.713778, 4.955132
-2.713778, 4.955132
-2.713778, 4.955132
-2.713778, 4.955132
-2.765374, 4.895132
-2.853818, 4.792266
-2.942267, 4.689404
-3.030713, 4.586538
-3.119158, 4.483675
-3.207614, 4.380823
-3.296049, 4.277949
-3.384485, 4.175081
-3.472934, 4.072222
-3.561368, 3.969349
-3.649813, 3.866488
-3.730897, 3.772196
-3.745637, 3.755049
-3.745637, 3.755049
-3.745637, 3.755049
-3.745637, 3.755049
-3.745637, 3.755049
-3.800561, 3.763392
-3.89459, 3.778462
-3.993369, 3.795367
-4.113624, 3.817191
-4.235965, 3.840697
-4.358059, 3.865502
-4.479883, 3.891585
-4.601431, 3.918955
-4.722672, 3.947595
-4.843599, 3.977506
-4.964216, 4.008702
-5.084496, 4.041173
-5.20443, 4.074903
-5.323994, 4.10989
-5.443178, 4.146135
-5.561976, 4.183633
-5.680383, 4.222395
-5.798369, 4.262402
-5.91592, 4.303647
-6.033031, 4.346133
-6.149693, 4.389863
-6.265885, 4.434821
-6.378386, 4.479686
-6.410454, 4.492683
-6.410456, 4.492684
-6.410456, 4.492683
-6.410455, 4.492683
-6.410456, 4.492683
-6.410456, 4.492683
-6.410455, 4.492682
-6.410454, 4.492683
-6.410455, 4.492682
-6.410454, 4.492684
-6.410456, 4.492682
-6.410455, 4.492682
-6.410455, 4.492683
-6.410455, 4.492682
-6.410454, 4.492682
-6.410454, 4.492683
-6.410456, 4.492683
-6.410455, 4.492683
-6.410454, 4.492681
-6.410454, 4.492681
-6.392293, 4.479016
-6.292416, 4.403853
-6.183448, 4.321868
-6.074489, 4.239874
-5.965521, 4.157902
-5.856552, 4.075916
-5.747583, 3.99393
-5.638616, 3.911942
-5.529647, 3.829956
-5.420681, 3.747973
-5.311718, 3.665988
-5.202748, 3.584003
-5.093778, 3.502025
-4.984814, 3.420062
-4.87586, 3.338088
-4.785064, 3.269774
-4.775984, 3.262944
-4.775984, 3.262944
-4.775984, 3.262944
-4.775984, 3.262944
-4.775984, 3.262944
-4.767729, 3.267645
-4.685169, 3.314641
-4.586349, 3.370212
-4.488868, 3.423977
-4.39093, 3.476782
-4.292488, 3.528644
-4.193547, 3.579551
-4.094117, 3.629505
-3.994211, 3.678497
-3.89384, 3.72652
-3.793011, 3.773568
-3.691723, 3.819637
-3.589995, 3.864722
-3.487836, 3.908813
-3.385249, 3.951904
-3.282246, 3.993991
-3.17883, 4.035059
-3.075013, 4.075101
-2.970801, 4.114098
-2.866194, 4.152026
-2.778723, 4.1828
-2.769962, 4.185837
-2.769962, 4.185837
-2.769962, 4.185837
-2.769962, 4.185837
-2.769962, 4.185837
-2.769962, 4.185837
-2.769962, 4.185837
-2.769962, 4.185836
-2.769961, 4.185834
-2.769962, 4.185835
-2.769962, 4.185835
-2.769962, 4.185835
-2.769962, 4.185835
-2.769962, 4.185835
-2.769962, 4.185834
-2.769962, 4.185835
-2.769962, 4.185834
-2.769962, 4.185836
-2.769962, 4.185835
-2.769962, 4.185834
-2.769962, 4.185835
-2.769961, 4.185833
-2.769962, 4.185834
-2.769962, 4.185835
-2.769962, 4.185836
-2.769962, 4.185836
-2.769962, 4.185835
-2.769962, 4.185835
-2.769962, 4.185836
-2.769962, 4.185835
-2.769962, 4.185834
-2.769962, 4.185835
-2.769961, 4.185835
-2.769962, 4.185835
-2.769962, 4.185835
-2.796897, 4.152465
-2.86172, 4.072517
-2.927191, 3.993098
-2.993337, 3.914238
-3.060146, 3.83594
-3.127615, 3.758227
-3.195738, 3.68109
-3.264512, 3.60453
-3.333936, 3.528553
-3.404003, 3.453163
-3.474709, 3.378369
-3.546048, 3.304175
-3.618017, 3.230584
-3.690604, 3.157615
-3.763808, 3.085271
-3.837623, 3.013553
-3.912049, 2.942461
-3.987082, 2.872004
-4.062713, 2.802189
-4.13893, 2.733031
-4.215734, 2.664521
-4.293124, 2.596664
-4.371091, 2.529472
-4.449628, 2.46296
-4.506682, 2.415314
-4.508884, 2.413489
-4.508883, 2.413489
-4.508883, 2.413489
-4.508883, 2.413488
-4.508883, 2.413489
-4.508884, 2.413488
-4.508884, 2.413488
-4.508883, 2.413488
-4.508884, 2.41349
-4.508883, 2.413488
-4.508883, 2.413489
-4.508883, 2.413489
-4.508883, 2.41349
-4.508884, 2.413489
-4.508883, 2.413489
-4.508883, 2.413489
-4.508884, 2.413489
-4.508884, 2.413489
-4.508884, 2.413489
-4.508884, 2.413489
-4.508883, 2.413489
-4.508882, 2.413488
-4.508884, 2.413488
-4.511551, 2.422008
-4.538825, 2.506995
-4.571754, 2.608917
-4.604682, 2.710835
-4.637616, 2.812756
-4.670544, 2.914673
-4.703482, 3.016593
-4.736419, 3.118512
-4.766623, 3.211927
-4.772114, 3.228912
-4.772114, 3.228912
-4.772114, 3.228912
-4.772114, 3.228912
-4.772114, 3.228912
-4.772114, 3.228912
-4.772114, 3.228912
-4.772114, 3.228912
-4.786659, 3.222554
-4.866387, 3.186976
-4.952875, 3.147099
-5.038846, 3.106127
-5.124296, 3.064064
-5.209202, 3.020914
-5.293553, 2.976687
-5.377332, 2.931387
-5.460519, 2.88502
-5.543111, 2.837601
-5.625092, 2.789133
-5.706453, 2.739622
-5.787169, 2.689071
-5.867228, 2.637491
-5.946629, 2.584903
-6.025357, 2.531309
-6.103387, 2.476712
-6.180717, 2.421118
-6.257338, 2.364546
-6.333237, 2.307005
-6.408382, 2.2485
-6.482777, 2.189038
-6.55641, 2.128629
-6.629267, 2.067289
-6.701321, 2.005019
-6.772581, 1.941836
-6.843031, 1.877744
-6.912659, 1.812757
-6.952921, 1.774476
-6.95292, 1.774475
-6.952919, 1.774476
-6.952919, 1.774475
-6.95292, 1.774475
-6.952919, 1.774475
-6.952919, 1.774475
-6.952919, 1.774475
-6.952919, 1.774475
-6.952919, 1.774476
-6.952919, 1.774475
-6.952919, 1.774475
-6.952919, 1.774475
-6.952919, 1.774475
-6.952919, 1.774475
-6.952919, 1.774474
-6.952919, 1.774474
-6.952919, 1.774475
-6.952919, 1.774475
-6.952919, 1.774475
-6.912151, 1.783277
-6.814302, 1.8044
-6.716449, 1.825528
-6.618597, 1.846659
-6.520742, 1.867791
-6.422886, 1.888919
-6.325035, 1.910045
-6.227179, 1.931172
-6.129321, 1.952301
-6.031467, 1.973427
-5.933618, 1.994559
-5.835775, 2.015723
-5.737922, 2.036857
-5.640069, 2.057982
-5.542215, 2.079109
-5.444365, 2.100254
-5.346523, 2.121413
-5.24868, 2.142558
-5.150836, 2.163694
-5.052989, 2.184821
-4.955147, 2.20596
-4.857303, 2.2271
-4.762794, 2.247529
-4.736479, 2.25325
-4.736479, 2.25325
-4.736479, 2.25325
-4.736479, 2.25325
-4.736479, 2.25325
-4.736479, 2.25325
-4.736479, 2.25325
-4.720534, 2.216914
-4.681681, 2.129957
-4.64174, 2.043494
-4.600698, 1.957548
-4.558567, 1.872134
-4.510141, 1.776467
-4.457698, 1.67324
-4.405378, 1.569952
-4.353178, 1.466606
-4.301086, 1.363202
-4.249112, 1.259741
-4.197256, 1.156223
-4.145514, 1.052649
-4.093891, 0.9490102
-4.042392, 0.8453099
-3.991009, 0.7415512
-3.939732, 0.6377438
-3.888571, 0.5338759
-3.837536, 0.4299473
-3.786611, 0.3259669
-3.735805, 0.221927
-3.685115, 0.1178267
-3.648574, 0.04261104
-3.647169, 0.03971833
-3.647169, 0.0397167
-3.647168, 0.03971647
-3.647168, 0.03971777
-3.647168, 0.03971745
-3.647169, 0.0397168
-3.647169, 0.03971748
-3.647169, 0.03971755
-3.64717, 0.03971707
-3.647169, 0.03971748
-3.647169, 0.03971763
-3.647169, 0.03971719
-3.647169, 0.03971739
-3.647168, 0.0397174
-3.647169, 0.03971804
-3.64717, 0.03971749
-3.647169, 0.03971791
-3.647169, 0.03971828
-3.647169, 0.03971828
-3.647169, 0.03971828
-3.647169, 0.03971828
-3.657948, 0.06017062
-3.717219, 0.1726676
-3.781878, 0.2953928
-3.846534, 0.4181234
-3.9112, 0.5408437
-3.975865, 0.6635646
-4.040531, 0.7862859
-4.105197, 0.909008
-4.169864, 1.031727
-4.234531, 1.154447
-4.299197, 1.277168
-4.363859, 1.399896
-4.428527, 1.522621
-4.493184, 1.645345
-4.557809, 1.768086
-4.62244, 1.890831
-4.687073, 2.01358
-4.751152, 2.135248
-4.788899, 2.206696
-4.79014, 2.209029
-4.79014, 2.209029
-4.813015, 2.222326
-4.892822, 2.269296
-4.974308, 2.3186
-5.055159, 2.368941
-5.135361, 2.420305
-5.214904, 2.47269
-5.293768, 2.526085
-5.371944, 2.580478
-5.449418, 2.635863
-5.526188, 2.692247
-5.602231, 2.74961
-5.677535, 2.807932
-5.752079, 2.867208
-5.825864, 2.927434
-5.898866, 2.988594
-5.971079, 3.050679
-6.042492, 3.113687
-6.113101, 3.177613
-6.18288, 3.242437
-6.251826, 3.308145
-6.319922, 3.374729
-6.387161, 3.442179
-6.453526, 3.510493
-6.519013, 3.579654
-6.583605, 3.649647
-6.647285, 3.72046
-6.710049, 3.792094
-6.771896, 3.864541
-6.832796, 3.937772
-6.892736, 4.011784
-6.946858, 4.080289
-6.956625, 4.092803
-6.956625, 4.092803
-6.956625, 4.092803
-6.956625, 4.092803
-6.956624, 4.092802
-6.956625, 4.092804
-6.956625, 4.092803
-6.956625, 4.092803
-6.956625, 4.092803
-6.956625, 4.092803
-6.956625, 4.092803
-6.956625, 4.092803
-6.956625, 4.092803
-6.956624, 4.092803
-6.956625, 4.092803
-6.956624, 4.092803
-6.956624, 4.092803
-6.956624, 4.092803
-6.956623, 4.092803
-6.92498, 4.078495
-6.814223, 4.028415
-6.700302, 3.976911
-6.586385, 3.925403
-6.472468, 3.873883
-6.360813, 3.823388
-6.276892, 3.78505
-6.210601, 3.758678
-6.121666, 3.724862
-6.033006, 3.690322
-5.944637, 3.655056
-5.856563, 3.619062
-5.768789, 3.582347
-5.681319, 3.544909
-5.594162, 3.506755
-5.507323, 3.467884
-5.420803, 3.428296
-5.33461, 3.387996
-5.248743, 3.346953
-5.163277, 3.304939
-5.078348, 3.261846
-4.993977, 3.217674
-4.910178, 3.172428
-4.826959, 3.126115
-4.74434, 3.078744
-4.662332, 3.030324
-4.580949, 2.98086
-4.500204, 2.930366
-4.420108, 2.878839
-4.340675, 2.826292
-4.261925, 2.772736
-4.183865, 2.71818
-4.106504, 2.662627
-4.029863, 2.606091
-3.953954, 2.548582
-3.878781, 2.490105
-3.804364, 2.430673
-3.730718, 2.370294
-3.657848, 2.308975
-3.585771, 2.246727
-3.514498, 2.183558
-3.44404, 2.119483
-3.374407, 2.054512
-3.305617, 1.988649
-3.237678, 1.921913
-3.170605, 1.854303
-3.104408, 1.785837
-3.039097, 1.716521
-2.974684, 1.646371
-2.911186, 1.575393
-2.848614, 1.503597
-2.78698, 1.430995
-2.726299, 1.357591
-2.666585, 1.2834
-2.607861, 1.208424
-2.550144, 1.132667
-2.493482, 1.05612
-2.45322, 1.000351
-2.451684, 0.9981969
-2.451684, 0.9981969
-2.451684, 0.9981969
-2.451684, 0.9981969
-2.451684, 0.9981969
-2.451684, 0.9981969
-2.451684, 0.9981971
-2.451684, 0.9981971
-2.451685, 0.9981971
-2.451684, 0.9981968
-2.451685, 0.9981968
-2.451684, 0.998197
-2.451684, 0.9981967
-2.451685, 0.9981968
-2.451685, 0.9981967
-2.451684, 0.9981969
-2.451685, 0.9981968
-2.451685, 0.998197
-2.451684, 0.998197
-2.451684, 0.998197
-2.451684, 0.9981968
-2.451685, 0.9981967
-2.451685, 0.998197
-2.451684, 0.9981968
-2.451685, 0.9981973
-2.451684, 0.9981973
-2.451685, 0.9981971
-2.464328, 1.009123
-2.53364, 1.069478
-2.609199, 1.135381
-2.684752, 1.20129
-2.760309, 1.267197
-2.835868, 1.3331
-2.909881, 1.397593
-2.981863, 1.459957
-3.05409, 1.522038
-3.126562, 1.583832
-3.199274, 1.645344
-3.272225, 1.706569
-3.345419, 1.767505
-3.418851, 1.828148
-3.492522, 1.888498
-3.566434, 1.948554
-3.640579, 2.008323
-3.714956, 2.067803
-3.789571, 2.126983
-3.864416, 2.185871
-3.939492, 2.244462
-4.0148, 2.302758
-4.090336, 2.360755
-4.166101, 2.418457
-4.210393, 2.45199
-4.210393, 2.45199
-4.210394, 2.451991
-4.210393, 2.45199
-4.210393, 2.451991
-4.210393, 2.451991
-4.210393, 2.451991
-4.210394, 2.451991
-4.210393, 2.451991
-4.210393, 2.45199
-4.210394, 2.451991
-4.210392, 2.451991
-4.210393, 2.451991
-4.210394, 2.451991
-4.210393, 2.451991
-4.210394, 2.451991
-4.210393, 2.451991
-4.210393, 2.45199
-4.210393, 2.451991
-4.210393, 2.45199
-4.210393, 2.451991
-4.210394, 2.451991
-4.210394, 2.451991
-4.210394, 2.451992
-4.210393, 2.451991
-4.210393, 2.451991
-4.210393, 2.45199
-4.210394, 2.45199
-4.210394, 2.45199
-4.210394, 2.45199
-4.210394, 2.45199
-4.210394, 2.45199
-4.210394, 2.45199
-4.231995, 2.434181
-4.307609, 2.371862
-4.385392, 2.307778
-4.463171, 2.243684
-4.540948, 2.179592
-4.618731, 2.115509
-4.69652, 2.051431
-4.774296, 1.987333
-4.852079, 1.923245
-4.92987, 1.859168
-5.007647, 1.795073
-5.085426, 1.730989
-5.163216, 1.666916
-5.241002, 1.602837
-5.31879, 1.538754
-5.396572, 1.474674
-5.474354, 1.410584
-5.552129, 1.346492
-5.629911, 1.282406
-5.707699, 1.218323
-5.785486, 1.154244
-5.863277, 1.090165
-5.941056, 1.026069
-6.018837, 0.9619775
-6.096624, 0.8978916
-6.174406, 0.8338024
-6.245699, 0.7750499
-6.269319, 0.7526016
-6.328102, 0.6880541
-6.392704, 0.6180776
-6.457833, 0.5485879
-6.523479, 0.4795823
-6.589649, 0.4110754
-6.656334, 0.3430655
-6.723522, 0.2755618
-6.791216, 0.2085633
-6.859412, 0.1420765
-6.928104, 0.07610762
-6.956854, 0.04875384
-6.956853, 0.04875392
-6.956854, 0.04875373
-6.956854, 0.04875353
-6.956854, 0.04875336
-6.956854, 0.04875376
-6.956853, 0.04875368
-6.956852, 0.04875365
-6.956853, 0.04875346
-6.956853, 0.04875328
-6.956853, 0.04875318
-6.956853, 0.04875348
-6.956853, 0.04875369
-6.956852, 0.048754
-6.956854, 0.04875265
-6.956854, 0.04875331
-6.956853, 0.04875403
-6.956854, 0.04875283
-6.956854, 0.04875283
-6.924556, 0.08374447
-6.847479, 0.1681301
-6.770434, 0.2525474
-6.693383, 0.3369607
-6.61635, 0.4213831
-6.539288, 0.505789
-6.462234, 0.5902002
-6.385201, 0.6746237
-6.30815, 0.7590378
-6.225121, 0.8495024
-6.136961, 0.943474
-6.04748, 1.036194
-5.95669, 1.127628
-5.864588, 1.217738
-5.771147, 1.306462
-5.716051, 1.357591
-5.716051, 1.35759
-5.716051, 1.35759
-5.716051, 1.35759
-5.716051, 1.35759
-5.716051, 1.35759
-5.716051, 1.35759
-5.716051, 1.35759
-5.716051, 1.35759
-5.716051, 1.35759
-5.716051, 1.35759
-5.716051, 1.35759
-5.716051, 1.35759
-5.716051, 1.35759
-5.725486, 1.332874
-5.759249, 1.24666
-5.795107, 1.158428
-5.828946, 1.077947
-5.835182, 1.06335
-5.835181, 1.06335
-5.835182, 1.06335
-5.835182, 1.06335
-5.835181, 1.063351
-5.835181, 1.063351
-5.835181, 1.06335
-5.835182, 1.06335
-5.835181, 1.063351
-5.835182, 1.06335
-5.835181, 1.063351
-5.835181, 1.06335
-5.835182, 1.063351
-5.835182, 1.063351
-5.83518, 1.06335
-5.83518, 1.06335
-5.835182, 1.06335
-5.83518, 1.06335
-5.835181, 1.06335
-5.83518, 1.063351
-5.828432, 1.06836
-5.760952, 1.11845
-5.679974, 1.178552
-5.599378, 1.238385
-5.522324, 1.295936
-5.446438, 1.353468
-5.370986, 1.411574
-5.295975, 1.470247
-5.221399, 1.529487
-5.147274, 1.58929
-5.073615, 1.649657
-5.00041, 1.710577
-4.927668, 1.772051
-4.855404, 1.834079
-4.783617, 1.896657
-4.712309, 1.959781
-4.641489, 2.023454
-4.571166, 2.087677
-4.501351, 2.152454
-4.432076, 2.217803
-4.391896, 2.25617
-4.391898, 2.25617
-4.391899, 2.25617
-4.391898, 2.256171
-4.391897, 2.25617
-4.391898, 2.25617
-4.391898, 2.256171
-4.391898, 2.256171
-4.391898, 2.25617
-4.391898, 2.25617
-4.391899, 2.256171
-4.391899, 2.256171
-4.391899, 2.256171
-4.391899, 2.256171
-4.391898, 2.256171
-4.391899, 2.256171
-4.391898, 2.256171
-4.391899, 2.256171
-4.391899, 2.25617
-4.391899, 2.25617
-4.391899, 2.256171
-4.391898, 2.25617
-4.391898, 2.256169
-4.391898, 2.256171
-4.391899, 2.256171
-4.410238, 2.275856
-4.474422, 2.344759
-4.540445, 2.415626
-4.606469, 2.486492
-4.67251, 2.557348
-4.738539, 2.628212
-4.804567, 2.699078
-4.870601, 2.769937
-4.936643, 2.840791
-5.002667, 2.911654
-5.06869, 2.982516
-5.134717, 3.053378
-5.200729, 3.124247
-5.266754, 3.195106
-5.332792, 3.265954
-5.398817, 3.336812
-5.46484, 3.407672
-5.53086, 3.478535
-5.596885, 3.549397
-5.662928, 3.62025
-5.728362, 3.690372
-5.793571, 3.759785
-5.859062, 3.828931
-5.924833, 3.897812
-5.990878, 3.966429
-6.057199, 4.034778
-6.123802, 4.102853
-6.190695, 4.170643
-6.252264, 4.232537
-6.265713, 4.245188
-6.324064, 4.281601
-6.404509, 4.332581
-6.484297, 4.384575
-6.563412, 4.437582
-6.641846, 4.4916
-6.719587, 4.546617
-6.796623, 4.602624
-6.87294, 4.659606
-6.942271, 4.712655
-6.95482, 4.722373
-6.954821, 4.722373
-6.954821, 4.722373
-6.954821, 4.722373
-6.954821, 4.722373
-6.954821, 4.722373
-6.954819, 4.722373
-6.954821, 4.722373
-6.954821, 4.722373
-6.954821, 4.722373
-6.954821, 4.722373
-6.954822, 4.722373
-6.954822, 4.722374
-6.95482, 4.722374
-6.954823, 4.722373
-6.954823, 4.722374
-6.954821, 4.722374
-6.954823, 4.722373
-6.927083, 4.692638
-6.860495, 4.621267
-6.79392, 4.54988
-6.727348, 4.478502
-6.660757, 4.407132
-6.594185, 4.335749
-6.527618, 4.26437
-6.461038, 4.193001
-6.394465, 4.121627
-6.32789, 4.050252
-6.261315, 3.978873
-6.194738, 3.907498
-6.12816, 3.83612
-6.061582, 3.764735
-5.995005, 3.693343
-5.928435, 3.621951
-5.861853, 3.550569
-5.795279, 3.479177
-5.728704, 3.407783
-5.662128, 3.336391
-5.595546, 3.265006
-5.528971, 3.193619
-5.46239, 3.122219
-5.395815, 3.050825
-5.329223, 2.979431
-5.262639, 2.908042
-5.196705, 2.837403
-5.131526, 2.767977
-5.06608, 2.698807
-5.000353, 2.629893
-4.934353, 2.561239
-4.868084, 2.49284
-4.801548, 2.424702
-4.762619, 2.385069
-4.762619, 2.385068
-4.762619, 2.385069
-4.762619, 2.385069
-4.762619, 2.385068
-4.762619, 2.385069
-4.762619, 2.38507
-4.762619, 2.385068
-4.762619, 2.385069
-4.762619, 2.385069
-4.762619, 2.38507
-4.762619, 2.385069
-4.762619, 2.38507
-4.762619, 2.385069
-4.762619, 2.385069
-4.762619, 2.38507
-4.762619, 2.38507
-4.762619, 2.385069
-4.762619, 2.38507
-4.762619, 2.38507
-4.762619, 2.385069
-4.76262, 2.38507
-4.762619, 2.38507
-4.762619, 2.385069
-4.762619, 2.38507
-4.762619, 2.385069
-4.762619, 2.385069
-4.747832, 2.39131
-4.666496, 2.425624
-4.577763, 2.463053
-4.489027, 2.500477
-4.400274, 2.537878
-4.311519, 2.575277
-4.222773, 2.612683
-4.134041, 2.650108
-4.045303, 2.687525
-3.956564, 2.724943
-3.867818, 2.762357
-3.779073, 2.799769
-3.690338, 2.837192
-3.601583, 2.874595
-3.512816, 2.911983
-3.424053, 2.949371
-3.335293, 2.986773
-3.246537, 3.024184
-3.157783, 3.0616
-3.069027, 3.099014
-2.980279, 3.136433
-2.89153, 3.173852
-2.802805, 3.21125
-2.739191, 3.238183
-2.736757, 3.23922
-2.736757, 3.23922
-2.736757, 3.23922
-2.736757, 3.23922
-2.736757, 3.23922
-2.736757, 3.23922
-2.736757, 3.23922
-2.736757, 3.23922
-2.761792, 3.288816
-2.805392, 3.373484
-2.850064, 3.457595
-2.895798, 3.541131
-2.942604, 3.624079
-2.990466, 3.706427
-3.039372, 3.788157
-3.089319, 3.869257
-3.140288, 3.949712
-3.192275, 4.029515
-3.245277, 4.108649
-3.299282, 4.187097
-3.352721, 4.262702
-3.368135, 4.284202
-3.368135, 4.284202
-3.368135, 4.284201
-3.368135, 4.284201
-3.368135, 4.284201
-3.368135, 4.284202
-3.368134, 4.284201
-3.368135, 4.284201
-3.368134, 4.2842
-3.368134, 4.284201
-3.368134, 4.284201
-3.368135, 4.284201
-3.368134, 4.284201
-3.368135, 4.2842
-3.368134, 4.284201
-3.368134, 4.284201
-3.368134, 4.2842
-3.368134, 4.284201
-3.368135, 4.284201
-3.368134, 4.284202
-3.368134, 4.2842
-3.368135, 4.284201
-3.368134, 4.284201
-3.368134, 4.284203
-3.368134, 4.284203
-3.399873, 4.237593
-3.454322, 4.15772
-3.50877, 4.077846
-3.563224, 3.997974
-3.617682, 3.918105
-3.672138, 3.838237
-3.726587, 3.758369
-3.781048, 3.678508
-3.835501, 3.598643
-3.88994, 3.518771
-3.944379, 3.438898
-3.99883, 3.359032
-4.0533, 3.279181
-4.107764, 3.199327
-4.163913, 3.116984
-4.23567, 3.012549
-4.311744, 2.90379
-4.388827, 2.795739
-4.466909, 2.688405
-4.545986, 2.581802
-4.626051, 2.475944
-4.707096, 2.370843
-4.789115, 2.2665
-4.872105, 2.162913
-4.956055, 2.060098
-5.040956, 1.958079
-5.1268, 1.856856
-5.213589, 1.756436
-5.301313, 1.656831
-5.389962, 1.558052
-5.479532, 1.460099
-5.570013, 1.362991
-5.661393, 1.266739
-5.753677, 1.171335
-5.846849, 1.076805
-5.940907, 0.9831576
-6.035841, 0.8904045
-6.131648, 0.798546
-6.228321, 0.7075998
-6.325851, 0.6175782
-6.424238, 0.5284931
-6.523481, 0.4403566
-6.623583, 0.3531986
-6.722154, 0.2690502
-6.757228, 0.2393898
-6.757228, 0.2393898
-6.757228, 0.2393898
-6.757228, 0.2393898
-6.757228, 0.2393898
-6.757228, 0.2393898
-6.757228, 0.2393898
-6.757228, 0.2393898
-6.757228, 0.2393897
-6.757228, 0.2393918
-6.757228, 0.2393913
-6.757227, 0.2393916
-6.757227, 0.23939
-6.757228, 0.23939
-6.757227, 0.2393907
-6.757227, 0.2393903
-6.757227, 0.2393907
-6.757226, 0.2393917
-6.757227, 0.2393915
-6.757227, 0.2393904
-6.757228, 0.2393908
-6.757227, 0.2393915
-6.757227, 0.2393909
-6.757227, 0.2393913
-6.757227, 0.2393899
-6.757227, 0.2393904
-6.757227, 0.2393908
-6.757227, 0.2393912
-6.757226, 0.2393904
-6.757226, 0.2393915
-6.757228, 0.2393903
-6.757227, 0.2393913
-6.757228, 0.239391
-6.757227, 0.2393912
-6.757227, 0.2393908
-6.757227, 0.2393906
-6.757227, 0.2393899
-6.757227, 0.2393897
-6.757226, 0.2393914
-6.757226, 0.2393921
-6.757226, 0.2393921
-6.754811, 0.2418108
-6.708752, 0.2876037
-6.648092, 0.3478007
-6.587431, 0.4079977
-6.52677, 0.468193
-6.466106, 0.5283874
-6.405446, 0.5885841
-6.344785, 0.6487805
-6.284122, 0.7089747
-6.223459, 0.7691694
-6.1628, 0.8293685
-6.102141, 0.889569
-6.04148, 0.9497648
-5.980818, 1.009961
-5.920156, 1.070156
-5.859506, 1.130373
-5.79885, 1.190577
-5.738183, 1.25077
-5.677515, 1.310961
-5.616851, 1.371158
-5.55619, 1.43137
-5.495529, 1.491584
-5.434866, 1.551798
-5.374205, 1.612011
-5.313545, 1.672225
-5.252882, 1.732438
-5.192212, 1.792637
-5.131546, 1.852842
-5.070884, 1.913055
-5.010222, 1.973269
-4.94956, 2.033481
-4.888892, 2.093688
-4.828227, 2.153898
-4.767553, 2.21409
-4.697732, 2.283373
-4.621831, 2.358737
-4.545969, 2.434143
-4.470153, 2.509597
-4.394374, 2.585088
-4.318627, 2.660606
-4.242918, 2.736163
-4.167253, 2.811765
-4.109756, 2.869234
-4.106731, 2.872259
-4.106731, 2.872259
-4.106731, 2.872259
-4.106731, 2.872259
-4.106731, 2.872259
-4.106731, 2.872259
-4.106731, 2.872259
-4.106731, 2.872259
-4.106731, 2.872259
-4.106731, 2.872259
-4.106731, 2.872259
-4.106731, 2.872259
-4.106731, 2.872259
-4.106731, 2.872259
-4.106731, 2.872259
-4.106731, 2.872259
-4.113294, 2.852658
-4.140234, 2.774485
-4.168773, 2.693226
-4.197709, 2.612116
-4.227038, 2.531141
-4.25676, 2.450308
-4.286871, 2.369619
-4.317373, 2.28908
-4.34826, 2.20869
-4.379539, 2.128453
-4.411204, 2.048362
-4.443258, 1.968431
-4.475699, 1.888657
-4.508524, 1.809028
-4.541738, 1.72956
-4.575334, 1.650256
-4.609316, 1.571123
-4.643682, 1.492153
-4.678432, 1.413346
-4.713564, 1.33471
-4.749078, 1.256243
-4.784973, 1.177947
-4.821246, 1.099826
-4.857897, 1.021883
-4.894928, 0.9441183
-4.932334, 0.8665371
-4.968593, 0.7922336
-4.977702, 0.773679
-4.977702, 0.7736788
-4.977702, 0.7736787
-4.977702, 0.7736785
-4.977702, 0.7736793
-4.977702, 0.773679
-4.977701, 0.7736791
-4.977702, 0.7736786
-4.977703, 0.7736782
-4.977702, 0.7736787
-4.977702, 0.7736791
-4.977703, 0.7736787
-4.977703, 0.7736787
-4.977703, 0.7736788
-4.977702, 0.7736784
-4.977702, 0.7736786
-4.977704, 0.7736785
-4.977703, 0.7736786
-4.977702, 0.7736784
-4.977705, 0.7736796
-4.977703, 0.7736785
-4.977704, 0.7736781
-4.977119, 0.7840009
-4.973005, 0.8597051
-4.968377, 0.9457337
-4.963748, 1.031763
-4.959121, 1.117795
-4.954491, 1.203828
-4.949868, 1.289862
-4.94524, 1.375895
-4.940559, 1.462633
-4.935027, 1.562073
-4.928723, 1.66572
-4.921781, 1.76932
-4.914197, 1.87288
-4.905981, 1.976386
-4.897131, 2.079846
-4.887647, 2.18325
-4.877533, 2.286599
-4.866777, 2.38987
-4.855394, 2.493073
-4.843373, 2.596209
-4.830714, 2.699275
-4.817418, 2.802262
-4.803483, 2.905162
-4.788906, 3.007973
-4.773683, 3.110685
-4.757812, 3.213303
-4.74129, 3.315816
-4.724106, 3.418222
-4.706223, 3.520506
-4.695172, 3.581822
-4.695171, 3.581822
-4.695171, 3.581822
-4.695171, 3.581822
-4.695171, 3.581822
-4.695171, 3.581822
-4.695171, 3.581822
-4.704192, 3.587971
-4.770397, 3.632981
-4.845849, 3.683806
-4.921551, 3.734254
-4.997512, 3.784322
-5.073717, 3.834002
-5.150168, 3.883305
-5.208425, 3.920534
-5.211495, 3.922488
-5.211494, 3.922488
-5.211494, 3.922488
-5.211494, 3.922488
-5.211495, 3.922488
-5.211494, 3.922488
-5.211494, 3.922488
-5.211494, 3.922489
-5.211494, 3.922488
-5.211494, 3.922488
-5.211494, 3.922488
-5.211494, 3.922488
-5.211493, 3.922487
-5.211494, 3.922488
-5.211494, 3.922488
-5.211494, 3.922488
-5.211494, 3.922487
-5.211493, 3.922488
-5.211494, 3.922488
-5.211494, 3.922488
-5.211494, 3.922488
-5.211493, 3.922488
-5.211494, 3.922487
-5.211494, 3.922488
-5.194585, 3.874772
-5.166437, 3.795232
-5.138289, 3.715693
-5.110141, 3.636153
-5.081994, 3.556612
-5.053845, 3.477074
-5.025691, 3.397537
-4.997537, 3.317999
-4.969389, 3.238459
-4.941241, 3.158919
-4.913088, 3.079381
-4.884936, 2.999843
-4.856787, 2.920303
-4.82864, 2.840764
-4.800493, 2.761225
-4.772346, 2.681688
-4.744206, 2.602147
-4.716056, 2.522611
-4.68791, 2.443072
-4.659764, 2.363533
-4.631617, 2.283995
-4.603467, 2.204459
-4.575307, 2.124927
-4.547153, 2.045393
-4.519008, 1.965853
-4.490862, 1.886313
-4.462717, 1.806774
-4.434571, 1.727237
-4.406419, 1.647703
-4.378269, 1.568168
-4.350123, 1.488631
-4.321973, 1.409096
-4.293817, 1.329563
-4.272418, 1.269121
-4.271291, 1.26594
-4.271291, 1.26594
-4.271291, 1.26594
-4.271291, 1.26594
-4.271291, 1.26594
-4.271291, 1.26594
-4.271291, 1.26594
-4.271291, 1.26594
-4.271291, 1.26594
-4.271291, 1.26594
-4.271291, 1.26594
-4.271291, 1.26594
-4.271291, 1.26594
-4.271291, 1.26594
-4.279745, 1.270324
-4.341581, 1.302788
-4.411496, 1.340343
-4.48101, 1.378633
-4.550116, 1.417661
-4.618802, 1.457422
-4.687065, 1.49791
-4.754892, 1.539116
-4.822279, 1.581045
-4.889218, 1.623688
-4.955699, 1.667035
-5.021717, 1.711088
-5.087263, 1.755841
-5.152332, 1.801286
-5.216915, 1.847416
-5.281003, 1.894232
-5.344588, 1.941726
-5.407668, 1.989894
-5.47023, 2.038733
-5.532271, 2.088232
-5.593787, 2.138384
-5.654763, 2.189189
-5.715196, 2.24064
-5.775077, 2.292728
-5.834404, 2.345451
-5.893168, 2.3988
-5.951361, 2.452775
-6.008976, 2.507364
-6.066007, 2.562562
-6.12245, 2.618366
-6.178295, 2.674769
-6.233535, 2.731758
-6.288162, 2.789325
-6.342171, 2.847473
-6.395562, 2.906188
-6.448322, 2.965469
-6.500452, 3.025308
-6.551941, 3.0857
-6.602786, 3.146636
-6.652976, 3.208112
-6.702511, 3.270118
-6.751384, 3.332649
-6.799584, 3.395697
-6.847109, 3.459253
-6.893954, 3.523313
-6.940112, 3.58787
-6.958411, 3.613811
-6.958412, 3.613812
-6.958412, 3.613811
-6.958412, 3.613812
-6.958411, 3.613811
-6.958412, 3.613811
-6.958413, 3.613811
-6.958412, 3.61381
-6.958411, 3.613811
-6.958412, 3.613811
-6.958412, 3.613811
-6.958414, 3.613812
-6.958413, 3.613812
-6.958413, 3.613811
-6.958412, 3.613811
-6.958411, 3.613811
-6.958414, 3.613811
-6.958413, 3.613813
-6.958414, 3.613812
-6.958414, 3.613812
-6.958412, 3.613811
-6.958414, 3.613812
-6.958413, 3.613811
-6.958414, 3.613813
-6.958414, 3.613813
-6.958414, 3.613813
-6.958414, 3.613813
-6.958414, 3.613813
-6.95462, 3.611632
-6.882145, 3.570915
-6.78664, 3.517586
-6.691137, 3.464252
-6.595643, 3.410911
-6.500151, 3.357572
-6.404658, 3.304233
-6.309161, 3.250899
-6.213667, 3.197567
-6.118177, 3.14423
-6.022676, 3.09091
-5.927185, 3.037577
-5.831692, 2.984237
-5.736199, 2.930894
-5.640711, 2.877555
-5.545223, 2.824215
-5.449726, 2.770875
-5.354227, 2.717549
-5.258733, 2.664208
-5.163242, 2.610869
-5.067752, 2.557528
-4.972247, 2.504207
-4.876753, 2.450882
-4.781256, 2.397553
-4.694489, 2.348998
-4.631761, 2.310829
-4.564624, 2.268491
-4.497765, 2.22574
-4.431174, 2.182573
-4.364858, 2.138996
-4.298817, 2.095007
-4.233049, 2.050602
-4.167563, 2.005787
-4.102357, 1.960566
-4.037434, 1.914939
-3.972799, 1.86891
-3.908451, 1.822478
-3.844391, 1.775645
-3.780625, 1.728413
-3.717154, 1.680783
-3.653985, 1.632763
-3.591113, 1.584345
-3.52854, 1.535535
-3.466276, 1.486332
-3.404317, 1.436746
-3.342677, 1.386775
-3.281347, 1.336415
-3.220333, 1.285675
-3.159633, 1.234555
-3.099259, 1.183055
-3.039204, 1.13118
-2.979474, 1.078929
-2.920069, 1.026307
-2.860996, 0.9733166
-2.802254, 0.9199602
-2.743847, 0.8662359
-2.685779, 0.8121461
-2.628049, 0.7576964
-2.570658, 0.702885
-2.513613, 0.6477166
-2.456913, 0.5921944
-2.400556, 0.5363151
-2.344554, 0.4800878
-2.288904, 0.4235109
-2.23361, 0.3665805
-2.178676, 0.3093049
-2.124097, 0.2516884
-2.069878, 0.1937361
-2.048276, 0.1704744
-2.048275, 0.1704732
-2.048276, 0.1704744
-2.048276, 0.1704738
-2.048276, 0.1704738
-2.048276, 0.170474
-2.048275, 0.1704735
-2.048275, 0.170474
-2.048276, 0.1704744
-2.048275, 0.1704737
-2.048276, 0.1704734
-2.048275, 0.1704738
-2.048276, 0.1704737
-2.048276, 0.1704733
-2.048275, 0.1704743
-2.048275, 0.1704736
-2.048276, 0.1704736
-2.048275, 0.1704739
-2.048275, 0.1704739
-2.048275, 0.1704736
-2.048275, 0.1704734
-2.048275, 0.1704731
-2.048275, 0.1704726
-2.101648, 0.2099398
-2.190599, 0.2757217
-2.279621, 0.3415778
-2.368709, 0.407613
-2.457695, 0.4737818
-2.546588, 0.5400745
-2.635384, 0.6065003
-2.724086, 0.6730468
-2.812692, 0.7397242
-2.901194, 0.8065294
-2.989612, 0.8734568
-3.077929, 0.9405098
-3.166153, 1.007691
-3.25427, 1.075
-3.342284, 1.142438
-3.430209, 1.210002
-3.518035, 1.277693
-3.605752, 1.345521
-3.693383, 1.413471
-3.780913, 1.481541
-3.868351, 1.549743
-3.955673, 1.618079
-4.042894, 1.686532
-4.130024, 1.755109
-4.217057, 1.823813
-4.303975, 1.892658
-4.390802, 1.96162
-4.477529, 2.03072
-4.564146, 2.099952
-4.650651, 2.16932
-4.731748, 2.234585
-4.749711, 2.249092
-4.749711, 2.249092
-4.749711, 2.249092
-4.749711, 2.249092
-4.749711, 2.249092
-4.749711, 2.249092
-4.749711, 2.249092
-4.792311, 2.227816
-4.862907, 2.191562
-4.933117, 2.154569
-5.002931, 2.116833
-5.072346, 2.078354
-5.141353, 2.039142
-5.209939, 1.999203
-5.278091, 1.958537
-5.345804, 1.917145
-5.413074, 1.875043
-5.479894, 1.832224
-5.546261, 1.788698
-5.612163, 1.744471
-5.67759, 1.699546
-5.742532, 1.653929
-5.806982, 1.60762
-5.870938, 1.560628
-5.934394, 1.512959
-5.997344, 1.464624
-6.059769, 1.415619
-6.121665, 1.365947
-6.183034, 1.315619
-6.243867, 1.264644
-6.304159, 1.213032
-6.363897, 1.16078
-6.423066, 1.107891
-6.481673, 1.054373
-6.53971, 1.000237
-6.59717, 0.9454876
-6.654035, 0.890127
-6.710307, 0.8341667
-6.759353, 0.7844449
-6.766011, 0.7776343
-6.766011, 0.7776341
-6.76601, 0.7776343
-6.766009, 0.7776346
-6.766011, 0.7776345
-6.766011, 0.7776345
-6.76601, 0.777634
-6.766011, 0.7776343
-6.766011, 0.7776341
-6.766012, 0.777634
-6.766011, 0.7776344
-6.766012, 0.7776338
-6.766011, 0.777635
-6.766011, 0.777634
-6.766011, 0.7776335
-6.766011, 0.777634
-6.766013, 0.7776339
-6.766011, 0.7776347
-6.766012, 0.7776346
-6.766013, 0.7776345
-6.766013, 0.7776347
-6.766013, 0.7776344
-6.766013, 0.7776344
-6.737105, 0.7985952
-6.664762, 0.8508978
-6.592407, 0.9031906
-6.520053, 0.955484
-6.447711, 1.007782
-6.375376, 1.060089
-6.303046, 1.112396
-6.228604, 1.16622
-6.140769, 1.229593
-6.050685, 1.294292
-5.960446, 1.358774
-5.870057, 1.423046
-5.779517, 1.487106
-5.688821, 1.550949
-5.597984, 1.614588
-5.506991, 1.67801
-5.415849, 1.741216
-5.32456, 1.80421
-5.233122, 1.866988
-5.141543, 1.929549
-5.049815, 1.991894
-4.957929, 2.054017
-4.865901, 2.115925
-4.77373, 2.177618
-4.681401, 2.239082
-4.588918, 2.300316
-4.496293, 2.361321
-4.40405, 2.421718
-4.369113, 2.44455
-4.369113, 2.44455
-4.369113, 2.44455
-4.369113, 2.44455
-4.369113, 2.44455
-4.369113, 2.44455
-4.369113, 2.44455
-4.369113, 2.44455
-4.369113, 2.44455
-4.369113, 2.44455
-4.369113, 2.44455
-4.369113, 2.44455
-4.369113, 2.44455
-4.369113, 2.44455
-4.369113, 2.44455
-4.369113, 2.44455
-4.369113, 2.44455
-4.369113, 2.44455
-4.386292, 2.42588
-4.455094, 2.351279
-4.526786, 2.273595
-4.598492, 2.195921
-4.670209, 2.118256
-4.741939, 2.040607
-4.813684, 1.962967
-4.88544, 1.885339
-4.957199, 1.807714
-5.028965, 1.730097
-5.100741, 1.652491
-5.17254, 1.574908
-5.201257, 1.543868
-5.201255, 1.543868
-5.201256, 1.543867
-5.201256, 1.543868
-5.201257, 1.543868
-5.201257, 1.543868
-5.201257, 1.543868
-5.201256, 1.543868
-5.201256, 1.543868
-5.201256, 1.543868
-5.201255, 1.543868
-5.201256, 1.543869
-5.201255, 1.543868
-5.201255, 1.543867
-5.201255, 1.543868
-5.201256, 1.543868
-5.201257, 1.543868
-5.201255, 1.543868
-5.201256, 1.543868
-5.201255, 1.543867
-5.201256, 1.543868
-5.201256, 1.543868
-5.201256, 1.543868
-5.201256, 1.543868
-5.201256, 1.543868
-5.184529, 1.572803
-5.14308, 1.645359
-5.1017, 1.717943
-5.060319, 1.790528
-5.018939, 1.863113
-4.977556, 1.935695
-4.936179, 2.008281
-4.894802, 2.08087
-4.853423, 2.153454
-4.812093, 2.225846
-4.795617, 2.254588
-4.795617, 2.254588
-4.795617, 2.254588
-4.795617, 2.254588
-4.795617, 2.254588
-4.795617, 2.254588
-4.797285, 2.257332
-4.829412, 2.309187
-4.872091, 2.377159
-4.915147, 2.444894
-4.958575, 2.512392
-5.002389, 2.579649
-5.046573, 2.646661
-5.091125, 2.713427
-5.136045, 2.779945
-5.181337, 2.846213
-5.226998, 2.91223
-5.273025, 2.977993
-5.319417, 3.043503
-5.366171, 3.108752
-5.41328, 3.173735
-5.460752, 3.238458
-5.508577, 3.302917
-5.556761, 3.36711
-5.605303, 3.431036
-5.654199, 3.494688
-5.703455, 3.558066
-5.753066, 3.621173
-5.803023, 3.684001
-5.853327, 3.746555
-5.903973, 3.808825
-5.954963, 3.870814
-6.006298, 3.932518
-6.057971, 3.993935
-6.109993, 4.055062
-6.162359, 4.115899
-6.215058, 4.176444
-6.268094, 4.236696
-6.321462, 4.296653
-6.375161, 4.35631
-6.429189, 4.415668
-6.483547, 4.474719
-6.538244, 4.533469
-6.593267, 4.591917
-6.648612, 4.65005
-6.690878, 4.694037
-6.693109, 4.696347
-6.693109, 4.696348
-6.693109, 4.696347
-6.693109, 4.696347
-6.693109, 4.696347
-6.693109, 4.696348
-6.693109, 4.696347
-6.693109, 4.696349
-6.69311, 4.696348
-6.693109, 4.696348
-6.69311, 4.696349
-6.693109, 4.696348
-6.693109, 4.696347
-6.693109, 4.696349
-6.693109, 4.696349
-6.69311, 4.696348
-6.69311, 4.69635
-6.69311, 4.696348
-6.693109, 4.69635
-6.693109, 4.696349
-6.69311, 4.696349
-6.69311, 4.696349
-6.670087, 4.681437
-6.584882, 4.626573
-6.517123, 4.582629
-6.45082, 4.539026
-6.384795, 4.495003
-6.31905, 4.450558
-6.253589, 4.405703
-6.18842, 4.360429
-6.123525, 4.314738
-6.058936, 4.268639
-5.994639, 4.222121
-5.930649, 4.175191
-5.866966, 4.127844
-5.803595, 4.080073
-5.740552, 4.031869
-5.702883, 4.002742
-5.702883, 4.002742
-5.702883, 4.002742
-5.681707, 3.9601
-5.654957, 3.906044
-5.653543, 3.903204
-5.653541, 3.903203
-5.65354, 3.903203
-5.653541, 3.903203
-5.653539, 3.903203
-5.653539, 3.903203
-5.653542, 3.903203
-5.653542, 3.903203
-5.653542, 3.903205
-5.653543, 3.903204
-5.65354, 3.903204
-5.653541, 3.903203
-5.653542, 3.903203
-5.653541, 3.903203
-5.653542, 3.903203
-5.653541, 3.903203
-5.653541, 3.903203
-5.65354, 3.903203
-5.653541, 3.903203
-5.653541, 3.903203
-5.653541, 3.903203
-5.653541, 3.903203
-5.653541, 3.903203
-5.653541, 3.903204
-5.65354, 3.903203
-5.653541, 3.903203
-5.653541, 3.903203
-5.653541, 3.903203
-5.653542, 3.903203
-5.653541, 3.903202
-5.65354, 3.903203
-5.653543, 3.903203
-5.653542, 3.903204
-5.653541, 3.903203
-5.653542, 3.903204
-5.653542, 3.903203
-5.645838, 3.897603
-5.58943, 3.856428
-5.525589, 3.809293
-5.462049, 3.761754
-5.398801, 3.713816
-5.335859, 3.665487
-5.273221, 3.616768
-5.21089, 3.567659
-5.148868, 3.518165
-5.087148, 3.468274
-5.025738, 3.418002
-4.964641, 3.36735
-4.903861, 3.316321
-4.843399, 3.264913
-4.783257, 3.213127
-4.723448, 3.160966
-4.663962, 3.108435
-4.604806, 3.055535
-4.54599, 3.002261
-4.487509, 2.948614
-4.429355, 2.894602
-4.371541, 2.840239
-4.314066, 2.785511
-4.256935, 2.730431
-4.200141, 2.674994
-4.1437, 2.619199
-4.087604, 2.563049
-4.031865, 2.506553
-3.976479, 2.449712
-3.921458, 2.392527
-3.866788, 2.335
-3.812479, 2.277135
-3.758528, 2.218928
-3.704937, 2.160389
-3.651712, 2.101518
-3.598858, 2.042317
-3.54638, 1.982784
-3.494279, 1.922922
-3.442545, 1.862741
-3.391198, 1.802236
-3.340226, 1.741415
-3.289634, 1.680268
-3.239419, 1.6188
-3.189573, 1.557036
-3.139992, 1.495064
-3.090617, 1.432929
-3.041446, 1.370637
-2.992479, 1.308178
-2.943714, 1.245554
-2.895156, 1.182771
-2.846804, 1.119829
-2.798666, 1.056726
-2.75074, 0.9934665
-2.70302, 0.9300501
-2.655505, 0.8664784
-2.608204, 0.8027514
-2.561111, 0.7388704
-2.514226, 0.6748334
-2.467556, 0.6106413
-2.4211, 0.5462957
-2.374862, 0.4817981
-2.32884, 0.417147
-2.28303, 0.3523453
-2.237431, 0.2873943
-2.192054, 0.2222836
-2.14689, 0.1570224
-2.101943, 0.09160654
-2.067922, 0.04179416
-2.066134, 0.03916965
-2.066136, 0.03917037
-2.066135, 0.03916958
-2.066135, 0.03916998
-2.066135, 0.03916924
-2.066135, 0.03916951
-2.066136, 0.03916978
-2.066136, 0.03917039
-2.066135, 0.03916954
-2.066135, 0.03916951
-2.066135, 0.03917015
-2.066135, 0.03916962
-2.066135, 0.03916923
-2.066134, 0.0391697
-2.066135, 0.03917005
-2.066135, 0.03916993
-2.066135, 0.03917031
-2.066135, 0.03917032
-2.066135, 0.03917108
-2.066136, 0.03917009
-2.066134, 0.03917053
-2.066135, 0.03916992
-2.066135, 0.03916949
-2.066135, 0.03916949
-2.066135, 0.03916949
-2.066135, 0.03916949
-2.066135, 0.03916949
-2.066135, 0.03916949
-2.069084, 0.04822522
-2.090916, 0.1145631
-2.116419, 0.1897139
-2.14275, 0.2645839
-2.169916, 0.3391565
-2.197932, 0.4134088
-2.225655, 0.4843763
-2.2327, 0.5020738
-2.2327, 0.5020738
-2.2327, 0.5020738
-2.2327, 0.5020738
-2.2327, 0.5020738
-2.2327, 0.5020738
-2.2327, 0.5020738
-2.2327, 0.5020738
-2.2327, 0.5020738
-2.2327, 0.5020738
-2.2327, 0.5020738
-2.24799, 0.4907144
-2.309053, 0.4451512
-2.357637, 0.4094123
-2.3602, 0.4075404
-2.3602, 0.4075417
-2.3602, 0.4075418
-2.3602, 0.4075406
-2.360201, 0.4075417
-2.3602, 0.4075416
-2.360201, 0.4075411
-2.360201, 0.4075406
-2.3602, 0.4075411
-2.3602, 0.4075415
-2.360199, 0.407541
-2.360201, 0.4075412
-2.3602, 0.4075399
-2.3602, 0.4075415
-2.360199, 0.4075409
-2.360201, 0.4075404
-2.3602, 0.4075422
-2.3602, 0.4075411
-2.3602, 0.4075406
-2.360201, 0.4075421
-2.3602, 0.4075419
-2.3602, 0.4075412
-2.3602, 0.4075417
-2.3602, 0.4075412
-2.360201, 0.4075411
-2.360199, 0.4075418
-2.3602, 0.4075411
-2.3602, 0.4075416
-2.360201, 0.4075408
-2.360201, 0.4075415
-2.360201, 0.4075411
-2.360201, 0.4075405
-2.360202, 0.4075403
-2.360202, 0.4075403
-2.360202, 0.4075403
-2.360202, 0.4075403
-2.360202, 0.4075403
-2.407242, 0.4432834
-2.485706, 0.5027741
-2.564172, 0.5622628
-2.642639, 0.6217517
-2.721101, 0.6812453
-2.799562, 0.7407388
-2.878031, 0.8002221
-2.956496, 0.859712
-3.034962, 0.9191996
-3.113436, 0.978679
-3.191902, 1.038167
-3.270362, 1.097661
-3.348821, 1.157159
-3.42728, 1.216657
-3.50574, 1.276158
-3.584218, 1.335645
-3.662687, 1.395143
-3.741162, 1.454636
-3.81963, 1.514133
-3.898109, 1.573623
-3.976585, 1.633114
-4.05505, 1.692615
-4.133527, 1.752106
-4.212003, 1.811598
-4.290457, 1.871111
-4.368905, 1.93063
-4.447369, 1.990131
-4.525835, 2.049632
-4.604297, 2.109134
-4.682764, 2.168633
-4.744435, 2.215543
-4.752001, 2.221328
-4.752001, 2.221328
-4.752001, 2.221328
-4.752001, 2.221328
-4.752001, 2.221328
-4.752001, 2.221328
-4.752001, 2.221328
-4.746062, 2.239425
-4.721591, 2.311571
-4.695278, 2.386435
-4.668171, 2.461024
-4.640265, 2.53532
-4.611573, 2.609319
-4.582099, 2.68301
-4.551847, 2.756383
-4.520818, 2.829429
-4.488999, 2.90213
-4.456409, 2.974491
-4.423056, 3.046506
-4.388942, 3.118165
-4.354064, 3.189459
-4.318429, 3.26038
-4.282037, 3.330912
-4.244899, 3.401047
-4.207018, 3.470781
-4.168389, 3.540112
-4.129022, 3.609031
-4.088928, 3.677528
-4.048114, 3.745591
-4.006566, 3.813212
-3.964301, 3.880384
-3.921328, 3.947109
-3.877645, 4.013377
-3.833247, 4.079167
-3.788158, 4.144475
-3.74237, 4.209302
-3.695887, 4.273635
-3.648719, 4.337459
-3.600867, 4.400776
-3.552344, 4.463585
-3.50315, 4.525861
-3.453297, 4.587607
-3.402777, 4.648818
-3.351594, 4.709477
-3.299764, 4.769587
-3.259964, 4.81491
-3.257861, 4.817289
-3.25786, 4.817288
-3.25786, 4.817288
-3.257861, 4.81729
-3.257862, 4.817289
-3.257861, 4.817289
-3.257861, 4.81729
-3.257861, 4.81729
-3.257861, 4.81729
-3.257862, 4.817289
-3.257861, 4.81729
-3.257861, 4.817289
-3.257862, 4.817288
-3.257861, 4.817289
-3.257861, 4.817288
-3.25786, 4.817289
-3.25786, 4.817288
-3.257859, 4.817289
-3.257861, 4.817289
-3.25786, 4.81729
-3.257859, 4.81729
-3.257859, 4.81729
-3.260155, 4.81453
-3.304112, 4.761693
-3.364136, 4.689927
-3.424918, 4.61812
-3.486154, 4.546689
-3.547835, 4.475648
-3.609969, 4.405005
-3.672559, 4.334769
-3.731604, 4.269253
-3.752893, 4.245701
-3.752893, 4.245701
-3.752893, 4.245701
-3.752893, 4.245701
-3.752893, 4.245701
-3.752893, 4.245701
-3.752893, 4.245701
-3.752893, 4.245701
-3.752893, 4.245701
-3.752893, 4.245701
-3.752893, 4.245701
-3.752893, 4.245701
-3.752893, 4.245701
-3.752893, 4.245701
-3.752893, 4.245701
-3.752814, 4.264748
-3.752187, 4.340934
-3.750833, 4.41711
-3.750394, 4.436154
-3.750395, 4.436154
-3.750393, 4.436154
-3.750395, 4.436154
-3.750395, 4.436153
-3.750393, 4.436154
-3.750395, 4.436154
-3.750394, 4.436154
-3.750395, 4.436152
-3.750394, 4.436154
-3.750396, 4.436154
-3.750395, 4.436153
-3.750395, 4.436154
-3.750395, 4.436155
-3.750394, 4.436152
-3.750395, 4.436154
-3.750394, 4.436154
-3.750395, 4.436154
-3.750394, 4.436153
-3.750394, 4.436154
-3.750395, 4.436154
-3.750396, 4.436154
-3.750396, 4.436154
-3.750396, 4.436154
-3.750396, 4.436154
-3.750396, 4.436154
-3.750396, 4.436154
-3.750396, 4.436154
-3.750396, 4.436154
-3.750396, 4.436154
-3.750396, 4.436154
-3.750396, 4.436154
-3.750777, 4.432998
-3.757864, 4.373013
-3.766567, 4.294019
-3.77443, 4.214938
-3.781453, 4.135772
-3.787629, 4.056537
-3.792961, 3.977241
-3.79745, 3.897889
-3.8011, 3.818496
-3.803896, 3.739068
-3.805848, 3.659615
-3.806955, 3.580146
-3.80722, 3.500669
-3.806638, 3.421195
-3.805197, 3.341728
-3.802915, 3.262279
-3.799787, 3.182861
-3.795811, 3.103479
-3.790986, 3.024142
-3.785318, 2.94486
-3.778807, 2.86564
-3.771446, 2.786495
-3.763245, 2.70745
-3.754208, 2.6285
-3.744329, 2.549652
-3.733598, 2.470917
-3.722036, 2.392301
-3.709633, 2.313808
-3.696388, 2.235452
-3.682314, 2.157241
-3.66742, 2.079269
-3.651695, 2.001489
-3.635138, 1.923877
-3.617757, 1.846442
-3.599545, 1.769201
-3.580508, 1.692156
-3.560642, 1.61532
-3.539958, 1.538703
-3.518447, 1.46231
-3.49611, 1.386151
-3.472965, 1.310234
-3.449006, 1.234569
-3.424224, 1.159166
-3.39863, 1.084048
-3.372223, 1.00922
-3.345004, 0.9346739
-3.316969, 0.8604324
-3.288118, 0.7864963
-3.258446, 0.7128813
-3.227943, 0.6396149
-3.196582, 0.5667118
-3.177372, 0.523141
-3.177372, 0.523141
-3.177372, 0.523141
-3.177372, 0.523141
-3.177372, 0.523141
-3.177372, 0.523141
-3.177372, 0.523141
-3.177372, 0.523141
-3.129882, 0.5266915
-3.050772, 0.533125
-2.971735, 0.5403908
-2.892785, 0.5484978
-2.813924, 0.5574488
-2.735165, 0.5672337
-2.656511, 0.5778531
-2.577973, 0.5893055
-2.499561, 0.6015857
-2.421287, 0.6146988
-2.34316, 0.6286503
-2.26519, 0.6434292
-2.187384, 0.6590322
-2.109747, 0.6754608
-2.078732, 0.6822299
-2.078731, 0.6822301
-2.078732, 0.6822292
-2.078733, 0.6822304
-2.078731, 0.6822284
-2.078732, 0.6822299
-2.078732, 0.6822304
-2.078732, 0.6822295
-2.078732, 0.6822294
-2.078732, 0.6822304
-2.078731, 0.68223
-2.078732, 0.6822302
-2.078731, 0.6822299
-2.078732, 0.6822296
-2.078731, 0.68223
-2.078731, 0.6822304
-2.07873, 0.6822302
-2.078732, 0.6822305
-2.07873, 0.6822308
-2.078731, 0.6822301
-2.078732, 0.68223
-2.078732, 0.6822292
-2.078732, 0.6822301
-2.078731, 0.6822305
-2.078732, 0.6822304
-2.078732, 0.6822298
-2.115854, 0.7125705
-2.177685, 0.7631922
-2.239517, 0.8138143
-2.301349, 0.864436
-2.363181, 0.9150581
-2.425012, 0.9656803
-2.486844, 1.016302
-2.548674, 1.066926
-2.610505, 1.11755
-2.672343, 1.168159
-2.734182, 1.218765
-2.796016, 1.269383
-2.857851, 1.319997
-2.91969, 1.370604
-2.981516, 1.421236
-3.043345, 1.471862
-3.105178, 1.522482
-3.167007, 1.573109
-3.228836, 1.623735
-3.290662, 1.674368
-3.3525, 1.724976
-3.414338, 1.775582
-3.476175, 1.826194
-3.538012, 1.876802
-3.599851, 1.927409
-3.67066, 1.985466
-3.754653, 2.055032
-3.838123, 2.125218
-3.921058, 2.19603
-4.003458, 2.267458
-4.085317, 2.339509
-4.166632, 2.412176
-4.247396, 2.485462
-4.327604, 2.559356
-4.407251, 2.633854
-4.486337, 2.708955
-4.564857, 2.78465
-4.642787, 2.860929
-4.720139, 2.937795
-4.796906, 3.015253
-4.873083, 3.093295
-4.948668, 3.171913
-5.023649, 3.251108
-5.098013, 3.330873
-5.171768, 3.411205
-5.244911, 3.492104
-5.317418, 3.573567
-5.389291, 3.655596
-5.460515, 3.738186
-5.531075, 3.821344
-5.591444, 3.893402
-5.603669, 3.908009
-5.603669, 3.908009
-5.603669, 3.908009
-5.603669, 3.908009
-5.603669, 3.908009
-5.603669, 3.908009
-5.603669, 3.908009
-5.603669, 3.908009
-5.576739, 3.947281
-5.531126, 4.012221
-5.484834, 4.076678
-5.437866, 4.140642
-5.390219, 4.204105
-5.341895, 4.267052
-5.292904, 4.32948
-5.243252, 4.391387
-5.192947, 4.452764
-5.148164, 4.506345
-5.142025, 4.513625
-5.142025, 4.513625
-5.142025, 4.513625
-5.142025, 4.513626
-5.142025, 4.513627
-5.142025, 4.513626
-5.142024, 4.513625
-5.142025, 4.513626
-5.142025, 4.513626
-5.142026, 4.513625
-5.142025, 4.513625
-5.142025, 4.513626
-5.142024, 4.513626
-5.142025, 4.513626
-5.142025, 4.513626
-5.142025, 4.513625
-5.142024, 4.513625
-5.142025, 4.513625
-5.142025, 4.513624
-5.142025, 4.513625
-5.142026, 4.513626
-5.142025, 4.513626
-5.142025, 4.513626
-5.142025, 4.513625
-5.142026, 4.513625
-5.142026, 4.513626
-5.142026, 4.513625
-5.142025, 4.513625
-5.130373, 4.498095
-5.083375, 4.436271
-5.034339, 4.371929
-4.985303, 4.307588
-4.936268, 4.243247
-4.887237, 4.178902
-4.838201, 4.11456
-4.789163, 4.050221
-4.740126, 3.985881
-4.691091, 3.921539
-4.642058, 3.857195
-4.593026, 3.792852
-4.54399, 3.72851
-4.494955, 3.664168
-4.44592, 3.599826
-4.396885, 3.535484
-4.34785, 3.471143
-4.298816, 3.4068
-4.24978, 3.342458
-4.200747, 3.278116
-4.151713, 3.213773
-4.102681, 3.149429
-4.053645, 3.085088
-4.00461, 3.020746
-3.95557, 2.956407
-3.906538, 2.892063
-3.857506, 2.827719
-3.808474, 2.763376
-3.759438, 2.699034
-3.710447, 2.634736
-3.662187, 2.571261
-3.614326, 2.507938
-3.566676, 2.444458
-3.519246, 2.380815
-3.47202, 2.317021
-3.425009, 2.253065
-3.378207, 2.188958
-3.331617, 2.124699
-3.28524, 2.060285
-3.239077, 1.995718
-3.193127, 1.930998
-3.147401, 1.866123
-3.101889, 1.801096
-3.0566, 1.735914
-3.011522, 1.670584
-2.966673, 1.605101
-2.922044, 1.539465
-2.877644, 1.473673
-2.833472, 1.407728
-2.789542, 1.341624
-2.756341, 1.291258
-2.754599, 1.288603
-2.754599, 1.288603
-2.754599, 1.288603
-2.754599, 1.288603
-2.754599, 1.288603
-2.754599, 1.288603
-2.754599, 1.288603
-2.754599, 1.288603
-2.754599, 1.288603
-2.754599, 1.288603
-2.754599, 1.288603
-2.754599, 1.288603
-2.754599, 1.288603
-2.754599, 1.288603
-2.754599, 1.288603
-2.754599, 1.288603
-2.754599, 1.288603
-2.807069, 1.326208
-2.894497, 1.38891
-2.982384, 1.450972
-3.070719, 1.512388
-3.159508, 1.573155
-3.248738, 1.633271
-3.338414, 1.69273
-3.428525, 1.751531
-3.519065, 1.809674
-3.599081, 1.860311
-3.610014, 1.867181
-3.610014, 1.867182
-3.610013, 1.867181
-3.610014, 1.867182
-3.610013, 1.867182
-3.610013, 1.867182
-3.610013, 1.867182
-3.610013, 1.867183
-3.610013, 1.867181
-3.610014, 1.867182
-3.610014, 1.867182
-3.610014, 1.867182
-3.610014, 1.867182
-3.610014, 1.867182
-3.610013, 1.867181
-3.610014, 1.867182
-3.610013, 1.867181
-3.610013, 1.867182
-3.610013, 1.867181
-3.610014, 1.867182
-3.610013, 1.867182
-3.610014, 1.867181
-3.610014, 1.867182
-3.610013, 1.867182
-3.610013, 1.867182
-3.610015, 1.867182
-3.610013, 1.867182
-3.610013, 1.867182
-3.610013, 1.867182
-3.610013, 1.867182
-3.610014, 1.867182
-3.610014, 1.867182
-3.610013, 1.867182
-3.610015, 1.867182
-3.610014, 1.867183
-3.610013, 1.867181
-3.610014, 1.867181
-3.610013, 1.867183
-3.610013, 1.867182
-3.649051, 1.899968
-3.71412, 1.954599
-3.779191, 2.009229
-3.844262, 2.063857
-3.90933, 2.11849
-3.974403, 2.173117
-4.039474, 2.227745
-4.104543, 2.282383
-4.169612, 2.33702
-4.234684, 2.391648
-4.299762, 2.446271
-4.364842, 2.500895
-4.429928, 2.555516
-4.495008, 2.610139
-4.560094, 2.664759
-4.625173, 2.719383
-4.690253, 2.774007
-4.755332, 2.828631
-4.820408, 2.883257
-4.885483, 2.937884
-4.959146, 2.999596
-5.046023, 3.071527
-5.133543, 3.142673
-5.221714, 3.213012
-5.309731, 3.281882
-5.367049, 3.326009
-5.369815, 3.328123
-5.369815, 3.328123
-5.369815, 3.328123
-5.369815, 3.328123
-5.369815, 3.328123
-5.369815, 3.328123
-5.369815, 3.328123
-5.369815, 3.328123
-5.369815, 3.328123
-5.36185, 3.337913
-5.303473, 3.409723
-5.237374, 3.491518
-5.171557, 3.573543
-5.10603, 3.655797
-5.040793, 3.738281
-4.975844, 3.820989
-4.911184, 3.903925
-4.846816, 3.987093
-4.782739, 4.070488
-4.718953, 4.154107
-4.65546, 4.237947
-4.592264, 4.322013
-4.529363, 4.406303
-4.466753, 4.49081
-4.404448, 4.575541
-4.342446, 4.660487
-4.280738, 4.745646
-4.219333, 4.831021
-4.158235, 4.916617
-4.133869, 4.950911
-4.133869, 4.950911
-4.133868, 4.95091
-4.133869, 4.950911
-4.133869, 4.95091
-4.133869, 4.95091
-4.133869, 4.95091
-4.133869, 4.95091
-4.13387, 4.95091
-4.13387, 4.95091
-4.133869, 4.950911
-4.13387, 4.95091
-4.13387, 4.950911
-4.133869, 4.950911
-4.133869, 4.95091
-4.13387, 4.95091
-4.133869, 4.950911
-4.133868, 4.950908
-4.133868, 4.95091
-4.133868, 4.95091
-4.13387, 4.95091
-4.133869, 4.950912
-4.133869, 4.950911
-4.13387, 4.950911
-4.134082, 4.946436
-4.13809, 4.861417
-4.143363, 4.749551
-4.148636, 4.637685
-4.153911, 4.525818
-4.159181, 4.413953
-4.164446, 4.302085
-4.169723, 4.190219
-4.174998, 4.078354
-4.180274, 3.966488
-4.185543, 3.854622
-4.190816, 3.742757
-4.196084, 3.630887
-4.20134, 3.519012
-4.206595, 3.407145
-4.211129, 3.307906
-4.212479, 3.275792
-4.212479, 3.275792
-4.212479, 3.275792
-4.212479, 3.275792
-4.199197, 3.258263
-4.146173, 3.188074
-4.091191, 3.11476
-4.036475, 3.041246
-3.98204, 2.967527
-3.92788, 2.8936
-3.87399, 2.819477
-3.820376, 2.745149
-3.767045, 2.670611
-3.714001, 2.59588
-3.661244, 2.520958
-3.608765, 2.445842
-3.556568, 2.370531
-3.504651, 2.295025
-3.453025, 2.21933
-3.401681, 2.143432
-3.350621, 2.067341
-3.29985, 1.991055
-3.249356, 1.914585
-3.199154, 1.837927
-3.14924, 1.761072
-3.099607, 1.684036
-3.050265, 1.606812
-3.001219, 1.529394
-2.952463, 1.451796
-2.904006, 1.374023
-2.855852, 1.296069
-2.807983, 1.217935
-2.760411, 1.139615
-2.71313, 1.061114
-2.666148, 0.982435
-2.619458, 0.9035836
-2.573062, 0.8245508
-2.526969, 0.7453445
-2.481181, 0.6659644
-2.435701, 0.5864089
-2.390517, 0.5066861
-2.345637, 0.4267841
-2.302829, 0.3499235
-2.292163, 0.330688
-2.292163, 0.330688
-2.292163, 0.3306873
-2.292161, 0.3306879
-2.292161, 0.3306877
-2.292162, 0.3306887
-2.292162, 0.3306876
-2.292163, 0.3306871
-2.292162, 0.3306883
-2.292162, 0.3306882
-2.292162, 0.3306879
-2.292161, 0.3306877
-2.292161, 0.3306881
-2.292162, 0.3306879
-2.292163, 0.3306876
-2.292162, 0.3306888
-2.292162, 0.3306879
-2.292161, 0.3306885
-2.292162, 0.3306881
-2.292161, 0.3306878
-2.292162, 0.3306887
-2.292162, 0.3306877
-2.292161, 0.3306866
-2.292161, 0.3306866
-2.292161, 0.3306866
-2.292161, 0.3306866
-2.292161, 0.3306866
-2.292161, 0.3306866
-2.309909, 0.3456606
-2.380903, 0.4055575
-2.454856, 0.4679505
-2.528807, 0.5303437
-2.60276, 0.592737
-2.668703, 0.6484426
-2.721927, 0.6936592
-2.731158, 0.7023152
-2.768903, 0.7493669
-2.818706, 0.8111596
-2.868712, 0.8727864
-2.918918, 0.9342484
-2.939051, 0.9587946
-2.93905, 0.9587938
-2.939051, 0.958795
-2.939051, 0.9587938
-2.93905, 0.9587946
-2.939051, 0.9587938
-2.939051, 0.9587938
-2.939051, 0.9587944
-2.939051, 0.9587944
-2.939051, 0.9587946
-2.939051, 0.9587939
-2.939051, 0.9587942
-2.939051, 0.958795
-2.939051, 0.9587939
-2.939051, 0.9587939
-2.939051, 0.9587946
-2.939051, 0.9587938
-2.939051, 0.958794
-2.939049, 0.9587942
-2.939053, 0.9587944
-2.939051, 0.9587938
-2.93905, 0.9587944
-2.939052, 0.9587939
-2.93905, 0.9587939
-2.939051, 0.9587943
-2.939051, 0.9587938
-2.939051, 0.9587939
-2.939051, 0.9587944
-2.93905, 0.9587943
-2.93905, 0.9587943
-2.939051, 0.9587946
-2.93905, 0.958794
-2.939051, 0.9587936
-2.939051, 0.9587948
-2.93905, 0.9587936
-2.939051, 0.9587936
-2.93905, 0.9587951
-2.939051, 0.9587945
-2.93905, 0.9587946
-2.939051, 0.9587943
-2.960779, 0.9842401
-3.015102, 1.047858
-3.069417, 1.111478
-3.12374, 1.175103
-3.178072, 1.238723
-3.232409, 1.302343
-3.286736, 1.365965
-3.341066, 1.429587
-3.395403, 1.493206
-3.449739, 1.556826
-3.504061, 1.62045
-3.558386, 1.684074
-3.6127, 1.7477
-3.667013, 1.811321
-3.721334, 1.874936
-3.775648, 1.938555
-3.829967, 2.002171
-3.884283, 2.065789
-3.938607, 2.129411
-3.992938, 2.193035
-4.047265, 2.256662
-4.101591, 2.32029
-4.155918, 2.383916
-4.210243, 2.447545
-4.264561, 2.511178
-4.318874, 2.574815
-4.373202, 2.638441
-4.427522, 2.702067
-4.481856, 2.765689
-4.536185, 2.829312
-4.590506, 2.892938
-4.644817, 2.956568
-4.69912, 3.0202
-4.753443, 3.083829
-4.807769, 3.147456
-4.862089, 3.211089
-4.916408, 3.274722
-4.970727, 3.338355
-5.025049, 3.401986
-5.079379, 3.46561
-5.133694, 3.529238
-5.188022, 3.592863
-5.241312, 3.655116
-5.293369, 3.715022
-5.346073, 3.77436
-5.399415, 3.833125
-5.453393, 3.89131
-5.508006, 3.948896
-5.56325, 4.005879
-5.619126, 4.06224
-5.675638, 4.117967
-5.7328, 4.173023
-5.755834, 4.194872
-5.755834, 4.194872
-5.755834, 4.194872
-5.755834, 4.194872
-5.755834, 4.194872
-5.755834, 4.194872
-5.755834, 4.194872
-5.755834, 4.194872
-5.755834, 4.194872
-5.755834, 4.194872
-5.755834, 4.194872
-5.755834, 4.194872
-5.755834, 4.194872
-5.755834, 4.194872
-5.755834, 4.194872
-5.755835, 4.19487
-5.755835, 4.194871
-5.755834, 4.194871
-5.755835, 4.19487
-5.755834, 4.19487
-5.755834, 4.194869
-5.755835, 4.194869
-5.755834, 4.19487
-5.755835, 4.19487
-5.755835, 4.194871
-5.755835, 4.19487
-5.755834, 4.194871
-5.755835, 4.19487
-5.755835, 4.194871
-5.755834, 4.19487
-5.755836, 4.194871
-5.755834, 4.19487
-5.755835, 4.19487
-5.755835, 4.194871
-5.755834, 4.19487
-5.755834, 4.19487
-5.755835, 4.19487
-5.755835, 4.19487
-5.755834, 4.19487
-5.755835, 4.194871
-5.755835, 4.194871
-5.755834, 4.19487
-5.755835, 4.19487
-5.755836, 4.194871
-5.755834, 4.194871
-5.755834, 4.194871
-5.755836, 4.194871
-5.755835, 4.19487
-5.755835, 4.19487
-5.755835, 4.194871
-5.743857, 4.179334
-5.696082, 4.117086
-5.64634, 4.052227
-5.596591, 3.987369
-5.546842, 3.922512
-5.497094, 3.857655
-5.447345, 3.792797
-5.397601, 3.727938
-5.347856, 3.66308
-5.298115, 3.598219
-5.248361, 3.533368
-5.198613, 3.46851
-5.148866, 3.403652
-5.099117, 3.338794
-5.049369, 3.273935
-4.999621, 3.209079
-4.949863, 3.144232
-4.900111, 3.079378
-4.850363, 3.014521
-4.800616, 2.949662
-4.750869, 2.884804
-4.701122, 2.819945
-4.651376, 2.755086
-4.601629, 2.690227
-4.551883, 2.625368
-4.502136, 2.560509
-4.452385, 2.495655
-4.402617, 2.43082
-4.352846, 2.365988
-4.303072, 2.301158
-4.259288, 2.24409
-4.253319, 2.236307
-4.253319, 2.236307
-4.253319, 2.236307
-4.253319, 2.236307
-4.253319, 2.236307
-4.253319, 2.236307
-4.253319, 2.236307
-4.263848, 2.220212
-4.306353, 2.156085
-4.350511, 2.089211
-4.394437, 2.022188
-4.438138, 1.955013
-4.481612, 1.887695
-4.524856, 1.820228
-4.567874, 1.752618
-4.610664, 1.684859
-4.653225, 1.616961
-4.69555, 1.548915
-4.737649, 1.480731
-4.779519, 1.412403
-4.821156, 1.343932
-4.862563, 1.275319
-4.903732, 1.20656
-4.94467, 1.137661
-4.985375, 1.068623
-5.02585, 0.9994584
-5.066087, 0.9301465
-5.106087, 0.8606906
-5.145854, 0.7911022
-5.185381, 0.7213838
-5.224666, 0.651539
-5.263711, 0.5815624
-5.302513, 0.5114486
-5.341074, 0.4411971
-5.379402, 0.3708204
-5.417487, 0.3003053
-5.455338, 0.2296648
-5.492949, 0.1588991
-5.530313, 0.08800372
-5.55263, 0.04540937
-5.55263, 0.04540954
-5.55263, 0.04540987
-5.552631, 0.04540949
-5.55263, 0.04540917
-5.552629, 0.04540988
-5.55263, 0.0454095
-5.55263, 0.04541012
-5.55263, 0.04540969
-5.552629, 0.04540991
-5.55263, 0.04540967
-5.552631, 0.04541024
-5.55263, 0.04541043
-5.55263, 0.04541004
-5.55263, 0.04541016
-5.55263, 0.04540994
-5.552631, 0.0454099
-5.55263, 0.04541018
-5.55263, 0.0454099
-5.55263, 0.04541006
-5.55263, 0.04540956
-5.55263, 0.0454113
-5.55263, 0.04541165
-5.545059, 0.06663046
-5.515237, 0.1516695
-5.484267, 0.2402864
-5.453298, 0.3289012
-5.422329, 0.4175165
-5.391358, 0.5061347
-5.360397, 0.5947558
-5.329425, 0.6833733
-5.298463, 0.7719926
-5.26752, 0.8606124
-5.234883, 0.9542557
-5.197745, 1.063157
-5.161636, 1.173332
-5.126912, 1.283947
-5.093568, 1.394994
-5.061618, 1.506446
-5.031062, 1.618287
-5.001917, 1.730507
-4.974188, 1.843081
-4.947888, 1.956
-4.923022, 2.069252
-4.899604, 2.182811
-4.877653, 2.29666
-4.857186, 2.410782
-4.838259, 2.525166
-4.824899, 2.612267
-4.82422, 2.616854
-4.82422, 2.616854
-4.82422, 2.616854
-4.82422, 2.616854
-4.82422, 2.616854
-4.82422, 2.616854
-4.82422, 2.616854
-4.82422, 2.616854
-4.78553, 2.618814
-4.6888, 2.623709
-4.592078, 2.628611
-4.495342, 2.633537
-4.39861, 2.638469
-4.301881, 2.643393
-4.205156, 2.648329
-4.108423, 2.653269
-4.011692, 2.658216
-3.914963, 2.663183
-3.818232, 2.668161
-3.721519, 2.673146
-3.624794, 2.678128
-3.528064, 2.683117
-3.431335, 2.688109
-3.334614, 2.693114
-3.237886, 2.698148
-3.141167, 2.703187
-3.08313, 2.706211
-3.083128, 2.706209
-3.08313, 2.70621
-3.083129, 2.70621
-3.083129, 2.70621
-3.083128, 2.70621
-3.08313, 2.706211
-3.083129, 2.706211
-3.083128, 2.706211
-3.083128, 2.70621
-3.083129, 2.70621
-3.083128, 2.70621
-3.083129, 2.706211
-3.083129, 2.70621
-3.083128, 2.70621
-3.083129, 2.706209
-3.083128, 2.70621
-3.08313, 2.706211
-3.083129, 2.70621
-3.083129, 2.70621
-3.083129, 2.706211
-3.083129, 2.706209
-3.083128, 2.706211
-3.083129, 2.706209
-3.08549, 2.704065
-3.130201, 2.66315
-3.188587, 2.608841
-3.246392, 2.553911
-3.303611, 2.498367
-3.360238, 2.442217
-3.416262, 2.38547
-3.471664, 2.328122
-3.526453, 2.270175
-3.580624, 2.21165
-3.634166, 2.152555
-3.68707, 2.092892
-3.739327, 2.032666
-3.790934, 1.971874
-3.841897, 1.910536
-3.892205, 1.848661
-3.941834, 1.78625
-3.990791, 1.723303
-4.039075, 1.659837
-4.086673, 1.595864
-4.13358, 1.531381
-4.179798, 1.466395
-4.22531, 1.400924
-4.270115, 1.334981
-4.314485, 1.269068
-4.359344, 1.203585
-4.404908, 1.138601
-4.451167, 1.074116
-4.498118, 1.010133
-4.545753, 0.9466411
-4.594069, 0.8836851
-4.643062, 0.8212517
-4.692735, 0.7593511
-4.743084, 0.698006
-4.794097, 0.6372143
-4.845782, 0.576987
-4.898141, 0.5173456
-4.951168, 0.4582979
-5.002724, 0.4021978
-5.015701, 0.3882544
-5.015701, 0.3882544
-5.015701, 0.3882544
-5.015701, 0.3882544
-5.015701, 0.3882544
-5.015701, 0.3882544
-5.015701, 0.3882544
-5.015701, 0.3882544
-4.991477, 0.3472555
-4.950649, 0.2791972
-4.909097, 0.2115906
-4.866822, 0.1444342
-4.823827, 0.07773243
-4.797723, 0.03790838
-4.797722, 0.0379077
-4.79772, 0.03790809
-4.797721, 0.03790618
-4.797721, 0.037907
-4.797722, 0.03790909
-4.797722, 0.03790813
-4.797722, 0.03790692
-4.797723, 0.03790832
-4.797722, 0.03790734
-4.797721, 0.03790737
-4.797723, 0.03790765
-4.797723, 0.03790705
-4.797722, 0.03790679
-4.797724, 0.03790788
-4.797722, 0.03790801
-4.797719, 0.03790733
-4.797723, 0.03790732
-4.797723, 0.03790653
-4.797719, 0.03790895
-4.797723, 0.0379065
-4.797724, 0.03790689
-4.797721, 0.0379085
-4.797721, 0.03790709
-4.79719, 0.05139986
-4.793298, 0.1503422
-4.788886, 0.2627715
-4.784465, 0.3752041
-4.780046, 0.4876367
-4.775642, 0.6000555
-4.771208, 0.7124782
-4.766786, 0.824909
-4.762379, 0.9373552
-4.757973, 1.049803
-4.75356, 1.162245
-4.749302, 1.270268
-4.748073, 1.301408
-4.748065, 1.301612
-4.748065, 1.301612
-4.748065, 1.301612
-4.748065, 1.301612
-4.748065, 1.301612
-4.748065, 1.301612
-4.748065, 1.301612
-4.748065, 1.301612
-4.748065, 1.301612
-4.748065, 1.301612
-4.748065, 1.301612
-4.748065, 1.301612
-4.748065, 1.301612
-4.748065, 1.301612
-4.748065, 1.301612
-4.748065, 1.301612
-4.748065, 1.301612
-4.748065, 1.301612
-4.748065, 1.301612
-4.748065, 1.301612
-4.748065, 1.301612
-4.748065, 1.301612
-4.748065, 1.301612
-4.748065, 1.301612
-4.748065, 1.301612
-4.748065, 1.301612
-4.748065, 1.301612
-4.748065, 1.301612
-4.748065, 1.301612
-4.748065, 1.301612
-4.748065, 1.301612
-4.748065, 1.301612
-4.748065, 1.301612
-4.748065, 1.301612
-4.748065, 1.301612
-4.748065, 1.301612
-4.748065, 1.301612
-4.748065, 1.301612
-4.748065, 1.301612
-4.748065, 1.301612
-4.748065, 1.301612
-4.748065, 1.301612
-4.748065, 1.301612
-4.748065, 1.301612
-4.748065, 1.301612
-4.748065, 1.301612
-4.748065, 1.301612
