-3, -3
-3, -3
-3, -3
-3, -3
-3, -3
-3, -3
-3, -3
-3, -3
-3, -3
-3, -3
-3, -3
-3, -3
-3, -3
-3, -3
-3, -3
-3, -3
-3, -3
-3.000047, -2.968254
-3.000683, -2.880955
-3.0025, -2.785735
-3.005529, -2.690547
-3.009771, -2.595404
-3.015225, -2.500324
-3.021888, -2.405321
-3.02976, -2.31041
-3.038842, -2.215607
-3.049131, -2.120928
-3.058587, -2.042129
-3.059572, -2.034254
-3.059572, -2.034254
-3.059572, -2.034254
-3.059572, -2.034254
-3.059572, -2.034254
-3.059572, -2.034254
-3.059573, -2.034254
-3.059573, -2.034254
-3.059572, -2.034254
-3.059572, -2.034254
-3.059573, -2.034254
-3.059572, -2.034254
-3.059573, -2.034254
-3.059572, -2.034254
-3.059573, -2.034255
-3.059572, -2.034254
-3.059573, -2.034255
-3.059573, -2.034254
-3.059573, -2.034255
-3.059572, -2.034254
-3.059573, -2.034255
-3.064948, -2.040514
-3.118684, -2.103096
-3.183165, -2.178194
-3.247647, -2.253293
-3.312129, -2.32839
-3.37661, -2.403488
-3.441092, -2.478586
-3.505573, -2.553683
-3.570051, -2.62878
-3.634533, -2.703879
-3.699014, -2.778978
-3.763497, -2.854078
-3.827979, -2.929177
-3.892461, -3.004274
-3.956942, -3.079371
-4.021424, -3.154471
-4.085907, -3.229571
-4.150391, -3.30467
-4.209499, -3.37351
-4.263234, -3.436094
-4.316969, -3.498677
-4.370704, -3.56126
-4.424439, -3.623844
-4.478174, -3.686427
-4.531908, -3.749009
-4.585641, -3.81159
-4.639376, -3.874173
-4.693111, -3.936759
-4.746847, -3.999342
-4.800584, -4.061926
-4.854319, -4.12451
-4.908055, -4.187095
-4.961791, -4.249677
-5.015524, -4.312259
-5.069259, -4.374842
-5.122996, -4.437427
-5.178977, -4.502654
-5.249007, -4.584783
-5.320665, -4.670077
-5.391638, -4.755947
-5.461915, -4.842379
-5.531494, -4.929375
-5.600369, -5.016928
-5.668539, -5.105035
-5.736, -5.193693
-5.802737, -5.28289
-5.866498, -5.369513
-5.915409, -5.436838
-5.961809, -5.501229
-6.008, -5.565778
-6.053967, -5.630483
-6.099717, -5.695342
-6.145246, -5.760352
-6.190549, -5.82552
-6.235631, -5.890845
-6.280479, -5.956331
-6.319746, -6.014091
-6.325089, -6.021978
-6.325089, -6.021978
-6.325089, -6.021978
-6.325089, -6.021978
-6.325089, -6.021978
-6.325089, -6.021978
-6.325089, -6.021978
-6.325089, -6.021978
-6.34253, -6.014322
-6.383114, -5.996205
-6.383115, -5.996206
-6.383115, -5.996206
-6.383113, -5.996205
-6.383114, -5.996205
-6.383113, -5.996204
-6.383114, -5.996205
-6.383115, -5.996205
-6.383115, -5.996205
-6.383114, -5.996205
-6.383114, -5.996205
-6.383113, -5.996205
-6.383114, -5.996205
-6.383114, -5.996205
-6.383114, -5.996205
-6.383114, -5.996205
-6.383114, -5.996205
-6.383114, -5.996204
-6.383114, -5.996204
-6.383114, -5.996204
-6.383113, -5.996204
-6.383114, -5.996204
-6.383114, -5.996204
-6.383113, -5.996204
-6.383114, -5.996204
-6.383113, -5.996204
-6.383114, -5.996204
-6.383114, -5.996205
-6.380851, -5.993798
-6.338309, -5.94767
-6.282496, -5.886826
-6.226693, -5.825972
-6.170877, -5.765129
-6.115063, -5.704288
-6.059249, -5.643443
-6.003435, -5.582599
-5.947618, -5.521757
-5.891801, -5.460915
-5.835989, -5.400067
-5.780188, -5.339211
-5.724371, -5.278369
-5.668559, -5.217523
-5.612741, -5.156679
-5.556923, -5.095837
-5.501105, -5.034995
-5.445288, -4.974153
-5.38569, -4.909266
-5.31445, -4.832523
-5.241838, -4.755801
-5.168458, -4.679813
-5.094316, -4.604569
-5.019419, -4.530077
-4.943776, -4.456342
-4.867393, -4.383374
-4.790278, -4.311181
-4.712435, -4.239774
-4.631555, -4.167047
-4.546548, -4.091887
-4.460948, -4.017404
-4.374762, -3.9436
-4.287995, -3.870477
-4.200648, -3.798048
-4.112724, -3.726323
-4.02422, -3.655312
-3.935137, -3.585031
-3.845458, -3.515512
-3.791374, -3.474161
-3.791374, -3.474161
-3.791374, -3.474161
-3.791374, -3.474161
-3.791374, -3.474161
-3.791374, -3.474161
-3.791374, -3.474161
-3.791374, -3.474161
-3.791374, -3.474161
-3.791374, -3.474161
-3.791374, -3.474161
-3.791374, -3.474161
-3.791374, -3.474161
-3.791374, -3.474161
-3.791374, -3.474161
-3.791374, -3.474161
-3.791374, -3.474161
-3.791374, -3.474161
-3.791374, -3.474161
-3.791374, -3.474161
-3.836868, -3.506505
-3.912831, -3.560216
-3.943278, -3.581613
-3.943278, -3.581612
-3.943278, -3.581613
-3.943279, -3.581613
-3.943278, -3.581613
-3.943279, -3.581613
-3.943278, -3.581613
-3.943279, -3.581613
-3.943278, -3.581613
-3.943278, -3.581612
-3.943278, -3.581613
-3.943278, -3.581613
-3.943278, -3.581612
-3.943279, -3.581612
-3.943279, -3.581613
-3.943278, -3.581613
-3.943278, -3.581613
-3.943278, -3.581612
-3.943278, -3.581613
-3.943279, -3.581612
-3.943278, -3.581613
-3.943278, -3.581613
-3.943278, -3.581612
-3.943278, -3.581612
-3.943278, -3.581612
-3.943279, -3.581613
-3.943278, -3.581612
-3.943278, -3.581613
-3.943279, -3.581612
-3.943278, -3.581613
-3.943278, -3.581612
-3.943278, -3.581612
-3.943278, -3.581613
-3.943278, -3.581612
-3.943278, -3.581612
-3.943278, -3.581613
-3.943278, -3.581612
-3.943278, -3.581612
-3.943278, -3.581612
-3.943278, -3.581612
-3.968938, -3.600303
-4.032892, -3.647299
-4.09645, -3.694829
-4.159598, -3.742903
-4.222333, -3.791518
-4.284645, -3.84067
-4.346533, -3.890355
-4.407992, -3.94057
-4.469018, -3.991311
-4.529606, -4.042575
-4.589751, -4.094359
-4.649448, -4.146658
-4.708693, -4.199468
-4.767482, -4.252785
-4.82581, -4.306603
-4.883674, -4.360921
-4.941072, -4.415736
-4.997993, -4.471042
-5.054437, -4.526836
-5.110398, -4.583113
-5.165874, -4.639869
-5.22086, -4.6971
-5.275352, -4.754802
-5.329347, -4.812969
-5.382838, -4.871599
-5.435823, -4.930687
-5.488297, -4.990231
-5.540254, -5.050222
-5.591693, -5.110658
-5.642612, -5.171536
-5.693005, -5.232851
-5.742868, -5.294599
-5.792197, -5.356772
-5.840987, -5.41937
-5.889234, -5.482384
-5.936938, -5.545812
-5.984095, -5.609649
-6.030698, -5.673892
-6.076746, -5.738535
-6.122235, -5.803571
-6.167159, -5.868998
-6.211515, -5.934808
-6.255302, -6.001001
-6.298746, -6.067423
-6.342529, -6.133621
-6.386883, -6.199436
-6.431804, -6.264865
-6.47729, -6.329901
-6.523341, -6.394542
-6.569949, -6.458781
-6.617116, -6.522614
-6.664834, -6.586033
-6.713103, -6.649035
-6.76192, -6.711614
-6.811282, -6.773763
-6.861188, -6.835477
-6.911633, -6.89675
-6.950311, -6.943035
-6.952355, -6.945464
-6.952355, -6.945464
-6.952354, -6.945464
-6.952354, -6.945464
-6.952354, -6.945464
-6.952355, -6.945464
-6.952355, -6.945464
-6.952355, -6.945464
-6.952354, -6.945464
-6.952355, -6.945464
-6.952355, -6.945464
-6.952355, -6.945464
-6.952354, -6.945464
-6.952355, -6.945465
-6.952356, -6.945465
-6.952355, -6.945465
-6.952355, -6.945464
-6.952355, -6.945464
-6.952356, -6.945465
-6.952356, -6.945464
-6.952354, -6.945464
-6.952356, -6.945465
-6.952355, -6.945465
-6.952355, -6.945464
-6.952355, -6.945464
-6.952355, -6.945464
-6.952355, -6.945464
-6.952355, -6.945464
-6.952355, -6.945464
-6.949446, -6.936398
-6.92838, -6.869819
-6.903895, -6.794337
-6.878561, -6.719125
-6.852376, -6.644212
-6.825307, -6.569613
-6.814256, -6.539857
-6.814256, -6.539857
-6.814256, -6.539857
-6.814256, -6.539857
-6.814256, -6.539857
-6.814256, -6.539857
-6.814256, -6.539857
-6.811081, -6.539897
-6.750769, -6.540498
-6.671409, -6.540668
-6.592055, -6.540001
-6.512709, -6.538486
-6.433382, -6.536129
-6.354085, -6.532931
-6.274824, -6.52889
-6.195614, -6.524009
-6.116459, -6.518285
-6.03737, -6.51172
-5.958356, -6.504318
-5.879426, -6.496076
-5.800586, -6.486992
-5.721848, -6.477074
-5.643219, -6.466321
-5.56471, -6.454734
-5.486331, -6.442313
-5.408087, -6.429062
-5.329985, -6.414977
-5.252035, -6.400064
-5.174254, -6.384324
-5.096642, -6.367759
-5.019214, -6.350369
-4.94197, -6.332155
-4.864924, -6.31312
-4.78809, -6.293268
-4.711469, -6.272597
-4.635072, -6.251117
-4.558908, -6.228824
-4.482985, -6.205718
-4.407309, -6.181805
-4.331895, -6.15709
-4.256749, -6.131575
-4.181876, -6.10526
-4.10729, -6.078149
-4.032997, -6.050245
-3.959006, -6.021552
-3.885323, -5.992068
-3.811956, -5.961798
-3.738921, -5.930752
-3.666218, -5.898925
-3.593858, -5.866324
-3.521851, -5.832957
-3.450204, -5.798819
-3.378927, -5.763916
-3.308025, -5.728251
-3.237509, -5.691836
-3.167388, -5.654668
-3.097666, -5.616748
-3.028357, -5.578084
-2.959466, -5.538682
-2.932013, -5.522744
-2.932013, -5.522744
-2.932013, -5.522745
-2.932013, -5.522744
-2.932013, -5.522744
-2.932013, -5.522744
-2.932013, -5.522744
-2.932013, -5.522744
-2.932013, -5.522745
-2.932013, -5.522744
-2.932013, -5.522744
-2.932013, -5.522744
-2.932013, -5.522743
-2.932013, -5.522744
-2.932013, -5.522744
-2.932013, -5.522744
-2.932013, -5.522744
-2.932013, -5.522744
-2.932012, -5.522743
-2.932013, -5.522744
-2.932012, -5.522743
-2.932013, -5.522744
-2.932013, -5.522744
-2.932013, -5.522744
-2.932013, -5.522743
-2.932013, -5.522744
-2.932012, -5.522743
-2.972885, -5.498311
-3.041242, -5.457992
-3.110028, -5.418401
-3.179237, -5.379554
-3.248862, -5.341459
-3.318892, -5.304118
-3.389323, -5.267539
-3.460148, -5.231727
-3.531358, -5.196692
-3.602953, -5.162443
-3.674924, -5.128993
-3.747269, -5.096359
-3.819988, -5.064569
-3.863791, -5.04589
-3.86379, -5.04589
-3.86379, -5.04589
-3.865783, -5.043019
-3.903215, -4.988168
-3.952851, -4.916255
-4.003287, -4.844903
-4.054513, -4.774116
-4.106524, -4.703904
-4.159315, -4.634276
-4.212878, -4.565243
-4.267209, -4.496812
-4.322301, -4.42899
-4.378148, -4.361785
-4.434741, -4.295207
-4.492072, -4.229266
-4.550136, -4.163972
-4.608926, -4.099329
-4.668431, -4.035347
-4.728652, -3.972034
-4.789577, -3.909397
-4.851198, -3.847445
-4.919389, -3.780185
-4.996525, -3.704044
-5.073252, -3.627496
-5.149555, -3.550527
-5.225432, -3.473138
-5.300884, -3.395334
-5.375059, -3.317952
-5.446115, -3.242531
-5.51622, -3.166498
-5.585494, -3.089705
-5.653925, -3.012161
-5.721504, -2.933875
-5.788225, -2.854853
-5.854073, -2.775104
-5.91904, -2.694634
-5.98311, -2.61345
-6.046272, -2.531556
-6.108504, -2.448954
-6.169784, -2.365644
-6.230063, -2.281606
-6.253921, -2.247809
-6.253921, -2.247809
-6.253921, -2.247809
-6.253921, -2.247809
-6.253921, -2.247809
-6.253921, -2.247809
-6.253921, -2.247809
-6.253921, -2.247809
-6.253921, -2.247809
-6.253921, -2.247809
-6.253921, -2.247809
-6.253921, -2.247809
-6.253921, -2.247809
-6.253921, -2.247809
-6.260543, -2.271996
-6.286967, -2.369691
-6.313851, -2.471823
-6.339989, -2.574145
-6.365382, -2.676656
-6.390028, -2.779349
-6.413924, -2.882219
-6.437728, -2.98823
-6.461169, -3.0964
-6.483784, -3.204746
-6.50557, -3.313265
-6.526521, -3.421948
-6.546632, -3.530788
-6.565903, -3.63978
-6.584329, -3.748917
-6.601907, -3.858193
-6.618629, -3.967603
-6.634486, -4.077143
-6.649465, -4.186807
-6.663544, -4.296589
-6.673635, -4.380099
-6.674151, -4.384496
-6.674151, -4.384496
-6.674151, -4.384496
-6.674151, -4.384496
-6.674151, -4.384496
-6.674151, -4.384496
-6.674151, -4.384496
-6.692825, -4.388252
-6.767467, -4.40354
-6.845056, -4.420222
-6.922468, -4.437726
-6.953387, -4.444925
-6.953387, -4.444924
-6.953388, -4.444925
-6.953388, -4.444925
-6.953387, -4.444925
-6.953388, -4.444926
-6.953388, -4.444925
-6.953388, -4.444925
-6.953388, -4.444926
-6.953388, -4.444925
-6.953388, -4.444925
-6.953388, -4.444926
-6.953387, -4.444924
-6.953389, -4.444926
-6.953388, -4.444925
-6.953389, -4.444926
-6.953387, -4.444925
-6.953389, -4.444926
-6.953388, -4.444925
-6.953387, -4.444924
-6.953387, -4.444925
-6.953387, -4.444925
-6.953388, -4.444925
-6.953386, -4.444925
-6.953385, -4.444924
-6.953385, -4.444924
-6.907075, -4.457232
-6.829751, -4.477231
-6.752226, -4.496409
-6.674496, -4.514758
-6.596577, -4.532275
-6.518472, -4.548957
-6.440196, -4.564804
-6.361756, -4.579815
-6.283154, -4.593982
-6.20441, -4.60731
-6.125528, -4.619798
-6.046515, -4.631438
-5.967378, -4.642229
-5.888135, -4.652176
-5.808791, -4.661274
-5.729352, -4.669522
-5.649831, -4.676924
-5.570234, -4.683472
-5.490571, -4.689167
-5.410851, -4.694009
-5.331086, -4.697996
-5.251279, -4.701126
-5.17145, -4.703403
-5.091597, -4.704824
-5.011733, -4.705392
-4.931868, -4.705101
-4.852008, -4.703953
-4.772166, -4.701951
-4.692351, -4.699089
-4.612571, -4.695373
-4.532837, -4.690802
-4.453156, -4.685376
-4.373539, -4.679095
-4.293997, -4.671964
-4.214533, -4.663972
-4.135137, -4.655133
-4.055674, -4.645585
-3.976254, -4.635541
-3.896891, -4.625016
-3.817591, -4.614013
-3.738359, -4.602536
-3.659226, -4.590586
-3.580678, -4.578123
-3.502426, -4.564886
-3.424325, -4.55081
-3.346378, -4.535892
-3.268597, -4.520136
-3.19099, -4.503541
-3.113564, -4.486104
-3.036335, -4.467827
-2.959314, -4.448704
-2.882504, -4.428734
-2.805922, -4.407918
-2.729576, -4.38624
-2.653487, -4.363679
-2.586756, -4.343079
-2.577672, -4.340217
-2.530259, -4.335812
-2.451286, -4.32795
-2.3724, -4.319252
-2.293613, -4.309712
-2.214931, -4.299336
-2.136366, -4.288124
-2.061058, -4.27658
-2.042245, -4.273594
-2.042245, -4.273593
-2.042246, -4.273595
-2.042246, -4.273593
-2.042246, -4.273594
-2.042246, -4.273594
-2.042246, -4.273594
-2.042246, -4.273594
-2.042245, -4.273593
-2.042246, -4.273594
-2.042245, -4.273593
-2.042246, -4.273593
-2.042245, -4.273593
-2.042246, -4.273593
-2.042245, -4.273593
-2.042246, -4.273593
-2.042246, -4.273594
-2.042245, -4.273593
-2.042245, -4.273593
-2.042246, -4.273593
-2.045956, -4.274363
-2.142401, -4.294368
-2.275939, -4.322066
-2.409474, -4.349779
-2.530663, -4.37512
-2.634399, -4.397889
-2.737828, -4.422012
-2.840934, -4.447492
-2.943697, -4.47432
-3.057477, -4.505283
-3.187284, -4.539785
-3.317548, -4.572534
-3.448251, -4.603497
-3.579364, -4.632666
-3.710864, -4.660032
-3.842726, -4.685588
-3.974929, -4.709317
-4.107451, -4.731205
-4.240268, -4.751234
-4.373355, -4.769362
-4.506697, -4.785523
-4.562321, -4.791722
-4.562321, -4.791722
-4.562321, -4.791722
-4.562321, -4.791722
-4.562321, -4.791722
-4.562321, -4.791722
-4.562321, -4.791722
-4.562321, -4.791723
-4.562321, -4.791723
-4.562321, -4.791723
-4.562321, -4.791723
-4.562321, -4.791723
-4.562321, -4.791722
-4.562321, -4.791722
-4.562321, -4.791722
-4.562321, -4.791723
-4.562321, -4.791722
-4.56232, -4.791722
-4.56232, -4.791722
-4.56232, -4.791722
-4.562321, -4.791722
-4.56232, -4.791722
-4.562321, -4.791722
-4.562321, -4.791722
-4.562321, -4.791723
-4.562321, -4.791723
-4.562321, -4.791722
-4.562321, -4.791723
-4.562321, -4.791723
-4.5414, -4.775531
-4.46843, -4.718538
-4.393951, -4.65918
-4.320088, -4.599058
-4.24685, -4.538179
-4.174243, -4.476552
-4.102274, -4.41418
-4.030953, -4.351068
-3.960288, -4.287218
-3.890282, -4.222644
-3.820946, -4.157355
-3.75229, -4.091356
-3.684316, -4.024652
-3.617032, -3.957249
-3.550447, -3.889154
-3.484568, -3.820376
-3.419405, -3.750925
-3.354962, -3.680804
-3.291245, -3.610018
-3.228261, -3.53858
-3.166017, -3.466498
-3.104523, -3.393775
-3.043784, -3.320417
-2.983805, -3.24644
-2.924592, -3.171849
-2.866154, -3.09665
-2.808496, -3.020849
-2.751625, -2.944457
-2.695546, -2.867483
-2.640266, -2.789932
-2.585792, -2.711812
-2.53213, -2.633134
-2.479285, -2.553901
-2.427262, -2.474127
-2.376068, -2.393821
-2.32571, -2.312985
-2.276192, -2.231635
-2.227521, -2.149775
-2.180968, -2.069739
-2.167752, -2.046821
-2.167752, -2.04682
-2.167752, -2.04682
-2.167752, -2.04682
-2.167752, -2.046821
-2.167752, -2.04682
-2.167752, -2.046821
-2.167752, -2.04682
-2.167752, -2.04682
-2.167752, -2.04682
-2.167752, -2.04682
-2.167752, -2.04682
-2.167752, -2.046821
-2.167753, -2.046821
-2.167752, -2.046821
-2.167752, -2.04682
-2.167752, -2.04682
-2.167752, -2.046821
-2.167752, -2.04682
-2.167752, -2.04682
-2.167752, -2.04682
-2.167752, -2.04682
-2.167752, -2.04682
-2.185977, -2.06068
-2.286217, -2.136917
-2.395574, -2.220085
-2.504935, -2.303241
-2.614293, -2.386399
-2.720576, -2.467456
-2.824285, -2.547517
-2.927408, -2.628331
-3.029946, -2.709893
-3.131885, -2.792198
-3.233217, -2.875245
-3.333935, -2.95903
-3.434029, -3.043574
-3.533485, -3.128866
-3.632263, -3.214934
-3.673238, -3.251006
-3.673238, -3.251006
-3.69542, -3.298037
-3.749542, -3.410487
-3.805321, -3.522125
-3.86277, -3.632914
-3.921879, -3.742829
-3.982627, -3.851844
-4.045007, -3.959929
-4.108998, -4.06706
-4.174592, -4.173223
-4.241777, -4.278392
-4.310532, -4.382537
-4.380845, -4.485642
-4.452702, -4.587682
-4.526077, -4.688622
-4.600963, -4.788449
-4.677338, -4.88714
-4.755193, -4.98467
-4.834505, -5.081022
-4.915261, -5.176173
-4.997434, -5.270093
-5.081009, -5.362768
-5.165974, -5.454174
-5.252302, -5.544291
-5.339979, -5.633099
-5.428985, -5.720579
-5.519298, -5.806707
-5.610898, -5.891461
-5.703766, -5.974827
-5.797881, -6.056779
-5.891314, -6.135742
-5.968519, -6.199561
-6.042229, -6.259875
-6.116177, -6.319898
-6.190369, -6.379622
-6.264799, -6.439051
-6.339465, -6.498188
-6.414369, -6.557028
-6.445638, -6.581468
-6.445638, -6.581468
-6.445638, -6.581468
-6.445639, -6.581469
-6.445638, -6.581469
-6.445638, -6.581469
-6.445638, -6.581469
-6.445637, -6.581469
-6.445637, -6.581468
-6.445637, -6.581468
-6.445637, -6.581469
-6.445637, -6.581467
-6.445637, -6.581467
-6.445637, -6.581469
-6.445637, -6.581468
-6.445637, -6.581467
-6.445637, -6.581468
-6.445637, -6.581468
-6.445637, -6.581468
-6.445637, -6.581468
-6.445637, -6.581468
-6.404349, -6.527352
-6.333971, -6.434268
-6.263577, -6.341203
-6.193179, -6.24814
-6.12278, -6.155078
-6.052382, -6.062012
-5.981981, -5.968947
-5.911604, -5.875868
-5.841234, -5.782786
-5.806386, -5.738386
-5.750967, -5.682386
-5.68434, -5.615305
-5.617651, -5.548282
-5.550896, -5.481327
-5.484078, -5.414441
-5.417192, -5.347622
-5.350243, -5.280861
-5.283237, -5.214162
-5.216166, -5.147524
-5.149031, -5.080948
-5.081832, -5.014443
-5.014569, -4.948002
-4.947241, -4.881627
-4.879849, -4.815312
-4.812397, -4.749059
-4.744879, -4.682874
-4.677294, -4.61676
-4.609643, -4.550714
-4.541927, -4.484735
-4.474157, -4.418808
-4.406322, -4.35295
-4.338199, -4.286812
-4.270063, -4.220273
-4.202188, -4.153467
-4.134583, -4.08639
-4.067246, -4.019037
-4.000175, -3.951416
-3.93337, -3.883533
-3.866684, -3.815534
-3.799791, -3.74774
-3.73263, -3.680212
-3.665202, -3.612957
-3.597508, -3.545979
-3.529539, -3.479271
-3.461297, -3.412832
-3.39278, -3.346674
-3.323988, -3.280815
-3.256832, -3.217072
-3.2376, -3.198908
-3.2376, -3.198908
-3.2376, -3.198908
-3.2376, -3.198908
-3.2376, -3.198908
-3.2376, -3.198908
-3.2376, -3.198908
-3.2376, -3.198908
-3.2376, -3.198908
-3.2376, -3.198908
-3.2376, -3.198908
-3.2376, -3.198908
-3.2376, -3.198908
-3.2376, -3.198908
-3.2376, -3.198908
-3.250475, -3.216714
-3.321564, -3.31445
-3.399896, -3.420502
-3.479091, -3.525911
-3.559144, -3.630675
-3.640052, -3.734782
-3.721806, -3.838224
-3.804398, -3.940992
-3.887825, -4.043088
-3.972086, -4.144497
-4.05717, -4.245212
-4.14307, -4.345222
-4.229783, -4.444527
-4.317305, -4.543122
-4.405629, -4.641001
-4.494751, -4.738159
-4.584663, -4.834584
-4.675364, -4.930269
-4.766841, -5.02521
-4.859096, -5.119403
-4.952117, -5.212839
-5.0459, -5.305513
-5.140435, -5.397413
-5.209145, -5.463331
-5.211795, -5.465858
-5.211795, -5.465858
-5.211795, -5.465859
-5.211796, -5.465858
-5.211796, -5.465859
-5.211795, -5.465859
-5.211794, -5.465858
-5.211795, -5.465859
-5.211795, -5.465859
-5.211795, -5.46586
-5.211796, -5.465858
-5.211796, -5.465859
-5.211796, -5.465859
-5.211795, -5.465859
-5.211796, -5.465859
-5.211796, -5.46586
-5.211795, -5.46586
-5.202517, -5.451525
-5.151924, -5.372365
-5.096841, -5.285936
-5.041741, -5.199525
-4.986639, -5.113114
-4.931538, -5.026703
-4.876437, -4.940295
-4.821336, -4.853885
-4.766232, -4.767472
-4.712666, -4.683678
-4.660771, -4.603829
-4.608054, -4.52452
-4.554514, -4.445759
-4.500159, -4.367569
-4.444995, -4.289948
-4.388519, -4.212198
-4.318852, -4.117205
-4.244938, -4.014566
-4.172216, -3.911087
-4.100692, -3.806775
-4.030382, -3.701639
-3.9613, -3.595695
-3.893459, -3.488948
-3.826886, -3.381408
-3.761605, -3.273079
-3.69767, -3.163947
-3.660984, -3.09993
-3.660984, -3.09993
-3.660984, -3.09993
-3.660984, -3.09993
-3.660984, -3.09993
-3.660984, -3.09993
-3.660984, -3.09993
-3.660984, -3.09993
-3.660984, -3.099931
-3.660983, -3.09993
-3.660984, -3.09993
-3.660984, -3.099931
-3.660983, -3.099931
-3.660984, -3.099931
-3.660983, -3.09993
-3.660984, -3.099931
-3.660984, -3.099931
-3.660983, -3.09993
-3.660984, -3.099931
-3.660984, -3.099931
-3.660983, -3.099931
-3.660984, -3.09993
-3.660983, -3.09993
-3.660983, -3.09993
-3.660984, -3.099931
-3.660985, -3.099931
-3.660983, -3.09993
-3.660983, -3.09993
-3.660984, -3.099931
-3.660983, -3.09993
-3.660984, -3.099931
-3.660983, -3.09993
-3.660984, -3.099931
-3.674252, -3.12282
-3.720992, -3.202765
-3.769656, -3.284642
-3.818932, -3.366147
-3.868813, -3.447274
-3.919298, -3.528026
-3.970394, -3.608403
-4.022092, -3.688395
-4.074381, -3.767993
-4.127266, -3.847201
-4.180744, -3.926011
-4.234814, -4.004422
-4.289474, -4.082424
-4.344721, -4.160019
-4.400551, -4.237193
-4.456955, -4.313948
-4.513931, -4.390277
-4.571476, -4.466172
-4.62959, -4.541631
-4.688269, -4.616651
-4.747507, -4.691229
-4.807307, -4.765367
-4.867664, -4.83905
-4.928569, -4.912273
-4.990026, -4.985042
-5.052031, -5.057345
-5.11458, -5.129183
-5.177665, -5.200539
-5.241286, -5.271422
-5.305434, -5.341822
-5.370116, -5.411736
-5.435322, -5.481163
-5.50105, -5.550091
-5.567303, -5.618523
-5.634071, -5.686452
-5.701345, -5.753871
-5.76907, -5.820847
-5.83709, -5.887525
-5.90537, -5.953922
-5.97392, -6.02004
-6.042736, -6.085883
-6.111816, -6.15144
-6.187019, -6.222237
-6.276998, -6.306671
-6.36506, -6.389269
-6.390229, -6.412865
-6.390229, -6.412865
-6.390229, -6.412865
-6.390229, -6.412865
-6.416593, -6.410676
-6.508827, -6.402508
-6.603586, -6.392946
-6.698217, -6.382174
-6.792712, -6.370203
-6.860859, -6.360844
-6.863478, -6.360471
-6.86348, -6.360472
-6.863481, -6.360473
-6.86348, -6.360472
-6.863479, -6.360471
-6.863478, -6.360472
-6.863479, -6.360472
-6.863478, -6.360471
-6.863478, -6.360471
-6.86348, -6.360472
-6.86348, -6.360471
-6.863478, -6.36047
-6.863478, -6.360471
-6.863478, -6.360471
-6.863478, -6.360471
-6.863479, -6.36047
-6.863478, -6.36047
-6.863478, -6.360471
-6.863478, -6.360471
-6.863478, -6.36047
-6.863478, -6.36047
-6.85511, -6.354236
-6.771486, -6.291809
-6.671155, -6.216869
-6.570824, -6.141933
-6.470492, -6.066998
-6.370163, -5.992056
-6.269835, -5.917119
-6.169054, -5.841675
-6.068224, -5.765515
-5.967815, -5.688808
-5.867825, -5.611553
-5.768261, -5.53375
-5.66912, -5.455407
-5.570005, -5.376181
-5.467648, -5.293407
-5.364953, -5.209385
-5.305267, -5.160101
-5.305267, -5.160101
-5.305267, -5.160101
-5.305267, -5.160101
-5.305267, -5.160101
-5.305267, -5.160101
-5.305267, -5.160101
-5.305267, -5.160101
-5.305267, -5.160101
-5.305267, -5.160101
-5.290411, -5.196897
-5.254162, -5.28496
-5.216805, -5.372559
-5.178337, -5.459671
-5.138761, -5.546289
-5.098085, -5.632397
-5.056316, -5.717983
-5.013458, -5.803031
-4.969522, -5.887526
-4.924511, -5.971453
-4.878435, -6.054802
-4.8313, -6.137558
-4.783115, -6.219709
-4.733885, -6.301242
-4.68504, -6.379906
-4.670933, -6.402288
-4.670933, -6.402289
-4.670934, -6.402289
-4.670934, -6.402289
-4.670933, -6.402288
-4.670934, -6.402289
-4.670934, -6.402288
-4.670933, -6.402288
-4.670934, -6.402289
-4.670934, -6.402289
-4.670935, -6.40229
-4.670934, -6.402288
-4.670934, -6.40229
-4.670933, -6.402288
-4.670935, -6.402289
-4.670934, -6.402288
-4.670935, -6.40229
-4.670934, -6.40229
-4.670935, -6.40229
-4.670935, -6.40229
-4.670934, -6.40229
-4.670934, -6.40229
-4.670642, -6.399655
-4.663113, -6.331144
-4.653537, -6.236202
-4.645174, -6.141144
-4.638023, -6.045988
-4.632088, -5.950745
-4.627374, -5.855438
-4.623876, -5.760075
-4.621595, -5.664673
-4.620537, -5.569248
-4.620701, -5.473825
-4.622082, -5.378412
-4.624685, -5.283022
-4.628513, -5.187679
-4.633557, -5.092386
-4.639817, -4.997164
-4.647299, -4.902032
-4.655999, -4.807001
-4.665914, -4.712084
-4.677047, -4.617311
-4.68939, -4.522686
-4.702945, -4.428228
-4.717708, -4.33395
-4.733681, -4.239868
-4.75086, -4.145997
-4.769243, -4.052357
-4.788832, -3.958968
-4.809617, -3.865836
-4.831598, -3.772976
-4.854774, -3.680403
-4.879141, -3.588137
-4.904692, -3.496198
-4.931431, -3.404593
-4.95933, -3.313416
-4.988374, -3.222716
-5.01859, -3.1324
-5.049976, -3.042481
-5.082531, -2.952981
-5.116261, -2.863917
-5.148198, -2.782668
-5.178105, -2.709154
-5.208851, -2.635989
-5.239174, -2.566097
-5.246866, -2.548672
-5.246866, -2.548672
-5.246866, -2.548672
-5.246866, -2.548672
-5.246866, -2.548672
-5.245276, -2.545923
-5.214853, -2.49384
-5.174256, -2.425647
-5.132936, -2.357892
-5.090899, -2.290578
-5.04815, -2.223712
-5.004694, -2.15731
-4.960527, -2.091373
-4.926522, -2.041557
-4.924723, -2.038943
-4.924723, -2.038943
-4.924723, -2.038943
-4.924722, -2.038943
-4.924723, -2.038942
-4.924724, -2.038943
-4.924723, -2.038942
-4.924723, -2.038943
-4.924723, -2.038943
-4.924722, -2.038942
-4.924722, -2.038942
-4.924724, -2.038943
-4.924722, -2.038943
-4.924722, -2.038943
-4.924722, -2.038942
-4.924723, -2.038943
-4.924724, -2.038943
-4.924722, -2.038943
-4.924722, -2.038943
-4.924722, -2.038942
-4.924721, -2.038943
-4.924722, -2.038942
-4.924722, -2.038942
-4.924722, -2.038942
-4.92242, -2.071632
-4.916369, -2.153332
-4.910283, -2.235032
-4.904187, -2.316731
-4.898107, -2.398431
-4.892022, -2.48013
-4.885916, -2.561826
-4.87982, -2.643523
-4.873738, -2.725222
-4.867669, -2.806919
-4.861598, -2.888617
-4.855506, -2.970312
-4.84943, -3.052009
-4.843339, -3.133704
-4.837255, -3.215403
-4.831171, -3.297103
-4.825089, -3.378803
-4.819005, -3.460503
-4.812922, -3.542205
-4.806842, -3.623906
-4.800765, -3.705607
-4.794684, -3.787308
-4.788624, -3.869028
-4.782807, -3.950824
-4.777419, -4.032654
-4.77247, -4.114508
-4.767963, -4.196391
-4.763902, -4.278298
-4.760284, -4.360224
-4.757122, -4.442167
-4.75442, -4.52413
-4.752225, -4.60611
-4.750579, -4.688102
-4.749696, -4.750424
-4.749658, -4.753705
-4.749658, -4.753705
-4.749658, -4.753705
-4.749658, -4.753705
-4.749658, -4.753705
-4.749658, -4.753705
-4.749658, -4.753705
-4.749658, -4.753705
-4.749658, -4.753705
-4.749658, -4.753705
-4.749658, -4.753705
-4.749658, -4.753705
-4.749658, -4.753705
-4.741775, -4.747615
-4.683956, -4.702976
-4.618221, -4.652289
-4.552445, -4.601656
-4.486625, -4.551081
-4.420766, -4.500557
-4.35486, -4.450092
-4.288909, -4.399689
-4.222913, -4.349342
-4.156875, -4.299053
-4.090788, -4.248824
-4.024654, -4.198657
-3.958477, -4.148551
-3.892257, -4.098501
-3.825994, -4.048504
-3.759688, -3.998567
-3.69334, -3.948686
-3.626943, -3.898866
-3.560499, -3.84911
-3.494128, -3.7995
-3.42999, -3.751288
-3.367005, -3.703
-3.304545, -3.654036
-3.242621, -3.604397
-3.181239, -3.554089
-3.120408, -3.503117
-3.060139, -3.45148
-3.000444, -3.39918
-2.941337, -3.346218
-2.882839, -3.292586
-2.827277, -3.240455
-2.813469, -3.227334
-2.813469, -3.227334
-2.813469, -3.227334
-2.813469, -3.227334
-2.813469, -3.227334
-2.813469, -3.227334
-2.813469, -3.227334
-2.813469, -3.227334
-2.813469, -3.227334
-2.813469, -3.227334
-2.813469, -3.227334
-2.813469, -3.227334
-2.849864, -3.211051
-2.941248, -3.171232
-3.032984, -3.132226
-3.125046, -3.093996
-3.217428, -3.056543
-3.310125, -3.019872
-3.403128, -2.983986
-3.49643, -2.948884
-3.590029, -2.914574
-3.683912, -2.881056
-3.778072, -2.848333
-3.872506, -2.816407
-3.967206, -2.785284
-4.062164, -2.75496
-4.157373, -2.725437
-4.252832, -2.696723
-4.348531, -2.668812
-4.444463, -2.641711
-4.540622, -2.615425
-4.637001, -2.589951
-4.733591, -2.56529
-4.830386, -2.541447
-4.92738, -2.518425
-5.024561, -2.496224
-5.121926, -2.474847
-5.219468, -2.454293
-5.317177, -2.434564
-5.415053, -2.415661
-5.513085, -2.397586
-5.61127, -2.380343
-5.709596, -2.36393
-5.808057, -2.348349
-5.882972, -2.337035
-5.886916, -2.336452
-5.886916, -2.336452
-5.886916, -2.336452
-5.886917, -2.336452
-5.886917, -2.336452
-5.886918, -2.336452
-5.886918, -2.336452
-5.886916, -2.336452
-5.886916, -2.336452
-5.886917, -2.336452
-5.886917, -2.336452
-5.886916, -2.336451
-5.886918, -2.336452
-5.886918, -2.336452
-5.886919, -2.336452
-5.886917, -2.336451
-5.886918, -2.336452
-5.886916, -2.336451
-5.886918, -2.336452
-5.886918, -2.336452
-5.886916, -2.336452
-5.886917, -2.336452
-5.886918, -2.336452
-5.886918, -2.336452
-5.886919, -2.336453
-5.886918, -2.336452
-5.866133, -2.380431
-5.831526, -2.453745
-5.796921, -2.527061
-5.762313, -2.600374
-5.727706, -2.673689
-5.693096, -2.747004
-5.658494, -2.820321
-5.623892, -2.893639
-5.589284, -2.966954
-5.554676, -3.04027
-5.52007, -3.113585
-5.485466, -3.186902
-5.450864, -3.26022
-5.416263, -3.333537
-5.381656, -3.406852
-5.34704, -3.480162
-5.312429, -3.553477
-5.277824, -3.626795
-5.243218, -3.70011
-5.208615, -3.773428
-5.173999, -3.846738
-5.139389, -3.920049
-5.104792, -3.993366
-5.070194, -4.066685
-5.035588, -4.139998
-5.000996, -4.213318
-4.966404, -4.286639
-4.931813, -4.35996
-4.897216, -4.433277
-4.862624, -4.506597
-4.828032, -4.579915
-4.793429, -4.653228
-4.758811, -4.726535
-4.724213, -4.799851
-4.689616, -4.873168
-4.655049, -4.946426
-4.620767, -5.018458
-4.585962, -5.089782
-4.550386, -5.160728
-4.514043, -5.231286
-4.476936, -5.301442
-4.439064, -5.371187
-4.400427, -5.440515
-4.361024, -5.509409
-4.320848, -5.577851
-4.279883, -5.645826
-4.248224, -5.69717
-4.246544, -5.699863
-4.246544, -5.699863
-4.246544, -5.699863
-4.246544, -5.699863
-4.246544, -5.699863
-4.246544, -5.699863
-4.246544, -5.699863
-4.246544, -5.699863
-4.216815, -5.688737
-4.142634, -5.660542
-4.068748, -5.63158
-3.995174, -5.601834
-3.921921, -5.571301
-3.848994, -5.539997
-3.776402, -5.507921
-3.704155, -5.475078
-3.632261, -5.44147
-3.560729, -5.407099
-3.489561, -5.371974
-3.418771, -5.336093
-3.348368, -5.29946
-3.278358, -5.26208
-3.208749, -5.223966
-3.139546, -5.185115
-3.070765, -5.145527
-3.002405, -5.105214
-2.934479, -5.064177
-2.866992, -5.022421
-2.79995, -4.979953
-2.733366, -4.93677
-2.667241, -4.892885
-2.601585, -4.848301
-2.536408, -4.803024
-2.471715, -4.757059
-2.407512, -4.710409
-2.34381, -4.66308
-2.318451, -4.643986
-2.31845, -4.643986
-2.31845, -4.643986
-2.31845, -4.643986
-2.318449, -4.643986
-2.31845, -4.643985
-2.318449, -4.643985
-2.31845, -4.643986
-2.31845, -4.643986
-2.31845, -4.643986
-2.318449, -4.643985
-2.31845, -4.643985
-2.31845, -4.643985
-2.318449, -4.643985
-2.318449, -4.643985
-2.318449, -4.643985
-2.318449, -4.643985
-2.318449, -4.643985
-2.318449, -4.643985
-2.318449, -4.643985
-2.318449, -4.643985
-2.318449, -4.643985
-2.318449, -4.643985
-2.31845, -4.643984
-2.35024, -4.645406
-2.429702, -4.649285
-2.509119, -4.653977
-2.58848, -4.659519
-2.667778, -4.665906
-2.747002, -4.673135
-2.826145, -4.681209
-2.905198, -4.690124
-2.984151, -4.69988
-3.062996, -4.710478
-3.141724, -4.721918
-3.220325, -4.734197
-3.298791, -4.747311
-3.377112, -4.761261
-3.455282, -4.776047
-3.53329, -4.791667
-3.611128, -4.808114
-3.688781, -4.825393
-3.766245, -4.843497
-3.843513, -4.862424
-3.920573, -4.882174
-3.99742, -4.902748
-4.074043, -4.924141
-4.150434, -4.946353
-4.226584, -4.969377
-4.302484, -4.993218
-4.378126, -5.017867
-4.453496, -5.043324
-4.528588, -5.069583
-4.603396, -5.096646
-4.677912, -5.124506
-4.752124, -5.153166
-4.826025, -5.18262
-4.89961, -5.212863
-4.972862, -5.243894
-5.045776, -5.275707
-5.118347, -5.308302
-5.190564, -5.341676
-5.262416, -5.375826
-5.333896, -5.410746
-5.404996, -5.446433
-5.475604, -5.482833
-5.545749, -5.519959
-5.615489, -5.557841
-5.684812, -5.596478
-5.753709, -5.635867
-5.822171, -5.676013
-5.890185, -5.716906
-5.957744, -5.758551
-6.02483, -5.800957
-6.091415, -5.844142
-6.141678, -5.877488
-6.144315, -5.879256
-6.144315, -5.879256
-6.144315, -5.879256
-6.144315, -5.879256
-6.144315, -5.879256
-6.144315, -5.879256
-6.144315, -5.879256
-6.144315, -5.879256
-6.179051, -5.846684
-6.236589, -5.79202
-6.293548, -5.736747
-6.349914, -5.680874
-6.405686, -5.624408
-6.460853, -5.567355
-6.515409, -5.509715
-6.569344, -5.451491
-6.622655, -5.392695
-6.67534, -5.333338
-6.727386, -5.273426
-6.778788, -5.212958
-6.829549, -5.151942
-6.879653, -5.09039
-6.929097, -5.028298
-6.958475, -4.99081
-6.958475, -4.990811
-6.958475, -4.990811
-6.958475, -4.990811
-6.958474, -4.990811
-6.958475, -4.990811
-6.958475, -4.99081
-6.958475, -4.990811
-6.958475, -4.99081
-6.958475, -4.99081
-6.958475, -4.990811
-6.958476, -4.990811
-6.958474, -4.990811
-6.958475, -4.990811
-6.958474, -4.99081
-6.958474, -4.99081
-6.958476, -4.990812
-6.958476, -4.990811
-6.958476, -4.990811
-6.958476, -4.990812
-6.958475, -4.99081
-6.958476, -4.990811
-6.958473, -4.990811
-6.958475, -4.990811
-6.958475, -4.990812
-6.958475, -4.990811
-6.958476, -4.990811
-6.958475, -4.99081
-6.933669, -4.987948
-6.834504, -4.975988
-6.731213, -4.963416
-6.62793, -4.95083
-6.524644, -4.93824
-6.421362, -4.925631
-6.318085, -4.913031
-6.214799, -4.90046
-6.111511, -4.887894
-6.008222, -4.875314
-5.904932, -4.862744
-5.799125, -4.849689
-5.689667, -4.835042
-5.580443, -4.818779
-5.471474, -4.800879
-5.362781, -4.781347
-5.254396, -4.760181
-5.146344, -4.737377
-5.044198, -4.714362
-4.94599, -4.691269
-4.84796, -4.667424
-4.754034, -4.643801
-4.730575, -4.637794
-4.730575, -4.637794
-4.730575, -4.637794
-4.730575, -4.637794
-4.730575, -4.637794
-4.730575, -4.637794
-4.730575, -4.637794
-4.730575, -4.637794
-4.730575, -4.637794
-4.730575, -4.637794
-4.730575, -4.637794
-4.730575, -4.637794
-4.730575, -4.637794
-4.730575, -4.637794
-4.730575, -4.637794
-4.733043, -4.640786
-4.780005, -4.697567
-4.842063, -4.772057
-4.904492, -4.846246
-4.96727, -4.920134
-5.030414, -4.993715
-5.093916, -5.066982
-5.157783, -5.13994
-5.221997, -5.212588
-5.286561, -5.284921
-5.351474, -5.35694
-5.416739, -5.428643
-5.482352, -5.500025
-5.548309, -5.571089
-5.614611, -5.641833
-5.681252, -5.712256
-5.74824, -5.782351
-5.815564, -5.852122
-5.883231, -5.921561
-5.951229, -5.99067
-6.011334, -6.051217
-6.019549, -6.059457
-6.019551, -6.059457
-6.01955, -6.059457
-6.019551, -6.059458
-6.019549, -6.059458
-6.019549, -6.059456
-6.019551, -6.059456
-6.01955, -6.059459
-6.019549, -6.059457
-6.019549, -6.059457
-6.019551, -6.059459
-6.01955, -6.059457
-6.01955, -6.059457
-6.01955, -6.059456
-6.01955, -6.059457
-6.019548, -6.059456
-6.01955, -6.059457
-6.01955, -6.059457
-6.019551, -6.059457
-6.019549, -6.059456
-6.019548, -6.059455
-6.012464, -6.052238
-5.960796, -5.999029
-5.902161, -5.938487
-5.843525, -5.877944
-5.784888, -5.817408
-5.726253, -5.756864
-5.667621, -5.696321
-5.608984, -5.635785
-5.550349, -5.575242
-5.491714, -5.514701
-5.433079, -5.454156
-5.374448, -5.393606
-5.315813, -5.333056
-5.257177, -5.272512
-5.198541, -5.211967
-5.139905, -5.151424
-5.08127, -5.09088
-5.022633, -5.030336
-4.963983, -4.969804
-4.905333, -4.909267
-4.846694, -4.848724
-4.788047, -4.788187
-4.729409, -4.727643
-4.670763, -4.667104
-4.612111, -4.60657
-4.553474, -4.546027
-4.494828, -4.48549
-4.436172, -4.42496
-4.37752, -4.364427
-4.318884, -4.303877
-4.260236, -4.24334
-4.201591, -4.182798
-4.142956, -4.122252
-4.084316, -4.061707
-4.02568, -4.001159
-3.967033, -3.940621
-3.908392, -3.880075
-3.849738, -3.819541
-3.791096, -3.758997
-3.732448, -3.69846
-3.673801, -3.637921
-3.615156, -3.577382
-3.556524, -3.516828
-3.49789, -3.456277
-3.439247, -3.395732
-3.382621, -3.337348
-3.327214, -3.280528
-3.27162, -3.223893
-3.215836, -3.167445
-3.159861, -3.111186
-3.103693, -3.055115
-3.047337, -2.999236
-2.990787, -2.943551
-2.934045, -2.888062
-2.877109, -2.832773
-2.833703, -2.79089
-2.831415, -2.788689
-2.831415, -2.788689
-2.831415, -2.788689
-2.831415, -2.788689
-2.831415, -2.788689
-2.831415, -2.788689
-2.831415, -2.788689
-2.831415, -2.788689
-2.831415, -2.788689
-2.831415, -2.788689
-2.831415, -2.788689
-2.831415, -2.788689
-2.831415, -2.788689
-2.828468, -2.808619
-2.81668, -2.888343
-2.804403, -2.97139
-2.792124, -3.054437
-2.77985, -3.137482
-2.767593, -3.220531
-2.755343, -3.303582
-2.743093, -3.386635
-2.730845, -3.469682
-2.718596, -3.552731
-2.706346, -3.635782
-2.694098, -3.718832
-2.681852, -3.801883
-2.669612, -3.884934
-2.657369, -3.967987
-2.645143, -4.05104
-2.632928, -4.134093
-2.620708, -4.217147
-2.608494, -4.300203
-2.596279, -4.383258
-2.584069, -4.466315
-2.571863, -4.549374
-2.559674, -4.632433
-2.547489, -4.715493
-2.53531, -4.798554
-2.523129, -4.881616
-2.510949, -4.964675
-2.498771, -5.047736
-2.486601, -5.130798
-2.474424, -5.213861
-2.462252, -5.296923
-2.450086, -5.379986
-2.437927, -5.463051
-2.425769, -5.546118
-2.413618, -5.629183
-2.401471, -5.71225
-2.389336, -5.79532
-2.377189, -5.878385
-2.365053, -5.96145
-2.352906, -6.044514
-2.340762, -6.127582
-2.33591, -6.16081
-2.33591, -6.16081
-2.33591, -6.16081
-2.33591, -6.16081
-2.33591, -6.160811
-2.33591, -6.160811
-2.33591, -6.16081
-2.33591, -6.16081
-2.33591, -6.16081
-2.33591, -6.16081
-2.33591, -6.16081
-2.33591, -6.16081
-2.33591, -6.16081
-2.33591, -6.16081
-2.33591, -6.16081
-2.33591, -6.16081
-2.33591, -6.16081
-2.33591, -6.16081
-2.33591, -6.16081
-2.33591, -6.16081
-2.33591, -6.16081
-2.33591, -6.16081
-2.33591, -6.16081
-2.335909, -6.16081
-2.33591, -6.16081
-2.33591, -6.16081
-2.370639, -6.141859
-2.457459, -6.094478
-2.544273, -6.047084
-2.631092, -5.9997
-2.717911, -5.952318
-2.804725, -5.904933
-2.891542, -5.857558
-2.978359, -5.810182
-3.065172, -5.762796
-3.151983, -5.715412
-3.238795, -5.668029
-3.32561, -5.62065
-3.412423, -5.573269
-3.499238, -5.525889
-3.586055, -5.47851
-3.672869, -5.43113
-3.759685, -5.383754
-3.845811, -5.336742
-3.919454, -5.296218
-3.988602, -5.257261
-4.057324, -5.217556
-4.125608, -5.177109
-4.193448, -5.135921
-4.260833, -5.093995
-4.327754, -5.05133
-4.394194, -5.007922
-4.460138, -4.963767
-4.525561, -4.918844
-4.564569, -4.891536
-4.564569, -4.891536
-4.564569, -4.891536
-4.564569, -4.891536
-4.564569, -4.891536
-4.564569, -4.891536
-4.564569, -4.891536
-4.564569, -4.891536
-4.564569, -4.891536
-4.564569, -4.891536
-4.564569, -4.891536
-4.564569, -4.891536
-4.564569, -4.891536
-4.564569, -4.891536
-4.564569, -4.891536
-4.564569, -4.891536
-4.543529, -4.891998
-4.459368, -4.893976
-4.371693, -4.895617
-4.284008, -4.896738
-4.196317, -4.897334
-4.108627, -4.897408
-4.020933, -4.896955
-3.933246, -4.895978
-3.845566, -4.894477
-3.759895, -4.892478
-3.680239, -4.889907
-3.60095, -4.886496
-3.521701, -4.882229
-3.442506, -4.877099
-3.36337, -4.871105
-3.284303, -4.864244
-3.205316, -4.856513
-3.126421, -4.847898
-3.047631, -4.838381
-2.972102, -4.828371
-2.953236, -4.825749
-2.953236, -4.825749
-2.953236, -4.825749
-2.953236, -4.825749
-2.953236, -4.825749
-2.953236, -4.825749
-2.953236, -4.825749
-2.953236, -4.825749
-2.953236, -4.825749
-2.953236, -4.825749
-2.953236, -4.825749
-2.960595, -4.808181
-2.99052, -4.738114
-3.022448, -4.665457
-3.055145, -4.593144
-3.088612, -4.521182
-3.122838, -4.449577
-3.157822, -4.378335
-3.193562, -4.307469
-3.230056, -4.23699
-3.267292, -4.166901
-3.305267, -4.097209
-3.34398, -4.027928
-3.383429, -3.959068
-3.423604, -3.890628
-3.464502, -3.822617
-3.506116, -3.75504
-3.548453, -3.687907
-3.5915, -3.621231
-3.63525, -3.555013
-3.679701, -3.489266
-3.724847, -3.423995
-3.770682, -3.359206
-3.8172, -3.294909
-3.864401, -3.231108
-3.912278, -3.167811
-3.960826, -3.105026
-4.010036, -3.04276
-4.059907, -2.98102
-4.110428, -2.919813
-4.161598, -2.859149
-4.213408, -2.799033
-4.265857, -2.73947
-4.318936, -2.680466
-4.37264, -2.62203
-4.42696, -2.564169
-4.481894, -2.50689
-4.53743, -2.450198
-4.593566, -2.394098
-4.650298, -2.338597
-4.700694, -2.290239
-4.707596, -2.283676
-4.707596, -2.283676
-4.707596, -2.283676
-4.707596, -2.283676
-4.707596, -2.283676
-4.707595, -2.283675
-4.707596, -2.283675
-4.707597, -2.283676
-4.707596, -2.283676
-4.707596, -2.283676
-4.707596, -2.283676
-4.707596, -2.283676
-4.707596, -2.283675
-4.707596, -2.283676
-4.707596, -2.283676
-4.707596, -2.283676
-4.707597, -2.283676
-4.707597, -2.283677
-4.707597, -2.283676
-4.707597, -2.283676
-4.707597, -2.283676
-4.707596, -2.283676
-4.707597, -2.283676
-4.707597, -2.283677
-4.707597, -2.283677
-4.706614, -2.286747
-4.688084, -2.345133
-4.663752, -2.421974
-4.63943, -2.498813
-4.615101, -2.575651
-4.590777, -2.652492
-4.566452, -2.729334
-4.542121, -2.806172
-4.517787, -2.883011
-4.493451, -2.959849
-4.469119, -3.036687
-4.444787, -3.113525
-4.420463, -3.19037
-4.396135, -3.267213
-4.3718, -3.344055
-4.347456, -3.420898
-4.32312, -3.497742
-4.298776, -3.574581
-4.274432, -3.651423
-4.250086, -3.728263
-4.225751, -3.805107
-4.201413, -3.881949
-4.177068, -3.958789
-4.152724, -4.035632
-4.128381, -4.112474
-4.104037, -4.189315
-4.079701, -4.266161
-4.055375, -4.343005
-4.031036, -4.419844
-4.006169, -4.49817
-3.980734, -4.57742
-3.954982, -4.656566
-3.928915, -4.735606
-3.902528, -4.814545
-3.875827, -4.893374
-3.848809, -4.972099
-3.821434, -5.050799
-3.793666, -5.129415
-3.765518, -5.207897
-3.748446, -5.254918
-3.748446, -5.254918
-3.748446, -5.254918
-3.748446, -5.254918
-3.748446, -5.254918
-3.748446, -5.254918
-3.748446, -5.254918
-3.748446, -5.254918
-3.748446, -5.254918
-3.745402, -5.254019
-3.687752, -5.236289
-3.612138, -5.212192
-3.536782, -5.187286
-3.461698, -5.16158
-3.386898, -5.13507
-3.312383, -5.10776
-3.238164, -5.079656
-3.164252, -5.050752
-3.090652, -5.021052
-3.017377, -4.990566
-2.944437, -4.959292
-2.871841, -4.92724
-2.799592, -4.894397
-2.727708, -4.860778
-2.656189, -4.826375
-2.585052, -4.79119
-2.514311, -4.755229
-2.443971, -4.718485
-2.374049, -4.680945
-2.304571, -4.64259
-2.252075, -4.612899
-2.24932, -4.611322
-2.24932, -4.611322
-2.24932, -4.611322
-2.24932, -4.611322
-2.24932, -4.611322
-2.24932, -4.611322
-2.24932, -4.611322
-2.24932, -4.611322
-2.24932, -4.611322
-2.24932, -4.611322
-2.248379, -4.614354
-2.231189, -4.672171
-2.209358, -4.748474
-2.188337, -4.825006
-2.168128, -4.901762
-2.148737, -4.978732
-2.130163, -5.055893
-2.112409, -5.133246
-2.095476, -5.210781
-2.079368, -5.288495
-2.065851, -5.357017
-2.064049, -5.366368
-2.064049, -5.366368
-2.064049, -5.366368
-2.064049, -5.366368
-2.064049, -5.366368
-2.064049, -5.366368
-2.064049, -5.366369
-2.064049, -5.366368
-2.064049, -5.366368
-2.064049, -5.366367
-2.064049, -5.366369
-2.064049, -5.366368
-2.064049, -5.366367
-2.064049, -5.366368
-2.064049, -5.366368
-2.06405, -5.366368
-2.064049, -5.366368
-2.064049, -5.366367
-2.064049, -5.366368
-2.064049, -5.366368
-2.064048, -5.366367
-2.064048, -5.366367
-2.064048, -5.366367
-2.064048, -5.366367
-2.064049, -5.366368
-2.064049, -5.366367
-2.064049, -5.366368
-2.064049, -5.366368
-2.064049, -5.366368
-2.072639, -5.361531
-2.13595, -5.326626
-2.207988, -5.287128
-2.280028, -5.247634
-2.352067, -5.208138
-2.424107, -5.168644
-2.496148, -5.129147
-2.568187, -5.089647
-2.640228, -5.050158
-2.712269, -5.010664
-2.784309, -4.971169
-2.856348, -4.93168
-2.928386, -4.892184
-3.000423, -4.852695
-3.072459, -4.813202
-3.144496, -4.773705
-3.216534, -4.734206
-3.288574, -4.694713
-3.360614, -4.655219
-3.432658, -4.615736
-3.504695, -4.576246
-3.576731, -4.536752
-3.648767, -4.497259
-3.720804, -4.457765
-3.79284, -4.418271
-3.864877, -4.378778
-3.936905, -4.339274
-4.008928, -4.299764
-4.080945, -4.260249
-4.152978, -4.220746
-4.225019, -4.181251
-4.297057, -4.141753
-4.369078, -4.102239
-4.441108, -4.062737
-4.51314, -4.023239
-4.585175, -3.983743
-4.657205, -3.944239
-4.729235, -3.904738
-4.80127, -3.865242
-4.873305, -3.825746
-4.94534, -3.78625
-5.017274, -3.746801
-5.087321, -3.708094
-5.156409, -3.669036
-5.22507, -3.629232
-5.293296, -3.588682
-5.361076, -3.547395
-5.428401, -3.50537
-5.479274, -3.472961
-5.481944, -3.471245
-5.481945, -3.471245
-5.481945, -3.471245
-5.481945, -3.471245
-5.481944, -3.471246
-5.481945, -3.471246
-5.481944, -3.471246
-5.481944, -3.471246
-5.481944, -3.471245
-5.481945, -3.471245
-5.481944, -3.471245
-5.481944, -3.471246
-5.481945, -3.471246
-5.481945, -3.471245
-5.481944, -3.471245
-5.481945, -3.471246
-5.481945, -3.471245
-5.481946, -3.471245
-5.481945, -3.471245
-5.481946, -3.471246
-5.481946, -3.471246
-5.481945, -3.471245
-5.481946, -3.471245
-5.481946, -3.471245
-5.481946, -3.471245
-5.481946, -3.471245
-5.481946, -3.471245
-5.481946, -3.471245
-5.481946, -3.471245
-5.481946, -3.471245
-5.481946, -3.471245
-5.481946, -3.471245
-5.468307, -3.488102
-5.416497, -3.552101
-5.366413, -3.613666
-5.316098, -3.675046
-5.285803, -3.711786
-5.285803, -3.711786
-5.285803, -3.711786
-5.285803, -3.711786
-5.285803, -3.711786
-5.285803, -3.711786
-5.285803, -3.711786
-5.285803, -3.711786
-5.285804, -3.711787
-5.285803, -3.711787
-5.285803, -3.711787
-5.285804, -3.711786
-5.285804, -3.711787
-5.285803, -3.711787
-5.285804, -3.711788
-5.285805, -3.711788
-5.285805, -3.711789
-5.285803, -3.711786
-5.285804, -3.711787
-5.285804, -3.711785
-5.285802, -3.711787
-5.285804, -3.711787
-5.285804, -3.711787
-5.285804, -3.711786
-5.285803, -3.711786
-5.285804, -3.711787
-5.285803, -3.711787
-5.285804, -3.711787
-5.285803, -3.711786
-5.285803, -3.711786
-5.285805, -3.711787
-5.285802, -3.711786
-5.285803, -3.711786
-5.285801, -3.711786
-5.285802, -3.711787
-5.285804, -3.711786
-5.285802, -3.711786
-5.285802, -3.711786
-5.285803, -3.711786
-5.285802, -3.711787
-5.279642, -3.719964
-5.234464, -3.779925
-5.183125, -3.848061
-5.131784, -3.916199
-5.080444, -3.984338
-5.029105, -4.052485
-4.977766, -4.120635
-4.926431, -4.188783
-4.875096, -4.256934
-4.823759, -4.325082
-4.772414, -4.393222
-4.72107, -4.461365
-4.669729, -4.529511
-4.618384, -4.597651
-4.567033, -4.665788
-4.515682, -4.733928
-4.464336, -4.802066
-4.412991, -4.870208
-4.361785, -4.938159
-4.312943, -5.002524
-4.264365, -5.065287
-4.215116, -5.12752
-4.165194, -5.189218
-4.114606, -5.250375
-4.063354, -5.31097
-4.011452, -5.37101
-3.958891, -5.43047
-3.905676, -5.489345
-3.851803, -5.54762
-3.797255, -5.605273
-3.748709, -5.65548
-3.742054, -5.662293
-3.742054, -5.662293
-3.742054, -5.662293
-3.742054, -5.662293
-3.742054, -5.662293
-3.742054, -5.662293
-3.742054, -5.662293
-3.742054, -5.662293
-3.742054, -5.662293
-3.742054, -5.662293
-3.742054, -5.662293
-3.742054, -5.662293
-3.742054, -5.662293
-3.742054, -5.662293
-3.736659, -5.60551
-3.727586, -5.510877
-3.717532, -5.416343
-3.706496, -5.321914
-3.694476, -5.227612
-3.681469, -5.133439
-3.667471, -5.039405
-3.65249, -4.945523
-3.636536, -4.851801
-3.619603, -4.758254
-3.601687, -4.664886
-3.582795, -4.571708
-3.562935, -4.478731
-3.542105, -4.385966
-3.520301, -4.293427
-3.497531, -4.201123
-3.473806, -4.10906
-3.449118, -4.017249
-3.423459, -3.925702
-3.396851, -3.834428
-3.369291, -3.743435
-3.340771, -3.652735
-3.311306, -3.562342
-3.280897, -3.472266
-3.249544, -3.382518
-3.217257, -3.293098
-3.184026, -3.204024
-3.149863, -3.115301
-3.135978, -3.0799
-3.135978, -3.0799
-3.135979, -3.0799
-3.135978, -3.079901
-3.135978, -3.0799
-3.135977, -3.0799
-3.135978, -3.0799
-3.135978, -3.079901
-3.135978, -3.0799
-3.135977, -3.079899
-3.135978, -3.0799
-3.135977, -3.079899
-3.135978, -3.0799
-3.135978, -3.0799
-3.135978, -3.0799
-3.135977, -3.0799
-3.135977, -3.0799
-3.135978, -3.0799
-3.135977, -3.0799
-3.135978, -3.0799
-3.135978, -3.0799
-3.135978, -3.0799
-3.13858, -3.082576
-3.188022, -3.133413
-3.253079, -3.200299
-3.318138, -3.267188
-3.383196, -3.334076
-3.448254, -3.400963
-3.513314, -3.467853
-3.578369, -3.534741
-3.643442, -3.601616
-3.708513, -3.668499
-3.773572, -3.735385
-3.838645, -3.802264
-3.903706, -3.869148
-3.969238, -3.936536
-4.037714, -4.00715
-4.106449, -4.078474
-4.174939, -4.150031
-4.24319, -4.221814
-4.311202, -4.293826
-4.37897, -4.366065
-4.446494, -4.438535
-4.513766, -4.511237
-4.580792, -4.584162
-4.647566, -4.657319
-4.713725, -4.730309
-4.759529, -4.780974
-4.761829, -4.783514
-4.761829, -4.783514
-4.761829, -4.783514
-4.761829, -4.783514
-4.761829, -4.783514
-4.761829, -4.783514
-4.761829, -4.783514
-4.761829, -4.783514
-4.761829, -4.783514
-4.761829, -4.783514
-4.761829, -4.783514
-4.761829, -4.783514
-4.761829, -4.783514
-4.761829, -4.783514
-4.766212, -4.737347
-4.777753, -4.621985
-4.790466, -4.506746
-4.804368, -4.391643
-4.81947, -4.276695
-4.833717, -4.175664
-4.835722, -4.161896
-4.835723, -4.161897
-4.835721, -4.161897
-4.835721, -4.161897
-4.835723, -4.161898
-4.835722, -4.161897
-4.835721, -4.161898
-4.835721, -4.161898
-4.835722, -4.161898
-4.835721, -4.161897
-4.835721, -4.161897
-4.835722, -4.161897
-4.835721, -4.161898
-4.835721, -4.161897
-4.835723, -4.161897
-4.835721, -4.161897
-4.835722, -4.161897
-4.835722, -4.161898
-4.835724, -4.161898
-4.835722, -4.161897
-4.835722, -4.161897
-4.835723, -4.161898
-4.835721, -4.161898
-4.835723, -4.161898
-4.835721, -4.161898
-4.835721, -4.161898
-4.835721, -4.161898
-4.835721, -4.161898
-4.835721, -4.161898
-4.835721, -4.161898
-4.827499, -4.169614
-4.767217, -4.226195
-4.698706, -4.290487
-4.630195, -4.354779
-4.561684, -4.419071
-4.499591, -4.477412
-4.441907, -4.531919
-4.3844, -4.58662
-4.327075, -4.641507
-4.269937, -4.69659
-4.212991, -4.751866
-4.156224, -4.807328
-4.099648, -4.862987
-4.04326, -4.918836
-3.987063, -4.974883
-3.931071, -5.031129
-3.881969, -5.080794
-3.875284, -5.087577
-3.875285, -5.087578
-3.875285, -5.087578
-3.875285, -5.087577
-3.875286, -5.087577
-3.875284, -5.087576
-3.875285, -5.087577
-3.875286, -5.087577
-3.875285, -5.087578
-3.875286, -5.087578
-3.875285, -5.087579
-3.875286, -5.087577
-3.875287, -5.087579
-3.875285, -5.087578
-3.875286, -5.087579
-3.875286, -5.087579
-3.875285, -5.087577
-3.875286, -5.087579
-3.875285, -5.087578
-3.875285, -5.087576
-3.875285, -5.087576
-3.875285, -5.087576
-3.875285, -5.087576
-3.875285, -5.087576
-3.875285, -5.087576
-3.875285, -5.087576
-3.875285, -5.087576
-3.875285, -5.087576
-3.875285, -5.087576
-3.899403, -5.066933
-3.959504, -5.015104
-4.019069, -4.962653
-4.078072, -4.909571
-4.1365, -4.855859
-4.194352, -4.801524
-4.25162, -4.746572
-4.308294, -4.691021
-4.36437, -4.634859
-4.419837, -4.578096
-4.474691, -4.520742
-4.528926, -4.462798
-4.582524, -4.404261
-4.635489, -4.345159
-4.687809, -4.285484
-4.73948, -4.225246
-4.80427, -4.148623
-4.878647, -4.061791
-4.954013, -3.975811
-5.030379, -3.890721
-5.107772, -3.806563
-5.138989, -3.77314
-5.138989, -3.77314
-5.138989, -3.77314
-5.138989, -3.77314
-5.138989, -3.77314
-5.138989, -3.77314
-5.138989, -3.77314
-5.138989, -3.77314
-5.138989, -3.77314
-5.138989, -3.77314
-5.138989, -3.77314
-5.138989, -3.77314
-5.138989, -3.77314
-5.138989, -3.77314
-5.138989, -3.77314
-5.128511, -3.774366
-5.051711, -3.783605
-4.964542, -3.794926
-4.877503, -3.807218
-4.79061, -3.82048
-4.703866, -3.834697
-4.617291, -3.849884
-4.530887, -3.866037
-4.444667, -3.883149
-4.358643, -3.901215
-4.272823, -3.920237
-4.187214, -3.940213
-4.101841, -3.961146
-4.0167, -3.983024
-3.965726, -3.996572
-3.965724, -3.996571
-3.965725, -3.996572
-3.965725, -3.996571
-3.965725, -3.996572
-3.965725, -3.996571
-3.965725, -3.996572
-3.965724, -3.996572
-3.965724, -3.996571
-3.965724, -3.996571
-3.965724, -3.996571
-3.965724, -3.996571
-3.965725, -3.996571
-3.965725, -3.996572
-3.965725, -3.996572
-3.965724, -3.996572
-3.965725, -3.996572
-3.965724, -3.996571
-3.965725, -3.996572
-3.965725, -3.996571
-3.965726, -3.996571
-3.965724, -3.996571
-3.965725, -3.996572
-3.965724, -3.996572
-3.965726, -3.99657
-3.965726, -3.99657
-3.97813, -4.008978
-4.046135, -4.077448
-4.120268, -4.152199
-4.194404, -4.226946
-4.26854, -4.301693
-4.342667, -4.376449
-4.416801, -4.451197
-4.49094, -4.525942
-4.565076, -4.60069
-4.639211, -4.675439
-4.713347, -4.750185
-4.787492, -4.824933
-4.861639, -4.899683
-4.933839, -4.972433
-5.00129, -5.040062
-5.068823, -5.10722
-5.136639, -5.174088
-5.185791, -5.2222
-5.187685, -5.224047
-5.187685, -5.224047
-5.187685, -5.224047
-5.187685, -5.224047
-5.187685, -5.224047
-5.190398, -5.222728
-5.260587, -5.187737
-5.357272, -5.138294
-5.453386, -5.087755
-5.548922, -5.036116
-5.643854, -4.983381
-5.738169, -4.92956
-5.831859, -4.87465
-5.92491, -4.818668
-6.017308, -4.761609
-6.109041, -4.703487
-6.200092, -4.64431
-6.290451, -4.584076
-6.380103, -4.522792
-6.462636, -4.464916
-6.53987, -4.409194
-6.616341, -4.35243
-6.67948, -4.304344
-6.685766, -4.299499
-6.685768, -4.299498
-6.685767, -4.299499
-6.685766, -4.299499
-6.685766, -4.2995
-6.685768, -4.299498
-6.685766, -4.299499
-6.685767, -4.299499
-6.685767, -4.299498
-6.685768, -4.299499
-6.685768, -4.299499
-6.685768, -4.2995
-6.68577, -4.2995
-6.685768, -4.2995
-6.685768, -4.299499
-6.685766, -4.299499
-6.685768, -4.2995
-6.685768, -4.2995
-6.685768, -4.299499
-6.685768, -4.299499
-6.685768, -4.299499
-6.685768, -4.299499
-6.685768, -4.299499
-6.685768, -4.299499
-6.685768, -4.299499
-6.685768, -4.299499
-6.685768, -4.299499
-6.685768, -4.299499
-6.685768, -4.299499
-6.685768, -4.299499
-6.685768, -4.299499
-6.657305, -4.330816
-6.602022, -4.383969
-6.532118, -4.448639
-6.461555, -4.512595
-6.390324, -4.575814
-6.318449, -4.638285
-6.245934, -4.700016
-6.172766, -4.76098
-6.11134, -4.811225
-6.105178, -4.816225
-6.105177, -4.816225
-6.105177, -4.816225
-6.105178, -4.816223
-6.105177, -4.816224
-6.105176, -4.816224
-6.105177, -4.816224
-6.105177, -4.816224
-6.105177, -4.816225
-6.105176, -4.816225
-6.105177, -4.816225
-6.105177, -4.816224
-6.105176, -4.816223
-6.105177, -4.816225
-6.105178, -4.816226
-6.105177, -4.816225
-6.105177, -4.816224
-6.105177, -4.816225
-6.105176, -4.816226
-6.105178, -4.816225
-6.105178, -4.816225
-6.105178, -4.816223
-6.105176, -4.816223
-6.105178, -4.816226
-6.105176, -4.816223
-6.105176, -4.816224
-6.105177, -4.816224
-6.105177, -4.816224
-6.105176, -4.816223
-6.105179, -4.816224
-6.105179, -4.816224
-6.105179, -4.816224
-6.070243, -4.814802
-5.947962, -4.809852
-5.82219, -4.804732
-5.696419, -4.799613
-5.57065, -4.794487
-5.444879, -4.789357
-5.31911, -4.784226
-5.192612, -4.778986
-5.064321, -4.772734
-4.936044, -4.76494
-4.807876, -4.755521
-4.733169, -4.749296
-4.733169, -4.749297
-4.733169, -4.749297
-4.720625, -4.738522
-4.651746, -4.679119
-4.576939, -4.613936
-4.502504, -4.548319
-4.428445, -4.482282
-4.354759, -4.415825
-4.281452, -4.348952
-4.208523, -4.281667
-4.135979, -4.213973
-4.063818, -4.145864
-3.992052, -4.07735
-3.920677, -4.008429
-3.849695, -3.939098
-3.779104, -3.869367
-3.708924, -3.799232
-3.639147, -3.7287
-3.569772, -3.657769
-3.500804, -3.586446
-3.432252, -3.514729
-3.364103, -3.442621
-3.296371, -3.370115
-3.229048, -3.297215
-3.16215, -3.223922
-3.095679, -3.150246
-3.029642, -3.076188
-2.964228, -3.001939
-2.899594, -2.927506
-2.83554, -2.852564
-2.77209, -2.777116
-2.745819, -2.74554
-2.745819, -2.74554
-2.745819, -2.74554
-2.745819, -2.74554
-2.745819, -2.74554
-2.745819, -2.74554
-2.745819, -2.74554
-2.745819, -2.74554
-2.745819, -2.74554
-2.745819, -2.74554
-2.745819, -2.74554
-2.761632, -2.744165
-2.848675, -2.737497
-2.943723, -2.731437
-3.022985, -2.72728
-3.030914, -2.726905
-3.030913, -2.726906
-3.030914, -2.726906
-3.030914, -2.726906
-3.030913, -2.726905
-3.030913, -2.726905
-3.030914, -2.726905
-3.030913, -2.726905
-3.030915, -2.726906
-3.030914, -2.726906
-3.030914, -2.726906
-3.030914, -2.726907
-3.030914, -2.726906
-3.030913, -2.726907
-3.030914, -2.726905
-3.030914, -2.726906
-3.030914, -2.726906
-3.030914, -2.726906
-3.030914, -2.726905
-3.030914, -2.726905
-3.030913, -2.726905
-3.030914, -2.726906
-3.030913, -2.726906
-3.030914, -2.726905
-3.030914, -2.726906
-3.030914, -2.726906
-3.030914, -2.726905
-3.030914, -2.726905
-3.063687, -2.767269
-3.142372, -2.864111
-3.221052, -2.960956
-3.299728, -3.057803
-3.378406, -3.15465
-3.457086, -3.251496
-3.53577, -3.34834
-3.614463, -3.445182
-3.693162, -3.542014
-3.771853, -3.63885
-3.850536, -3.735693
-3.929214, -3.832539
-4.008791, -3.931066
-4.087965, -4.031631
-4.165533, -4.133444
-4.239324, -4.233641
-4.260141, -4.262466
-4.260141, -4.262466
-4.260141, -4.262466
-4.260141, -4.262466
-4.260141, -4.262466
-4.260141, -4.262466
-4.260141, -4.262466
-4.260141, -4.262466
-4.260141, -4.262466
-4.260141, -4.262466
-4.260141, -4.262466
-4.260141, -4.262466
-4.260953, -4.254571
-4.269361, -4.175654
-4.28045, -4.081068
-4.292765, -3.986623
-4.306286, -3.892346
-4.321003, -3.798252
-4.336926, -3.704358
-4.354043, -3.610676
-4.372367, -3.517221
-4.391887, -3.424002
-4.412604, -3.331046
-4.434515, -3.238369
-4.457617, -3.145979
-4.481915, -3.053894
-4.507389, -2.962132
-4.534046, -2.870702
-4.561885, -2.779621
-4.590897, -2.688915
-4.621088, -2.598587
-4.652457, -2.508662
-4.684999, -2.419157
-4.718731, -2.330091
-4.75365, -2.241489
-4.789791, -2.153372
-4.816654, -2.090049
-4.817701, -2.087619
-4.817701, -2.087619
-4.817701, -2.087619
-4.817701, -2.087619
-4.817701, -2.087619
-4.817701, -2.087619
-4.817701, -2.087619
-4.817701, -2.087619
-4.817701, -2.087619
-4.817701, -2.087619
-4.78432, -2.090625
-4.667474, -2.101021
-4.547268, -2.111422
-4.427034, -2.121524
-4.306776, -2.131319
-4.186495, -2.140799
-4.066189, -2.14998
-3.945856, -2.158851
-3.825504, -2.167418
-3.705134, -2.175687
-3.58474, -2.18365
-3.464325, -2.191311
-3.343889, -2.198672
-3.223432, -2.205726
-3.102962, -2.212471
-2.982471, -2.218907
-2.861973, -2.225037
-2.741456, -2.230866
-2.620928, -2.23639
-2.520474, -2.24078
-2.510429, -2.24121
-2.510429, -2.24121
-2.510428, -2.24121
-2.510427, -2.241209
-2.510428, -2.241209
-2.510427, -2.24121
-2.510427, -2.24121
-2.510429, -2.241209
-2.510429, -2.24121
-2.510428, -2.241209
-2.510429, -2.241211
-2.510429, -2.24121
-2.510429, -2.24121
-2.510429, -2.241209
-2.510429, -2.24121
-2.510428, -2.241209
-2.510428, -2.24121
-2.510429, -2.241209
-2.510428, -2.24121
-2.510429, -2.24121
-2.510429, -2.24121
-2.510429, -2.241211
-2.510429, -2.241211
-2.520241, -2.254026
-2.573876, -2.324772
-2.632306, -2.402013
-2.690737, -2.479253
-2.749167, -2.556494
-2.807592, -2.633738
-2.866011, -2.710985
-2.924442, -2.788225
-2.982854, -2.865477
-3.041277, -2.942721
-3.099706, -3.019962
-3.158132, -3.097205
-3.216542, -3.174458
-3.274956, -3.251707
-3.333382, -3.328951
-3.39181, -3.406193
-3.450243, -3.483431
-3.508673, -3.560672
-3.567083, -3.637923
-3.625496, -3.715174
-3.683916, -3.792421
-3.742343, -3.869666
-3.800776, -3.946906
-3.859208, -4.02415
-3.917632, -4.101398
-3.97605, -4.178647
-4.034451, -4.255907
-4.092877, -4.333151
-4.151293, -4.410406
-4.209726, -4.487648
-4.268159, -4.564889
-4.326578, -4.642139
-4.384986, -4.719396
-4.443402, -4.796648
-4.501827, -4.873894
-4.560255, -4.95114
-4.618648, -5.028401
-4.677041, -5.105663
-4.735449, -5.18292
-4.793855, -5.260182
-4.852262, -5.337436
-4.91067, -5.414691
-4.969055, -5.491901
-5.027042, -5.568026
-5.085647, -5.643101
-5.145283, -5.717357
-5.188985, -5.770473
-5.190677, -5.772506
-5.190677, -5.772506
-5.190677, -5.772506
-5.190677, -5.772506
-5.190677, -5.772506
-5.190677, -5.772506
-5.190677, -5.772506
-5.190677, -5.772506
-5.190677, -5.772506
-5.190677, -5.772506
-5.137023, -5.786912
-5.045118, -5.811834
-4.953305, -5.837121
-4.861599, -5.862777
-4.769983, -5.888779
-4.678482, -5.915154
-4.587078, -5.941883
-4.495775, -5.968971
-4.404578, -5.996418
-4.313488, -6.024225
-4.222513, -6.052384
-4.131651, -6.080894
-4.040905, -6.109776
-3.950272, -6.13901
-3.859751, -6.168598
-3.769345, -6.198538
-3.679054, -6.228848
-3.588886, -6.259509
-3.498837, -6.290531
-3.408913, -6.321909
-3.319109, -6.353644
-3.229436, -6.385727
-3.139886, -6.418172
-3.050471, -6.45097
-2.961183, -6.484113
-2.872029, -6.517608
-2.783014, -6.551465
-2.694136, -6.585668
-2.605389, -6.620216
-2.516779, -6.655121
-2.428308, -6.690376
-2.339977, -6.725977
-2.251786, -6.761933
-2.166179, -6.797222
-2.141741, -6.807353
-2.141741, -6.807353
-2.141742, -6.807354
-2.14174, -6.807353
-2.141741, -6.807353
-2.141743, -6.807354
-2.141741, -6.807353
-2.141741, -6.807353
-2.14174, -6.807353
-2.141741, -6.807353
-2.14174, -6.807352
-2.14174, -6.807352
-2.141741, -6.807354
-2.141741, -6.807353
-2.14174, -6.807352
-2.141742, -6.807353
-2.14174, -6.807352
-2.141741, -6.807351
-2.141741, -6.807351
-2.141741, -6.807351
-2.141741, -6.807351
-2.144568, -6.805926
-2.218059, -6.768867
-2.319827, -6.717573
-2.421596, -6.666279
-2.523351, -6.614958
-2.625104, -6.563633
-2.726862, -6.51232
-2.82863, -6.461025
-2.923361, -6.413106
-3.007931, -6.369309
-3.091924, -6.324421
-3.161463, -6.286176
-3.168393, -6.28231
-3.168393, -6.28231
-3.168393, -6.28231
-3.168393, -6.28231
-3.168393, -6.28231
-3.168393, -6.28231
-3.168393, -6.28231
-3.168393, -6.28231
-3.168393, -6.28231
-3.168393, -6.28231
-3.168393, -6.28231
-3.168393, -6.28231
-3.168393, -6.28231
-3.155166, -6.30522
-3.108423, -6.385153
-3.059348, -6.466784
-3.009241, -6.547779
-2.958117, -6.628129
-2.936555, -6.661442
-2.936556, -6.661442
-2.936556, -6.661442
-2.936556, -6.661442
-2.936555, -6.661441
-2.936556, -6.661442
-2.936557, -6.661442
-2.936557, -6.661442
-2.936557, -6.661442
-2.936556, -6.661443
-2.936557, -6.661442
-2.936557, -6.661442
-2.936556, -6.661442
-2.936557, -6.661442
-2.936556, -6.661442
-2.936556, -6.661442
-2.936558, -6.661446
-2.936557, -6.661444
-2.936557, -6.661443
-2.941451, -6.646343
-2.968608, -6.563381
-2.999186, -6.473202
-3.030848, -6.383395
-3.063594, -6.293968
-3.097422, -6.204956
-3.13232, -6.11636
-3.168289, -6.028186
-3.205333, -5.940453
-3.243441, -5.853172
-3.282599, -5.766356
-3.322801, -5.680022
-3.364044, -5.594191
-3.406322, -5.508864
-3.449626, -5.424057
-3.49397, -5.33978
-3.539334, -5.256046
-3.585706, -5.172865
-3.633083, -5.090248
-3.681452, -5.008213
-3.730803, -4.926764
-3.781154, -4.845918
-3.832488, -4.765703
-3.88479, -4.686127
-3.938052, -4.60719
-3.992256, -4.528891
-4.047412, -4.451255
-4.103514, -4.374294
-4.160545, -4.298011
-4.218491, -4.222433
-4.277342, -4.147567
-4.337116, -4.073427
-4.397779, -4.000012
-4.459324, -3.927335
-4.521752, -3.855405
-4.585057, -3.784254
-4.649215, -3.713874
-4.714218, -3.644274
-4.780075, -3.575469
-4.846759, -3.507475
-4.914268, -3.440293
-4.982597, -3.373953
-5.05173, -3.308446
-5.121661, -3.243779
-5.192368, -3.179975
-5.263854, -3.11704
-5.336101, -3.054979
-5.409108, -2.993818
-5.482854, -2.93355
-5.557333, -2.874196
-5.632536, -2.815758
-5.708457, -2.758251
-5.785085, -2.701688
-5.862403, -2.64608
-5.940414, -2.59144
-6.019114, -2.537797
-6.09852, -2.485208
-6.176405, -2.435138
-6.198768, -2.421003
-6.198769, -2.421002
-6.198766, -2.421002
-6.198768, -2.421003
-6.198769, -2.421003
-6.198767, -2.421003
-6.198767, -2.421002
-6.198767, -2.421003
-6.198769, -2.421002
-6.198768, -2.421002
-6.198766, -2.421001
-6.198767, -2.421002
-6.198769, -2.421002
-6.198767, -2.421002
-6.198767, -2.421003
-6.198767, -2.421002
-6.198767, -2.421002
-6.198765, -2.421002
-6.198766, -2.421001
-6.198767, -2.421002
-6.194688, -2.433585
-6.18898, -2.451203
-6.18898, -2.451203
-6.18898, -2.451203
-6.18898, -2.451203
-6.18898, -2.451203
-6.18898, -2.451203
-6.18898, -2.451203
-6.18898, -2.451203
-6.18898, -2.451203
-6.18898, -2.451203
-6.18898, -2.451203
-6.18898, -2.451203
-6.18898, -2.451203
-6.18898, -2.451203
-6.18898, -2.451203
-6.190554, -2.427446
-6.19111, -2.419529
-6.191111, -2.419528
-6.191111, -2.419529
-6.191111, -2.419529
-6.191111, -2.41953
-6.19111, -2.41953
-6.191111, -2.419529
-6.191109, -2.41953
-6.19111, -2.419529
-6.191109, -2.41953
-6.191109, -2.41953
-6.191109, -2.419529
-6.191111, -2.419529
-6.191112, -2.419531
-6.19111, -2.41953
-6.191111, -2.41953
-6.19111, -2.41953
-6.191113, -2.41953
-6.191112, -2.41953
-6.191114, -2.41953
-6.191114, -2.41953
-6.191114, -2.41953
-6.191114, -2.41953
-6.191114, -2.41953
-6.191114, -2.41953
-6.191114, -2.41953
-6.191114, -2.41953
-6.191114, -2.41953
-6.191114, -2.41953
-6.189384, -2.422312
-6.143416, -2.494002
-6.079424, -2.593042
-6.015435, -2.692082
-5.951443, -2.791122
-5.887451, -2.890161
-5.823459, -2.989203
-5.759447, -3.088228
-5.690662, -3.194888
-5.618804, -3.307218
-5.547476, -3.419881
-5.476676, -3.532877
-5.406399, -3.646208
-5.336665, -3.759876
-5.26745, -3.873869
-5.198782, -3.988183
-5.130661, -4.10282
-5.063097, -4.217777
-4.996072, -4.333058
-4.929597, -4.44866
-4.863674, -4.564575
-4.798311, -4.680808
-4.733524, -4.797372
-4.671102, -4.911008
-4.653362, -4.943527
-4.653362, -4.943527
-4.653362, -4.943527
-4.64287, -4.947305
-4.537694, -4.984341
-4.411347, -5.028417
-4.284942, -5.072319
-4.158472, -5.116038
-4.031942, -5.159586
-3.905351, -5.202947
-3.778694, -5.246128
-3.651982, -5.289135
-3.525204, -5.331947
-3.398363, -5.374568
-3.27146, -5.417019
-3.144488, -5.459279
-3.017457, -5.501351
-2.890361, -5.543236
-2.766752, -5.583811
-2.731422, -5.595373
-2.731422, -5.595371
-2.731422, -5.595374
-2.731422, -5.595373
-2.731422, -5.595373
-2.731421, -5.595373
-2.731421, -5.595372
-2.731421, -5.595371
-2.731422, -5.595373
-2.731421, -5.595373
-2.731421, -5.595373
-2.731421, -5.595372
-2.731421, -5.595371
-2.731421, -5.595373
-2.731421, -5.595371
-2.731422, -5.595372
-2.731421, -5.595373
-2.731421, -5.595373
-2.786557, -5.586535
-2.881236, -5.572399
-2.976082, -5.559486
-3.07108, -5.547785
-3.166221, -5.537297
-3.261485, -5.528027
-3.356864, -5.519995
-3.452346, -5.513187
-3.547905, -5.507601
-3.64353, -5.503238
-3.739195, -5.500119
-3.83489, -5.498215
-3.930604, -5.497538
-4.026328, -5.498107
-4.122038, -5.499901
-4.217706, -5.502924
-4.313325, -5.507178
-4.40889, -5.512667
-4.50434, -5.519383
-4.599331, -5.527296
-4.694135, -5.536419
-4.788808, -5.546757
-4.883341, -5.558315
-4.977719, -5.5711
-5.071918, -5.585094
-5.165935, -5.600298
-5.259747, -5.616712
-5.353344, -5.634349
-5.446697, -5.653196
-5.539799, -5.673261
-5.632627, -5.694543
-5.725168, -5.717049
-5.817399, -5.740788
-5.909293, -5.765784
-5.9856, -5.787586
-5.993217, -5.789814
-5.993217, -5.789814
-5.993217, -5.789814
-5.993217, -5.789814
-5.993217, -5.789814
-5.993217, -5.789814
-5.993217, -5.789814
-5.993217, -5.789814
-5.993217, -5.789814
-5.993217, -5.789814
-5.99229, -5.786438
-5.968172, -5.698641
-5.934628, -5.57712
-5.900897, -5.455647
-5.86696, -5.334227
-5.832832, -5.212864
-5.798512, -5.091557
-5.763988, -4.970311
-5.729273, -4.849118
-5.694355, -4.727982
-5.660223, -4.610261
-5.650442, -4.576635
-5.650441, -4.576636
-5.65044, -4.576635
-5.650442, -4.576635
-5.650441, -4.576636
-5.65044, -4.576634
-5.65044, -4.576634
-5.65044, -4.576636
-5.650439, -4.576635
-5.65044, -4.576635
-5.65044, -4.576636
-5.65044, -4.576635
-5.65044, -4.576634
-5.65044, -4.576635
-5.65044, -4.576635
-5.65044, -4.576635
-5.65044, -4.576634
-5.65044, -4.576635
-5.65044, -4.576635
-5.65044, -4.576635
-5.65044, -4.576635
-5.65044, -4.576635
-5.65044, -4.576634
-5.650441, -4.576635
-5.65044, -4.576636
-5.65044, -4.576635
-5.65044, -4.576635
-5.65044, -4.576635
-5.650441, -4.576635
-5.650442, -4.576635
-5.61726, -4.549677
-5.537717, -4.484871
-5.458194, -4.42004
-5.378658, -4.35524
-5.299122, -4.29043
-5.219585, -4.225618
-5.140052, -4.160803
-5.060516, -4.095989
-4.980985, -4.031173
-4.90146, -3.966352
-4.821924, -3.901539
-4.742388, -3.836727
-4.662851, -3.771915
-4.583314, -3.707103
-4.503775, -3.642293
-4.424227, -3.577494
-4.344679, -3.512695
-4.265132, -3.447896
-4.185587, -3.383094
-4.106046, -3.318287
-4.026521, -3.253501
-3.94702, -3.188881
-3.867388, -3.124436
-3.787613, -3.060163
-3.707694, -2.996065
-3.627647, -2.932137
-3.547471, -2.868376
-3.467149, -2.80479
-3.386697, -2.741368
-3.306107, -2.678123
-3.225377, -2.615059
-3.144518, -2.552172
-3.063512, -2.489468
-2.982368, -2.426934
-2.901076, -2.364594
-2.819651, -2.302435
-2.751685, -2.250782
-2.744883, -2.245624
-2.744883, -2.245624
-2.744883, -2.245624
-2.744883, -2.245624
-2.744883, -2.245624
-2.744883, -2.245624
-2.744883, -2.245624
-2.744883, -2.245624
-2.744883, -2.245624
-2.744883, -2.245624
-2.744883, -2.245624
-2.744883, -2.245624
-2.744883, -2.245624
-2.744883, -2.245624
-2.744883, -2.245624
-2.760882, -2.26168
-2.848395, -2.350466
-2.942514, -2.448626
-3.035082, -2.548192
-3.126056, -2.649122
-3.215471, -2.751439
-3.303297, -2.855122
-3.389511, -2.960146
-3.474097, -3.066494
-3.557029, -3.174134
-3.638285, -3.283045
-3.717838, -3.393204
-3.795668, -3.504581
-3.871751, -3.617159
-3.946061, -3.730916
-4.018571, -3.845836
-4.089242, -3.961891
-4.158032, -4.079072
-4.224854, -4.197382
-4.259899, -4.261104
-4.2599, -4.261104
-4.2599, -4.261104
-4.2599, -4.261104
-4.2599, -4.261104
-4.2599, -4.261104
-4.2599, -4.261104
-4.2599, -4.261104
-4.2599, -4.261104
-4.2599, -4.261104
-4.2599, -4.261104
-4.2599, -4.261104
-4.220963, -4.253459
-4.127642, -4.234486
-4.03457, -4.214343
-3.941762, -4.193012
-3.849228, -4.170505
-3.756989, -4.146821
-3.665052, -4.121946
-3.573437, -4.095903
-3.482159, -4.0687
-3.391243, -4.040329
-3.300697, -4.010801
-3.210532, -3.980122
-3.120764, -3.948296
-3.03141, -3.915327
-2.942495, -3.881216
-2.85402, -3.845976
-2.77331, -3.812706
-2.758672, -3.806571
-2.758673, -3.806572
-2.758672, -3.806571
-2.758672, -3.806572
-2.758672, -3.806571
-2.758672, -3.806572
-2.758671, -3.806572
-2.758673, -3.806571
-2.758672, -3.806571
-2.758673, -3.806571
-2.758672, -3.806571
-2.758672, -3.806571
-2.758672, -3.806572
-2.758673, -3.806572
-2.758673, -3.806572
-2.758672, -3.806571
-2.758672, -3.806572
-2.758672, -3.806572
-2.758672, -3.806572
-2.758672, -3.806572
-2.760818, -3.808132
-2.816128, -3.84936
-2.892558, -3.906658
-2.968994, -3.963961
-3.045426, -4.021267
-3.121854, -4.078576
-3.198277, -4.135886
-3.274718, -4.193174
-3.351157, -4.250468
-3.427604, -4.307765
-3.508682, -4.368506
-3.611059, -4.444194
-3.716736, -4.520266
-3.823428, -4.594905
-3.931117, -4.668102
-4.039789, -4.739843
-4.149422, -4.810119
-4.259989, -4.878891
-4.371481, -4.946167
-4.483879, -5.011927
-4.597149, -5.076138
-4.711293, -5.138797
-4.82629, -5.199872
-4.942122, -5.259355
-5.058773, -5.31721
-5.176247, -5.373379
-5.251811, -5.408583
-5.254213, -5.409691
-5.254213, -5.409691
-5.254213, -5.409691
-5.254213, -5.409691
-5.254213, -5.409691
-5.254213, -5.409691
-5.254214, -5.409693
-5.254212, -5.409691
-5.254211, -5.409691
-5.254212, -5.409691
-5.254211, -5.409693
-5.254212, -5.409691
-5.254213, -5.409693
-5.254211, -5.409691
-5.254213, -5.409692
-5.254212, -5.409691
-5.254212, -5.409692
-5.254213, -5.409691
-5.254212, -5.409691
-5.254213, -5.409691
-5.254213, -5.409693
-5.254213, -5.409693
-5.254211, -5.409691
-5.254212, -5.409691
-5.254214, -5.409693
-5.254212, -5.409692
-5.254212, -5.409693
-5.254212, -5.409692
-5.254212, -5.409691
-5.254213, -5.409691
-5.25421, -5.409691
-5.25421, -5.409692
-5.25421, -5.409692
-5.25421, -5.409692
-5.222611, -5.385693
-5.146999, -5.327794
-5.071821, -5.26934
-4.997083, -5.210328
-4.922788, -5.150762
-4.848932, -5.090632
-4.775527, -5.02996
-4.702581, -4.968738
-4.630096, -4.906966
-4.558085, -4.844655
-4.486539, -4.781803
-4.415462, -4.718416
-4.344863, -4.6545
-4.274754, -4.590057
-4.205136, -4.525088
-4.135999, -4.459586
-4.067359, -4.393572
-3.999207, -4.327043
-3.931564, -4.260001
-3.864432, -4.192455
-3.797812, -4.124412
-3.731701, -4.055869
-3.666109, -3.986837
-3.601048, -3.917314
-3.536509, -3.847302
-3.472487, -3.776796
-3.409005, -3.705806
-3.346061, -3.634342
-3.28356, -3.562492
-3.221352, -3.490388
-3.159435, -3.418032
-3.09781, -3.345429
-3.036471, -3.272578
-2.97542, -3.19948
-2.914661, -3.12613
-2.854201, -3.052546
-2.794044, -2.978722
-2.73419, -2.904651
-2.674641, -2.830325
-2.615402, -2.755757
-2.558114, -2.683007
-2.541798, -2.662182
-2.541798, -2.662182
-2.541798, -2.662182
-2.541798, -2.662182
-2.541798, -2.662182
-2.541798, -2.662182
-2.541798, -2.662182
-2.541798, -2.662182
-2.544103, -2.660808
-2.604337, -2.625576
-2.687824, -2.576964
-2.771306, -2.528356
-2.854802, -2.479761
-2.938306, -2.431166
-3.021817, -2.382573
-3.105325, -2.334001
-3.15404, -2.305673
-3.15404, -2.305674
-3.15404, -2.305674
-3.15404, -2.305672
-3.15404, -2.305674
-3.154041, -2.305674
-3.154041, -2.305674
-3.154041, -2.305674
-3.154041, -2.305674
-3.15404, -2.305674
-3.154041, -2.305674
-3.154041, -2.305673
-3.154041, -2.305673
-3.154039, -2.305674
-3.15404, -2.305674
-3.15404, -2.305674
-3.15404, -2.305673
-3.15404, -2.305674
-3.154041, -2.305674
-3.154041, -2.305674
-3.15404, -2.305674
-3.15404, -2.305673
-3.15404, -2.305674
-3.154041, -2.305674
-3.162258, -2.33082
-3.191494, -2.418672
-3.222605, -2.508675
-3.254802, -2.5983
-3.288083, -2.687532
-3.322437, -2.776353
-3.357878, -2.864753
-3.394386, -2.952714
-3.431957, -3.040229
-3.470579, -3.127281
-3.51025, -3.213855
-3.550972, -3.299952
-3.592741, -3.385553
-3.635548, -3.470637
-3.679375, -3.555201
-3.724216, -3.639226
-3.770076, -3.722698
-3.816952, -3.805608
-3.864834, -3.887947
-3.913706, -3.9697
-3.963559, -4.050848
-4.014388, -4.131376
-4.066202, -4.211284
-4.118979, -4.290552
-4.172714, -4.369177
-4.227398, -4.447148
-4.283031, -4.52445
-4.339599, -4.601076
-4.397089, -4.677014
-4.4555, -4.752244
-4.514821, -4.826753
-4.575039, -4.900538
-4.63615, -4.973589
-4.69815, -5.04589
-4.761018, -5.117439
-4.824753, -5.188213
-4.889347, -5.258196
-4.954785, -5.327396
-5.021067, -5.39579
-5.088174, -5.463367
-5.156104, -5.530121
-5.224841, -5.59605
-5.294384, -5.661135
-5.364628, -5.725453
-5.435396, -5.789202
-5.506638, -5.852419
-5.578363, -5.915095
-5.650559, -5.977212
-5.723225, -6.038785
-5.796358, -6.099803
-5.869949, -6.160258
-5.944011, -6.22015
-6.018534, -6.279472
-6.09351, -6.338203
-6.168949, -6.39634
-6.244862, -6.453861
-6.299986, -6.49502
-6.302111, -6.496595
-6.302111, -6.496595
-6.302111, -6.496595
-6.302111, -6.496595
-6.302111, -6.496595
-6.302111, -6.496595
-6.302111, -6.496595
-6.302111, -6.496595
-6.302111, -6.496595
-6.302111, -6.496595
-6.302111, -6.496595
-6.302111, -6.496595
-6.302111, -6.496595
-6.302111, -6.496595
-6.248314, -6.482748
-6.156286, -6.458272
-6.064569, -6.432629
-5.973189, -6.405816
-5.882151, -6.377843
-5.791484, -6.348708
-5.701202, -6.318424
-5.611315, -6.286994
-5.521832, -6.254421
-5.432763, -6.220708
-5.34413, -6.185869
-5.255949, -6.149905
-5.16823, -6.112811
-5.081, -6.074607
-4.994268, -6.035292
-4.908038, -5.994874
-4.822328, -5.953363
-4.737154, -5.910759
-4.652526, -5.867081
-4.568462, -5.82233
-4.484983, -5.776505
-4.402097, -5.729614
-4.319813, -5.681675
-4.238139, -5.632695
-4.157094, -5.582677
-4.076689, -5.53163
-3.996951, -5.479562
-3.917892, -5.426473
-3.839514, -5.372389
-3.761823, -5.317311
-3.684838, -5.261245
-3.608582, -5.204196
-3.533068, -5.14618
-3.458295, -5.087202
-3.384279, -5.027278
-3.311031, -4.966415
-3.238573, -4.904622
-3.166909, -4.841907
-3.096048, -4.778281
-3.026002, -4.713753
-2.956797, -4.648336
-2.890314, -4.583902
-2.87144, -4.565367
-2.87144, -4.565366
-2.87144, -4.565367
-2.871441, -4.565367
-2.871439, -4.565366
-2.871439, -4.565365
-2.87144, -4.565366
-2.87144, -4.565366
-2.87144, -4.565367
-2.87144, -4.565367
-2.87144, -4.565367
-2.871438, -4.565366
-2.871439, -4.565368
-2.871439, -4.565367
-2.871438, -4.565366
-2.871438, -4.565366
-2.87144, -4.565367
-2.871441, -4.565367
-2.87144, -4.565365
-2.871439, -4.565367
-2.871438, -4.565365
-2.880312, -4.564136
-2.969027, -4.551719
-3.07548, -4.536783
-3.181931, -4.521842
-3.288385, -4.50691
-3.394837, -4.491976
-3.501289, -4.477041
-3.60774, -4.462095
-3.714204, -4.447166
-3.813541, -4.432989
-3.907671, -4.418527
-4.001616, -4.40286
-4.095347, -4.385979
-4.18885, -4.367895
-4.282112, -4.348603
-4.375116, -4.328104
-4.467846, -4.3064
-4.560286, -4.283493
-4.652417, -4.259373
-4.744223, -4.234044
-4.835688, -4.207497
-4.926787, -4.179708
-5.014971, -4.151466
-5.040103, -4.143197
-5.040103, -4.143197
-5.040103, -4.143197
-5.040103, -4.143197
-5.040103, -4.143197
-5.040103, -4.143197
-5.040103, -4.143198
-5.040101, -4.143198
-5.040102, -4.143198
-5.040102, -4.143198
-5.040102, -4.143197
-5.040101, -4.143198
-5.040103, -4.143198
-5.040102, -4.143198
-5.040102, -4.143197
-5.040102, -4.143197
-5.040101, -4.143198
-5.040102, -4.143198
-5.040103, -4.143198
-5.040102, -4.143198
-5.040102, -4.143197
-5.040102, -4.143198
-5.040102, -4.143198
-5.040101, -4.143198
-5.040102, -4.143198
-5.040102, -4.143198
-5.040102, -4.143198
-5.040101, -4.143198
-5.040101, -4.143198
-5.040102, -4.143198
-5.0401, -4.143198
-5.0401, -4.143198
-5.001006, -4.155641
-4.907186, -4.185504
-4.813366, -4.215366
-4.719546, -4.245229
-4.625727, -4.275092
-4.531909, -4.30496
-4.438091, -4.334829
-4.344271, -4.364692
-4.250452, -4.394556
-4.156635, -4.424427
-4.062815, -4.454291
-3.969085, -4.484138
-3.87759, -4.513638
-3.787282, -4.543899
-3.697387, -4.575338
-3.607911, -4.60795
-3.518872, -4.641743
-3.430294, -4.676724
-3.342203, -4.712918
-3.269181, -4.744013
-3.261898, -4.747169
-3.261898, -4.747169
-3.261898, -4.747169
-3.261898, -4.747169
-3.261491, -4.749783
-3.251035, -4.817762
-3.235797, -4.911777
-3.219362, -5.005595
-3.201731, -5.099192
-3.182906, -5.192551
-3.162893, -5.285655
-3.141687, -5.378498
-3.119301, -5.471064
-3.095736, -5.563344
-3.071, -5.655313
-3.045087, -5.746958
-3.018002, -5.838255
-2.989752, -5.929198
-2.960345, -6.019781
-2.930658, -6.107484
-2.92201, -6.132484
-2.92201, -6.132484
-2.922009, -6.132484
-2.922009, -6.132484
-2.92201, -6.132484
-2.92201, -6.132484
-2.92201, -6.132484
-2.92201, -6.132484
-2.92201, -6.132485
-2.922011, -6.132484
-2.92201, -6.132485
-2.92201, -6.132486
-2.92201, -6.132484
-2.92201, -6.132486
-2.922011, -6.132484
-2.922011, -6.132486
-2.922011, -6.132485
-2.922009, -6.132484
-2.922011, -6.132486
-2.922011, -6.132486
-2.928826, -6.127707
-2.997017, -6.079997
-3.078862, -6.022764
-3.160707, -5.965532
-3.242551, -5.908296
-3.324394, -5.851063
-3.406238, -5.793828
-3.488082, -5.736596
-3.569927, -5.679361
-3.651772, -5.622128
-3.733615, -5.564896
-3.815455, -5.507669
-3.8973, -5.450442
-3.979141, -5.393212
-4.060987, -5.335978
-4.142507, -5.278949
-4.22096, -5.223602
-4.298231, -5.167937
-4.374918, -5.111458
-4.451001, -5.054168
-4.526462, -4.996061
-4.601289, -4.937145
-4.675447, -4.877386
-4.736729, -4.826959
-4.742829, -4.821884
-4.742829, -4.821884
-4.742829, -4.821884
-4.742829, -4.821884
-4.742829, -4.821884
-4.751334, -4.826203
-4.83614, -4.869872
-4.937897, -4.922287
-5.03974, -4.974541
-5.141663, -5.026637
-5.243669, -5.078561
-5.345772, -5.130313
-5.447954, -5.181902
-5.550214, -5.233321
-5.65257, -5.284574
-5.755002, -5.335646
-5.857531, -5.386557
-5.9587, -5.436607
-6.046762, -5.480614
-6.131427, -5.524228
-6.215517, -5.568939
-6.299017, -5.614758
-6.381907, -5.661673
-6.464164, -5.70969
-6.545753, -5.758833
-6.61322, -5.800645
-6.619942, -5.804869
-6.619941, -5.80487
-6.61994, -5.804868
-6.619942, -5.804869
-6.619941, -5.804869
-6.61994, -5.804869
-6.619942, -5.804869
-6.619941, -5.804869
-6.619941, -5.804869
-6.61994, -5.804869
-6.619938, -5.804868
-6.61994, -5.804869
-6.61994, -5.804868
-6.619941, -5.804869
-6.61994, -5.804868
-6.61994, -5.804868
-6.619939, -5.804867
-6.619938, -5.804868
-6.61994, -5.804867
-6.619941, -5.804867
-6.619941, -5.804867
-6.619941, -5.804867
-6.619941, -5.804867
-6.619941, -5.804867
-6.619941, -5.804867
-6.619941, -5.804867
-6.619941, -5.804867
-6.619941, -5.804867
-6.619941, -5.804867
-6.619941, -5.804867
-6.619941, -5.804867
-6.619941, -5.804867
-6.619941, -5.804867
-6.619941, -5.804867
-6.619941, -5.804867
-6.619941, -5.804867
-6.619941, -5.804867
-6.619941, -5.804867
-6.619941, -5.804867
-6.598426, -5.858779
-6.562349, -5.951514
-6.527189, -6.044607
-6.492958, -6.138047
-6.45967, -6.231822
-6.427324, -6.325914
-6.395917, -6.420328
-6.365456, -6.515053
-6.335939, -6.610075
-6.307371, -6.70539
-6.279751, -6.800991
-6.25309, -6.896855
-6.237947, -6.952884
-6.237946, -6.952884
-6.237946, -6.952884
-6.237946, -6.952884
-6.237947, -6.952885
-6.237947, -6.952884
-6.237947, -6.952884
-6.237947, -6.952885
-6.237947, -6.952885
-6.237947, -6.952885
-6.237947, -6.952885
-6.237949, -6.952885
-6.237947, -6.952884
-6.237948, -6.952885
-6.237947, -6.952885
-6.237947, -6.952885
-6.237947, -6.952885
-6.237947, -6.952885
-6.237948, -6.952884
-6.237947, -6.952884
-6.237948, -6.952886
-6.237949, -6.952885
-6.237949, -6.952885
-6.237949, -6.952885
-6.231724, -6.94367
-6.169483, -6.851526
-6.094797, -6.74095
-6.020105, -6.630375
-5.945417, -6.519799
-5.870723, -6.40922
-5.796032, -6.298651
-5.721334, -6.188076
-5.646402, -6.077119
-5.569655, -5.962868
-5.493099, -5.847602
-5.417176, -5.731903
-5.341896, -5.615789
-5.267256, -5.499262
-5.193264, -5.382326
-5.119921, -5.264979
-5.047244, -5.147212
-4.975227, -5.029047
-4.903884, -4.910479
-4.833223, -4.791495
-4.769073, -4.682056
-4.757471, -4.662124
-4.757471, -4.662124
-4.757471, -4.662124
-4.757471, -4.662124
-4.757471, -4.662124
-4.757471, -4.662124
-4.757471, -4.662124
-4.757471, -4.662124
-4.771894, -4.655496
-4.851113, -4.61881
-4.937085, -4.577841
-5.022526, -4.535779
-5.10743, -4.492637
-5.191776, -4.448412
-5.275559, -4.40311
-5.358746, -4.356743
-5.441334, -4.309324
-5.523314, -4.260859
-5.604673, -4.211354
-5.685394, -4.160809
-5.765461, -4.109234
-5.844864, -4.056648
-5.923589, -4.003056
-6.00162, -3.948453
-6.057568, -3.908435
-6.059711, -3.906887
-6.059714, -3.906888
-6.059713, -3.906887
-6.059714, -3.906887
-6.059713, -3.906887
-6.059712, -3.906887
-6.059712, -3.906887
-6.059711, -3.906887
-6.059711, -3.906886
-6.059712, -3.906886
-6.059712, -3.906886
-6.059711, -3.906886
-6.059711, -3.906885
-6.059711, -3.906886
-6.059711, -3.906887
-6.059711, -3.906886
-6.059711, -3.906885
-6.059711, -3.906885
-6.059711, -3.906885
-6.036819, -3.921041
-5.956695, -3.970583
-5.874277, -4.021543
-5.791861, -4.072502
-5.70945, -4.123465
-5.627039, -4.174427
-5.544625, -4.225387
-5.46221, -4.276353
-5.379797, -4.327323
-5.297381, -4.378288
-5.21497, -4.429247
-5.132562, -4.480213
-5.050151, -4.531175
-4.967743, -4.582139
-4.885325, -4.633096
-4.802914, -4.684056
-4.720497, -4.735018
-4.638089, -4.785988
-4.555671, -4.836949
-4.473255, -4.887911
-4.390841, -4.93888
-4.308429, -4.989848
-4.226266, -5.040701
-4.145429, -5.091318
-4.065222, -5.142671
-3.985555, -5.194858
-3.906441, -5.247876
-3.827888, -5.301721
-3.749899, -5.356385
-3.67249, -5.411869
-3.595676, -5.468171
-3.519467, -5.525288
-3.443875, -5.583218
-3.368923, -5.641972
-3.296702, -5.699911
-3.276175, -5.716599
-3.276175, -5.716599
-3.276175, -5.716599
-3.276175, -5.716599
-3.276175, -5.716599
-3.276175, -5.716599
-3.276175, -5.716599
-3.294759, -5.751658
-3.339923, -5.835508
-3.386134, -5.918787
-3.433409, -6.001469
-3.481731, -6.083541
-3.531095, -6.164989
-3.581497, -6.245801
-3.632927, -6.325965
-3.685374, -6.405468
-3.738834, -6.484297
-3.784116, -6.549488
-3.788677, -6.555984
-3.788677, -6.555985
-3.788678, -6.555985
-3.788677, -6.555984
-3.788677, -6.555985
-3.788677, -6.555984
-3.788678, -6.555986
-3.788676, -6.555984
-3.788679, -6.555984
-3.788678, -6.555984
-3.788677, -6.555985
-3.788677, -6.555986
-3.788679, -6.555986
-3.788677, -6.555985
-3.788678, -6.555986
-3.788677, -6.555986
-3.788679, -6.555986
-3.788678, -6.555985
-3.788679, -6.555986
-3.788678, -6.555986
-3.788678, -6.555984
-3.794144, -6.540391
-3.824408, -6.454674
-3.857474, -6.361176
-3.890547, -6.267683
-3.923614, -6.174185
-3.956678, -6.080686
-3.989746, -5.987189
-4.022812, -5.893691
-4.05588, -5.800195
-4.088943, -5.706695
-4.121986, -5.613183
-4.155035, -5.519676
-4.188101, -5.426178
-4.221169, -5.332681
-4.25422, -5.239174
-4.287282, -5.145678
-4.320319, -5.052183
-4.35335, -4.958798
-4.385955, -4.86761
-4.41982, -4.77558
-4.454591, -4.683615
-4.49017, -4.591957
-4.52655, -4.500617
-4.563735, -4.409601
-4.601721, -4.318915
-4.64051, -4.22857
-4.680102, -4.138575
-4.720504, -4.048941
-4.761717, -3.959677
-4.803771, -3.870804
-4.834659, -3.806865
-4.835858, -3.80441
-4.835858, -3.80441
-4.863013, -3.787169
-4.957771, -3.726373
-5.054572, -3.662816
-5.150659, -3.598191
-5.246026, -3.532511
-5.340656, -3.465774
-5.434544, -3.397994
-5.527672, -3.329175
-5.620037, -3.259331
-5.711621, -3.188472
-5.80241, -3.116596
-5.892399, -3.043713
-5.981577, -2.96984
-6.069931, -2.894984
-6.157442, -2.819147
-6.244109, -2.742341
-6.329916, -2.664581
-6.41485, -2.585872
-6.496592, -2.508459
-6.519821, -2.486206
-6.519818, -2.486205
-6.519819, -2.486205
-6.519819, -2.486206
-6.519819, -2.486205
-6.51982, -2.486205
-6.519819, -2.486205
-6.519819, -2.486205
-6.519819, -2.486205
-6.519819, -2.486205
-6.519818, -2.486204
-6.519819, -2.486205
-6.519819, -2.486205
-6.519818, -2.486204
-6.519818, -2.486205
-6.519818, -2.486205
-6.519819, -2.486205
-6.51982, -2.486205
-6.51982, -2.486205
-6.479588, -2.526306
-6.383036, -2.62255
-6.286497, -2.718812
-6.189947, -2.815064
-6.093407, -2.911322
-5.999281, -3.005157
-5.926986, -3.077473
-5.856719, -3.148164
-5.785292, -3.22011
-5.71387, -3.292053
-5.64245, -3.364008
-5.571049, -3.435974
-5.499653, -3.507945
-5.428266, -3.579932
-5.356888, -3.651925
-5.285514, -3.723919
-5.214157, -3.795933
-5.142807, -3.867953
-5.089267, -3.920448
-5.023409, -3.97776
-4.951703, -4.04044
-4.880244, -4.103401
-4.809034, -4.166643
-4.738073, -4.230164
-4.66736, -4.293962
-4.596902, -4.358041
-4.526698, -4.422394
-4.456747, -4.487025
-4.387051, -4.551931
-4.317615, -4.617113
-4.248436, -4.682568
-4.179513, -4.748296
-4.110848, -4.814292
-4.042448, -4.880565
-3.974313, -4.947111
-3.906435, -5.013918
-3.83882, -5.080992
-3.771467, -5.148335
-3.704382, -5.215938
-3.637564, -5.283804
-3.571018, -5.351933
-3.504741, -5.420323
-3.438734, -5.488976
-3.372999, -5.557886
-3.307536, -5.627055
-3.242348, -5.69649
-3.177434, -5.766181
-3.112796, -5.836122
-3.048433, -5.906319
-2.984349, -5.97677
-2.920545, -6.047476
-2.85702, -6.118433
-2.793782, -6.189648
-2.730822, -6.261105
-2.66815, -6.332813
-2.605764, -6.404772
-2.543629, -6.476947
-2.481174, -6.548844
-2.417839, -6.619965
-2.353586, -6.690263
-2.288435, -6.759724
-2.222389, -6.828335
-2.155459, -6.896088
-2.099042, -6.951909
-2.093372, -6.957461
-2.093371, -6.95746
-2.093371, -6.95746
-2.093372, -6.95746
-2.093371, -6.95746
-2.093371, -6.95746
-2.093371, -6.957461
-2.093372, -6.957461
-2.093371, -6.957461
-2.093372, -6.95746
-2.093371, -6.957461
-2.093371, -6.957461
-2.093372, -6.957461
-2.093372, -6.957462
-2.093371, -6.957461
-2.093372, -6.95746
-2.093371, -6.957461
-2.093372, -6.957462
-2.093372, -6.957461
-2.093371, -6.957461
-2.093371, -6.957461
-2.103812, -6.95456
-2.208385, -6.926176
-2.333924, -6.892285
-2.459464, -6.858394
-2.585007, -6.824527
-2.710543, -6.79064
-2.762852, -6.776523
-2.762852, -6.776523
-2.762852, -6.776523
-2.762852, -6.776523
-2.762852, -6.776523
-2.762852, -6.776523
-2.762852, -6.776523
-2.762852, -6.776523
-2.762852, -6.776523
-2.762852, -6.776523
-2.762852, -6.776523
-2.762852, -6.776523
-2.762852, -6.776523
-2.762852, -6.776523
-2.75646, -6.781227
-2.691949, -6.827456
-2.613828, -6.881937
-2.535023, -6.935421
-2.502015, -6.957451
-2.502015, -6.95745
-2.502014, -6.957451
-2.502014, -6.957451
-2.502014, -6.957451
-2.502014, -6.957449
-2.502014, -6.957451
-2.502014, -6.95745
-2.502014, -6.95745
-2.502014, -6.957449
-2.502014, -6.95745
-2.502014, -6.957451
-2.502014, -6.95745
-2.502014, -6.95745
-2.502014, -6.957449
-2.502014, -6.957449
-2.502014, -6.95745
-2.502014, -6.95745
-2.502014, -6.957449
-2.502014, -6.95745
-2.502014, -6.95745
-2.502014, -6.95745
-2.502014, -6.95745
-2.502014, -6.95745
-2.502014, -6.95745
-2.502014, -6.95745
-2.502014, -6.95745
-2.502014, -6.95745
-2.502014, -6.95745
-2.502014, -6.95745
-2.502014, -6.95745
-2.502014, -6.95745
-2.502014, -6.95745
-2.518432, -6.9353
-2.575896, -6.857779
-2.635001, -6.778039
-2.694108, -6.698296
-2.753216, -6.618555
-2.812322, -6.538815
-2.871429, -6.459075
-2.930535, -6.379335
-2.989641, -6.299595
-3.048748, -6.219853
-3.107856, -6.14011
-3.166962, -6.060369
-3.226067, -5.980629
-3.285175, -5.900885
-3.344281, -5.821142
-3.403379, -5.741396
-3.462483, -5.66165
-3.521589, -5.581906
-3.580694, -5.502165
-3.639799, -5.422422
-3.698905, -5.342678
-3.75801, -5.262936
-3.817113, -5.183194
-3.876218, -5.103451
-3.935322, -5.023708
-3.994426, -4.943964
-4.055173, -4.861995
-4.128028, -4.762814
-4.201612, -4.659708
-4.273577, -4.555467
-4.343896, -4.45011
-4.412557, -4.343665
-4.479537, -4.236155
-4.544816, -4.127608
-4.608385, -4.018045
-4.670224, -3.90749
-4.730309, -3.795976
-4.788628, -3.683532
-4.821899, -3.617556
-4.821899, -3.617556
-4.821899, -3.617556
-4.8219, -3.617556
-4.8219, -3.617556
-4.821899, -3.617556
-4.821899, -3.617556
-4.8219, -3.617556
-4.8219, -3.617556
-4.8219, -3.617556
-4.8219, -3.617557
-4.8219, -3.617556
-4.8219, -3.617556
-4.8219, -3.617557
-4.8219, -3.617556
-4.821899, -3.617556
-4.821901, -3.617556
-4.821901, -3.617557
-4.821901, -3.617557
-4.818949, -3.670176
-4.811868, -3.796463
-4.804788, -3.922755
-4.797707, -4.049047
-4.790626, -4.175335
-4.783546, -4.301629
-4.776466, -4.427919
-4.76939, -4.554212
-4.762541, -4.677
-4.758982, -4.719855
-4.742697, -4.797531
-4.722176, -4.890533
-4.700463, -4.983265
-4.677568, -5.075713
-4.653492, -5.167855
-4.62771, -5.261968
-4.600091, -5.361646
-4.57269, -5.46163
-4.545601, -5.561701
-4.518812, -5.66185
-4.492347, -5.762085
-4.466196, -5.862403
-4.440353, -5.962803
-4.414827, -6.06329
-4.389613, -6.163857
-4.364716, -6.2645
-4.340126, -6.365219
-4.315853, -6.466013
-4.291903, -6.566891
-4.26827, -6.667833
-4.244954, -6.768848
-4.221961, -6.869943
-4.203037, -6.954242
-4.201154, -6.962676
-4.201155, -6.962676
-4.201154, -6.962674
-4.201154, -6.962675
-4.201155, -6.962675
-4.201155, -6.962675
-4.201154, -6.962674
-4.201153, -6.962673
-4.201154, -6.962675
-4.201155, -6.962675
-4.201153, -6.962673
-4.201153, -6.962674
-4.201154, -6.962673
-4.201154, -6.962674
-4.201154, -6.962674
-4.201154, -6.962674
-4.201154, -6.962674
-4.201153, -6.962673
-4.201153, -6.962673
-4.201153, -6.962673
-4.201989, -6.954781
-4.210632, -6.875887
-4.222072, -6.78134
-4.232617, -6.702679
-4.233722, -6.694819
-4.233722, -6.694819
-4.233722, -6.694819
-4.233722, -6.694819
-4.233722, -6.694819
-4.233722, -6.694819
-4.233722, -6.694819
-4.233722, -6.694819
-4.233722, -6.694819
-4.233722, -6.694819
-4.233722, -6.694819
-4.233722, -6.694819
-4.233722, -6.694819
-4.229188, -6.701334
-4.184211, -6.766723
-4.129596, -6.844743
-4.074045, -6.922101
-4.050747, -6.954225
-4.050748, -6.954226
-4.050749, -6.954227
-4.050749, -6.954227
-4.050748, -6.954226
-4.050747, -6.954226
-4.050748, -6.954226
-4.050748, -6.954226
-4.050748, -6.954227
-4.050748, -6.954226
-4.050749, -6.954227
-4.050748, -6.954227
-4.050748, -6.954227
-4.050749, -6.954227
-4.050748, -6.954227
-4.050748, -6.954227
-4.050748, -6.954226
-4.050748, -6.954227
-4.050748, -6.954226
-4.050746, -6.954225
-4.050746, -6.954225
-4.050746, -6.954225
-4.050746, -6.954225
-4.050746, -6.954225
-4.060767, -6.922683
-4.09581, -6.812266
-4.131846, -6.69869
-4.167881, -6.585117
-4.203918, -6.471545
-4.239958, -6.357972
-4.275985, -6.24439
-4.312015, -6.130816
-4.348047, -6.01724
-4.384079, -5.903663
-4.420104, -5.790085
-4.456132, -5.676508
-4.492161, -5.56293
-4.528188, -5.449352
-4.564206, -5.335768
-4.600226, -5.222183
-4.636239, -5.108598
-4.672258, -4.995016
-4.708274, -4.881433
-4.743261, -4.770998
-4.753255, -4.739444
-4.753255, -4.739444
-4.753255, -4.739444
-4.753255, -4.739444
-4.753255, -4.739444
-4.753255, -4.739444
-4.753255, -4.739444
-4.753255, -4.739444
-4.753255, -4.739444
-4.753255, -4.739444
-4.753255, -4.739444
-4.753255, -4.739444
-4.753255, -4.739444
-4.753255, -4.739444
-4.753255, -4.739444
-4.753255, -4.739444
-4.744236, -4.764315
-4.712208, -4.851192
-4.67915, -4.937684
-4.66954, -4.96233
-4.669541, -4.962331
-4.66954, -4.96233
-4.669541, -4.96233
-4.669541, -4.96233
-4.669541, -4.962331
-4.66954, -4.962331
-4.669541, -4.96233
-4.669541, -4.96233
-4.66954, -4.96233
-4.669541, -4.96233
-4.66954, -4.96233
-4.66954, -4.96233
-4.66954, -4.96233
-4.66954, -4.96233
-4.669539, -4.96233
-4.669541, -4.96233
-4.669541, -4.96233
-4.685682, -4.941361
-4.742776, -4.868431
-4.802444, -4.794162
-4.863058, -4.72066
-4.924603, -4.647944
-4.987076, -4.576019
-5.050465, -4.504898
-5.114758, -4.434597
-5.179948, -4.365124
-5.246023, -4.296494
-5.312973, -4.228717
-5.380788, -4.161807
-5.449459, -4.095772
-5.51897, -4.030624
-5.589314, -3.966377
-5.660482, -3.90304
-5.732462, -3.840629
-5.805243, -3.779151
-5.878811, -3.718619
-5.953157, -3.659049
-6.028275, -3.600452
-6.104151, -3.542839
-6.180777, -3.486232
-6.258149, -3.430647
-6.336264, -3.376109
-6.415131, -3.32267
-6.448192, -3.300698
-6.48537, -3.286824
-6.574484, -3.253228
-6.66318, -3.21854
-6.751427, -3.182727
-6.839213, -3.145793
-6.926525, -3.107749
-6.96278, -3.091613
-6.962781, -3.091613
-6.962781, -3.091613
-6.962782, -3.091613
-6.962782, -3.091613
-6.962783, -3.091613
-6.962782, -3.091614
-6.962782, -3.091613
-6.962782, -3.091613
-6.962782, -3.091613
-6.962782, -3.091614
-6.962783, -3.091614
-6.962783, -3.091613
-6.962782, -3.091613
-6.962782, -3.091613
-6.962782, -3.091613
-6.962782, -3.091614
-6.962783, -3.091613
-6.962784, -3.091614
-6.962782, -3.091614
-6.962784, -3.091614
-6.962784, -3.091615
-6.962784, -3.091615
-6.962784, -3.091615
-6.962784, -3.091615
-6.962784, -3.091615
-6.962784, -3.091615
-6.954838, -3.105355
-6.910804, -3.180732
-6.86187, -3.262438
-6.811938, -3.343539
-6.761032, -3.424029
-6.709157, -3.503897
-6.656326, -3.583131
-6.602543, -3.661722
-6.547806, -3.739652
-6.492124, -3.816913
-6.435514, -3.893498
-6.377987, -3.969392
-6.319546, -4.044588
-6.260193, -4.119064
-6.199934, -4.192813
-6.138796, -4.265828
-6.076766, -4.338094
-6.01386, -4.409603
-5.950096, -4.480342
-5.885482, -4.550301
-5.820022, -4.619476
-5.753725, -4.687852
-5.686367, -4.755661
-5.611806, -4.829522
-5.532225, -4.908588
-5.4526, -4.988216
-5.373211, -5.068076
-5.294088, -5.148201
-5.215229, -5.228587
-5.136627, -5.309221
-5.05828, -5.390104
-4.980193, -5.471238
-4.902377, -5.55263
-4.824822, -5.634269
-4.747528, -5.716155
-4.670503, -5.798295
-4.593743, -5.880686
-4.517245, -5.963319
-4.44102, -6.046209
-4.365065, -6.129346
-4.289371, -6.212716
-4.213947, -6.296337
-4.138791, -6.380196
-4.063904, -6.464299
-3.991361, -6.546297
-3.970676, -6.569763
-3.970675, -6.569761
-3.970676, -6.569762
-3.970675, -6.569762
-3.970676, -6.569759
-3.970677, -6.569761
-3.970676, -6.569762
-3.970675, -6.569761
-3.970675, -6.56976
-3.970674, -6.569761
-3.970675, -6.56976
-3.970675, -6.569761
-3.970675, -6.569761
-3.970675, -6.569759
-3.970674, -6.569759
-3.970675, -6.56976
-3.970675, -6.569759
-3.970676, -6.56976
-3.970676, -6.56976
-3.970676, -6.569759
-3.970676, -6.569759
-3.970676, -6.569759
-3.970676, -6.569759
-3.970676, -6.569759
-3.970676, -6.569759
-4.001266, -6.49774
-4.053706, -6.374279
-4.10615, -6.250822
-4.158585, -6.127359
-4.211011, -6.003887
-4.263453, -5.880419
-4.315897, -5.756952
-4.368322, -5.633485
-4.420742, -5.510019
-4.473156, -5.386549
-4.525561, -5.263067
-4.577981, -5.139595
-4.630392, -5.01612
-4.682805, -4.892642
-4.726473, -4.789735
-4.73084, -4.779444
-4.73084, -4.779444
-4.73084, -4.779444
-4.73084, -4.779444
-4.73084, -4.779444
-4.73084, -4.779444
-4.73084, -4.779444
-4.73084, -4.779444
-4.766425, -4.797004
-4.851545, -4.839716
-4.936122, -4.883493
-5.020129, -4.928343
-5.103559, -4.974259
-5.186402, -5.021234
-5.268642, -5.069266
-5.350262, -5.118348
-5.431253, -5.168465
-5.511598, -5.219603
-5.591279, -5.271762
-5.670292, -5.324933
-5.748622, -5.379101
-5.826252, -5.434261
-5.903172, -5.490411
-5.979374, -5.547543
-6.054842, -5.605642
-6.129562, -5.6647
-6.203521, -5.724702
-6.276705, -5.785642
-6.34911, -5.847506
-6.420717, -5.910285
-6.491522, -5.973984
-6.561513, -6.038586
-6.630669, -6.104076
-6.69898, -6.17044
-6.766439, -6.237663
-6.833038, -6.30574
-6.898762, -6.374668
-6.952885, -6.432717
-6.958268, -6.438549
-6.958268, -6.438549
-6.958268, -6.438549
-6.958268, -6.438549
-6.958268, -6.438549
-6.958268, -6.438549
-6.958267, -6.438549
-6.958267, -6.438549
-6.958268, -6.438548
-6.95827, -6.438551
-6.958268, -6.438549
-6.958268, -6.43855
-6.958269, -6.43855
-6.95827, -6.43855
-6.958269, -6.43855
-6.95827, -6.43855
-6.958269, -6.438549
-6.958269, -6.438549
-6.958269, -6.43855
-6.95827, -6.43855
-6.958269, -6.43855
-6.95827, -6.43855
-6.95827, -6.43855
-6.95827, -6.43855
-6.95827, -6.43855
-6.95827, -6.43855
-6.95827, -6.43855
-6.95827, -6.43855
-6.95827, -6.43855
-6.95827, -6.43855
-6.95827, -6.43855
-6.95827, -6.43855
-6.95558, -6.436493
-6.904466, -6.397412
-6.837203, -6.345987
-6.769942, -6.294569
-6.702684, -6.243146
-6.635426, -6.191714
-6.56817, -6.140294
-6.500911, -6.08887
-6.433656, -6.037448
-6.366403, -5.986015
-6.29915, -5.934581
-6.231897, -5.883147
-6.164639, -5.831719
-6.097378, -5.780285
-6.030121, -5.728865
-5.962865, -5.677425
-5.895617, -5.625989
-5.82837, -5.574563
-5.761113, -5.523134
-5.693863, -5.471712
-5.62661, -5.420287
-5.559356, -5.368855
-5.492101, -5.317439
-5.424847, -5.266014
-5.357597, -5.214581
-5.290331, -5.163161
-5.223071, -5.111738
-5.155822, -5.060302
-5.088571, -5.008862
-5.021317, -4.957431
-4.954061, -4.906003
-4.886806, -4.854576
-4.819552, -4.803153
-4.754991, -4.753788
-4.738852, -4.741447
-4.738852, -4.741447
-4.738852, -4.741447
-4.738852, -4.741447
-4.738852, -4.741447
-4.738852, -4.741447
-4.738852, -4.741447
-4.738852, -4.741447
-4.738852, -4.741447
-4.738852, -4.741447
-4.738852, -4.741447
-4.738852, -4.741447
-4.738852, -4.741447
-4.738852, -4.741447
-4.738852, -4.741447
-4.738852, -4.741447
-4.738852, -4.741447
-4.738852, -4.741447
-4.768116, -4.75376
-4.841115, -4.784916
-4.913787, -4.816829
-4.986115, -4.849513
-5.058093, -4.882966
-5.129704, -4.917173
-5.200951, -4.952146
-5.271821, -4.987874
-5.342304, -5.024353
-5.412397, -5.061583
-5.482091, -5.099555
-5.551376, -5.13827
-5.620248, -5.177723
-5.688693, -5.217908
-5.756706, -5.258814
-5.824277, -5.30044
-5.891401, -5.342788
-5.958074, -5.385849
-6.024279, -5.429618
-6.090017, -5.474091
-6.155276, -5.51927
-6.220048, -5.565138
-6.284329, -5.611698
-6.34811, -5.65894
-6.411378, -5.706861
-6.474135, -5.755464
-6.536361, -5.804734
-6.598051, -5.854661
-6.659204, -5.905249
-6.719812, -5.956487
-6.779868, -6.008372
-6.839366, -6.060907
-6.898293, -6.114077
-6.949683, -6.161377
-6.956663, -6.16786
-6.956662, -6.167859
-6.956663, -6.16786
-6.956661, -6.16786
-6.956661, -6.16786
-6.956662, -6.167859
-6.956662, -6.167859
-6.956662, -6.167859
-6.956663, -6.16786
-6.956663, -6.16786
-6.956662, -6.167859
-6.956663, -6.167861
-6.956662, -6.167859
-6.95666, -6.167859
-6.956662, -6.167859
-6.956662, -6.167859
-6.956662, -6.167858
-6.956661, -6.167858
-6.956662, -6.167858
-6.956661, -6.167859
-6.956661, -6.167859
-6.956661, -6.167858
-6.935927, -6.155596
-6.852983, -6.106551
-6.766585, -6.055463
-6.680183, -6.004376
-6.593781, -5.953297
-6.507379, -5.902211
-6.42098, -5.851125
-6.334582, -5.800041
-6.258545, -5.755092
-6.248176, -5.748965
-6.248176, -5.748965
-6.248176, -5.748965
-6.248176, -5.748965
-6.248176, -5.748965
-6.248176, -5.748965
-6.248176, -5.748965
-6.248176, -5.748965
-6.248176, -5.748965
-6.248176, -5.748965
-6.248176, -5.748965
-6.248176, -5.748965
-6.248176, -5.748965
-6.248176, -5.748965
-6.248176, -5.748965
-6.248176, -5.748965
-6.249931, -5.751609
-6.283214, -5.801916
-6.3267, -5.868312
-6.369765, -5.934979
-6.412413, -6.001914
-6.454646, -6.069114
-6.49646, -6.136571
-6.537848, -6.204291
-6.578813, -6.272266
-6.619353, -6.340495
-6.659464, -6.408977
-6.699148, -6.477706
-6.738397, -6.546681
-6.777222, -6.6159
-6.815614, -6.685362
-6.853568, -6.755069
-6.891084, -6.825008
-6.928163, -6.895181
-6.950218, -6.937387
-6.950218, -6.937387
-6.950217, -6.937387
-6.950218, -6.937387
-6.950217, -6.937387
-6.950217, -6.937387
-6.950218, -6.937387
-6.950217, -6.937387
-6.950218, -6.937387
-6.950218, -6.937388
-6.950218, -6.937387
-6.950218, -6.937388
-6.950219, -6.937388
-6.950219, -6.937388
-6.950219, -6.937388
-6.950218, -6.937388
-6.950219, -6.937388
-6.950218, -6.937388
-6.95022, -6.937389
-6.950219, -6.937388
-6.95022, -6.93739
-6.950218, -6.937388
-6.950218, -6.937388
-6.950219, -6.93739
-6.950219, -6.93739
-6.915033, -6.902411
-6.856387, -6.84411
-6.797737, -6.785806
-6.739091, -6.727509
-6.680438, -6.669211
-6.62179, -6.610913
-6.563143, -6.552611
-6.504494, -6.4943
-6.445845, -6.435991
-6.387197, -6.377678
-6.32855, -6.319372
-6.269898, -6.261062
-6.211257, -6.20275
-6.15261, -6.144435
-6.093955, -6.086122
-6.035302, -6.027808
-5.976649, -5.969499
-5.917996, -5.911189
-5.859342, -5.85288
-5.800694, -5.794566
-5.742043, -5.736257
-5.683381, -5.677955
-5.624723, -5.619645
-5.566066, -5.561349
-5.507408, -5.503053
-5.448757, -5.444741
-5.390101, -5.386444
-5.33145, -5.328137
-5.272818, -5.26981
-5.214173, -5.211491
-5.155523, -5.153181
-5.096889, -5.094851
-5.038245, -5.036532
-4.979402, -4.977991
-4.91924, -4.918136
-4.858874, -4.858078
-4.798507, -4.798017
-4.745393, -4.74515
-4.738152, -4.73794
-4.738152, -4.73794
-4.738152, -4.73794
-4.738152, -4.73794
-4.738152, -4.73794
-4.738152, -4.73794
-4.738152, -4.73794
-4.755114, -4.693447
-4.783868, -4.619477
-4.813408, -4.54582
-4.843732, -4.472474
-4.874833, -4.399458
-4.906705, -4.32678
-4.939353, -4.254439
-4.972771, -4.182456
-5.006955, -4.110829
-5.041896, -4.039572
-5.077593, -3.968693
-5.114046, -3.898198
-5.151243, -3.828091
-5.189186, -3.758388
-5.22787, -3.68909
-5.267289, -3.620209
-5.307445, -3.551751
-5.348328, -3.483731
-5.389932, -3.416143
-5.432258, -3.349007
-5.475295, -3.282327
-5.519041, -3.216109
-5.563493, -3.150365
-5.608647, -3.085094
-5.654494, -3.020313
-5.701039, -2.956027
-5.74827, -2.892245
-5.796183, -2.828972
-5.844774, -2.766219
-5.894032, -2.703992
-5.943959, -2.642299
-5.99455, -2.581148
-6.045799, -2.52055
-6.097703, -2.460509
-6.150262, -2.401039
-6.203464, -2.342143
-6.25731, -2.283837
-6.311797, -2.226131
-6.366933, -2.169045
-6.422731, -2.112607
-6.45652, -2.079049
-6.456521, -2.079049
-6.456521, -2.079049
-6.456521, -2.079049
-6.456521, -2.079049
-6.456521, -2.079049
-6.456521, -2.079049
-6.456521, -2.079049
-6.456521, -2.079049
-6.456522, -2.07905
-6.456524, -2.079051
-6.456522, -2.07905
-6.456523, -2.079051
-6.456522, -2.07905
-6.456522, -2.07905
-6.456522, -2.07905
-6.456523, -2.079051
-6.456522, -2.079051
-6.456522, -2.07905
-6.456522, -2.07905
-6.456523, -2.07905
-6.456522, -2.07905
-6.456522, -2.07905
-6.456523, -2.07905
-6.456521, -2.07905
-6.456522, -2.07905
-6.456522, -2.07905
-6.456523, -2.079051
-6.456522, -2.07905
-6.45652, -2.07905
-6.456521, -2.07905
-6.456521, -2.07905
-6.456522, -2.079051
-6.456522, -2.07905
-6.456522, -2.07905
-6.456522, -2.07905
-6.456522, -2.07905
-6.456522, -2.07905
-6.423576, -2.114573
-6.368674, -2.173783
-6.31377, -2.232991
-6.258863, -2.292199
-6.203959, -2.351403
-6.149054, -2.410609
-6.094148, -2.469814
-6.039238, -2.52902
-5.984338, -2.588228
-5.929435, -2.647437
-5.874526, -2.706642
-5.81962, -2.765847
-5.764714, -2.825052
-5.709809, -2.884259
-5.654901, -2.943466
-5.599999, -3.002673
-5.545093, -3.06188
-5.490185, -3.121085
-5.435277, -3.180293
-5.380368, -3.239501
-5.325463, -3.298713
-5.270557, -3.357922
-5.215656, -3.417136
-5.159521, -3.477678
-5.09297, -3.549493
-5.024127, -3.623919
-4.955346, -3.698406
-4.886643, -3.772964
-4.818012, -3.847587
-4.749453, -3.922279
-4.68097, -3.99704
-4.612561, -4.071869
-4.54422, -4.146761
-4.475957, -4.221723
-4.407765, -4.29675
-4.339641, -4.371837
-4.271585, -4.446986
-4.203611, -4.522213
-4.135707, -4.597501
-4.067878, -4.67286
-4.000114, -4.748273
-3.932422, -4.823762
-3.864798, -4.899315
-3.797253, -4.974939
-3.729773, -5.050625
-3.662373, -5.126378
-3.595057, -5.202207
-3.527809, -5.278099
-3.460634, -5.354051
-3.393533, -5.430065
-3.326501, -5.506147
-3.259538, -5.582288
-3.192653, -5.658494
-3.12584, -5.734769
-3.059105, -5.811113
-2.992441, -5.887515
-2.925852, -5.96398
-2.85934, -6.040519
-2.792906, -6.117126
-2.726542, -6.193791
-2.660256, -6.270521
-2.594039, -6.347308
-2.5279, -6.424165
-2.461835, -6.501092
-2.395849, -6.578084
-2.329937, -6.655141
-2.264104, -6.73226
-2.224648, -6.778571
-2.224648, -6.778571
-2.224648, -6.778571
-2.224647, -6.778571
-2.224647, -6.778571
-2.224649, -6.778571
-2.224647, -6.778571
-2.224648, -6.778571
-2.224649, -6.778571
-2.224648, -6.778571
-2.224648, -6.778571
-2.224648, -6.778571
-2.224648, -6.778571
-2.224649, -6.778572
-2.224648, -6.778571
-2.224648, -6.778571
-2.224649, -6.778572
-2.224648, -6.778571
-2.224648, -6.778571
-2.224647, -6.77857
-2.224648, -6.778571
-2.224648, -6.77857
-2.224648, -6.778571
-2.239453, -6.733311
-2.264643, -6.658044
-2.284197, -6.597652
-2.307372, -6.521752
-2.331292, -6.446085
-2.356008, -6.370679
-2.381524, -6.295535
-2.407835, -6.220667
-2.43494, -6.146082
-2.462834, -6.071789
-2.491515, -5.997792
-2.520981, -5.924105
-2.551227, -5.850737
-2.582249, -5.777695
-2.614043, -5.704987
-2.646609, -5.632617
-2.679938, -5.560599
-2.714031, -5.48894
-2.748881, -5.41765
-2.784489, -5.346733
-2.820851, -5.276191
-2.857966, -5.206031
-2.895828, -5.136268
-2.934423, -5.066911
-2.97375, -4.997967
-3.013807, -4.929445
-3.054594, -4.861353
-3.096103, -4.7937
-3.138327, -4.726491
-3.181264, -4.659733
-3.224907, -4.593435
-3.272129, -4.523232
-3.321845, -4.450501
-3.372059, -4.378113
-3.422771, -4.306073
-3.473981, -4.234382
-3.525681, -4.163052
-3.577873, -4.092078
-3.630555, -4.021468
-3.683726, -3.951225
-3.737379, -3.881348
-3.791513, -3.811848
-3.846126, -3.742724
-3.901215, -3.673976
-3.956789, -3.605603
-4.012832, -3.537617
-4.069348, -3.470017
-4.126327, -3.402809
-4.183773, -3.335998
-4.241683, -3.26959
-4.300051, -3.20358
-4.358877, -3.137977
-4.418152, -3.072783
-4.477874, -3.008001
-4.538044, -2.943637
-4.598662, -2.87969
-4.65972, -2.816168
-4.721218, -2.753072
-4.783154, -2.690401
-4.845524, -2.628163
-4.908324, -2.566363
-4.97155, -2.505002
-5.035203, -2.444086
-5.099277, -2.383613
-5.163772, -2.323586
-5.22868, -2.264015
-5.294003, -2.204901
-5.359737, -2.146245
-5.425881, -2.088052
-5.476413, -2.044122
-5.479079, -2.041817
-5.479077, -2.041817
-5.479078, -2.041816
-5.479078, -2.041816
-5.479079, -2.041816
-5.479079, -2.041816
-5.479079, -2.041817
-5.479078, -2.041817
-5.479078, -2.041816
-5.479077, -2.041816
-5.479077, -2.041816
-5.479079, -2.041817
-5.479079, -2.041816
-5.479077, -2.041816
-5.479078, -2.041816
-5.479079, -2.041817
-5.479079, -2.041816
-5.479078, -2.041816
-5.479078, -2.041817
-5.47908, -2.041816
-5.479079, -2.041816
-5.479079, -2.041816
-5.479079, -2.041816
-5.471162, -2.066296
-5.439504, -2.164202
-5.406513, -2.266183
-5.373511, -2.368167
-5.340539, -2.470143
-5.307576, -2.572121
-5.274584, -2.674101
-5.2495, -2.751611
-5.24818, -2.75569
-5.24818, -2.75569
-5.24818, -2.75569
-5.24818, -2.75569
-5.24818, -2.75569
-5.24818, -2.75569
-5.23873, -2.756863
-5.169397, -2.765234
-5.09068, -2.775322
-5.012076, -2.786243
-4.93359, -2.798004
-4.855229, -2.810603
-4.777013, -2.824034
-4.698946, -2.838289
-4.621034, -2.853372
-4.543285, -2.86928
-4.465705, -2.886012
-4.388306, -2.903574
-4.311097, -2.92196
-4.234096, -2.941163
-4.1573, -2.961184
-4.08072, -2.982011
-4.004365, -3.003643
-3.928245, -3.026097
-3.852369, -3.049368
-3.776745, -3.073436
-3.701377, -3.098306
-3.626277, -3.123973
-3.551462, -3.150439
-3.476932, -3.177704
-3.402691, -3.205763
-3.328755, -3.234607
-3.255128, -3.264225
-3.181826, -3.294627
-3.108845, -3.325816
-3.036202, -3.357777
-2.963906, -3.390507
-2.891959, -3.424012
-2.820374, -3.458284
-2.749156, -3.493313
-2.678322, -3.529097
-2.607871, -3.565639
-2.537815, -3.602929
-2.468161, -3.640957
-2.398912, -3.679738
-2.330087, -3.719255
-2.261685, -3.759502
-2.193715, -3.800478
-2.126189, -3.842176
-2.061779, -3.882881
-2.045732, -3.893143
-2.045732, -3.893143
-2.045732, -3.893142
-2.045733, -3.893142
-2.045733, -3.893143
-2.045732, -3.893143
-2.045733, -3.893143
-2.045732, -3.893143
-2.045733, -3.893143
-2.045733, -3.893143
-2.045733, -3.893143
-2.045733, -3.893143
-2.045732, -3.893143
-2.045733, -3.893143
-2.045732, -3.893142
-2.045732, -3.893143
-2.045733, -3.893143
-2.045733, -3.893143
-2.045732, -3.893142
-2.045732, -3.893143
-2.045733, -3.893143
-2.045733, -3.893142
-2.045732, -3.893143
-2.045733, -3.893143
-2.045733, -3.893142
-2.071139, -3.8992
-2.172767, -3.923426
-2.278631, -3.94866
-2.384494, -3.973894
-2.490358, -3.999121
-2.596221, -4.02435
-2.702084, -4.049582
-2.807947, -4.074815
-2.913811, -4.100049
-3.019908, -4.12541
-3.125691, -4.1516
-3.229861, -4.178956
-3.333632, -4.207797
-3.436974, -4.23813
-3.53986, -4.269974
-3.64226, -4.30336
-3.719742, -4.329763
-3.723812, -4.331179
-3.723812, -4.331179
-3.723812, -4.331179
-3.723812, -4.331179
-3.723812, -4.331179
-3.723812, -4.331179
-3.723812, -4.331179
-3.723812, -4.331179
-3.723812, -4.331179
-3.723812, -4.331179
-3.723812, -4.331179
-3.723812, -4.331179
-3.723812, -4.331179
-3.723812, -4.331179
-3.723812, -4.331179
-3.723812, -4.331179
-3.723812, -4.331179
-3.721169, -4.329421
-3.67092, -4.296057
-3.605109, -4.251703
-3.539772, -4.206649
-3.47492, -4.160894
-3.410561, -4.114453
-3.346709, -4.067325
-3.28336, -4.019514
-3.220527, -3.971029
-3.158219, -3.921874
-3.096445, -3.872048
-3.035213, -3.82156
-2.97453, -3.770411
-2.914397, -3.718614
-2.854828, -3.666171
-2.795837, -3.61308
-2.737422, -3.559354
-2.679596, -3.504992
-2.622379, -3.449991
-2.565782, -3.394356
-2.509819, -3.338083
-2.467706, -3.294901
-2.465501, -3.292619
-2.4655, -3.292619
-2.4655, -3.292619
-2.4655, -3.292619
-2.465501, -3.292619
-2.465501, -3.292619
-2.4655, -3.292618
-2.465502, -3.292619
-2.465501, -3.292618
-2.4655, -3.292618
-2.4655, -3.292619
-2.4655, -3.292618
-2.465501, -3.29262
-2.4655, -3.292618
-2.465501, -3.292619
-2.465501, -3.292619
-2.4655, -3.292619
-2.465501, -3.292619
-2.465501, -3.292619
-2.4655, -3.292619
-2.465501, -3.292619
-2.465502, -3.292619
-2.46999, -3.30102
-2.487865, -3.334668
-2.487866, -3.334668
-2.487866, -3.334668
-2.487866, -3.334668
-2.487866, -3.334668
-2.487866, -3.334668
-2.487866, -3.334668
-2.461933, -3.374609
-2.419152, -3.441465
-2.377078, -3.508762
-2.335726, -3.576497
-2.295102, -3.644668
-2.255207, -3.713273
-2.216037, -3.782297
-2.177599, -3.851731
-2.139901, -3.921571
-2.102947, -3.991812
-2.066735, -4.062442
-2.045338, -4.104983
-2.045338, -4.104984
-2.045338, -4.104985
-2.045338, -4.104983
-2.045339, -4.104984
-2.045338, -4.104984
-2.045339, -4.104983
-2.045338, -4.104983
-2.045338, -4.104984
-2.045338, -4.104983
-2.045338, -4.104984
-2.045338, -4.104983
-2.045339, -4.104983
-2.045337, -4.104984
-2.045339, -4.104983
-2.045338, -4.104983
-2.045338, -4.104983
-2.045338, -4.104983
-2.045338, -4.104983
-2.045338, -4.104984
-2.045338, -4.104983
-2.045338, -4.104983
-2.045338, -4.104984
-2.045338, -4.104985
-2.045339, -4.104984
-2.045338, -4.104983
-2.045338, -4.104983
-2.045338, -4.104984
-2.045339, -4.104983
-2.045338, -4.104983
-2.045338, -4.104983
-2.045338, -4.104984
-2.045338, -4.104984
-2.045338, -4.104985
-2.045338, -4.104985
-2.045338, -4.104985
-2.045338, -4.104985
-2.051682, -4.112088
-2.097953, -4.164402
-2.150859, -4.223559
-2.204273, -4.282267
-2.258187, -4.340519
-2.312604, -4.398299
-2.367516, -4.455611
-2.422917, -4.51245
-2.478803, -4.568816
-2.535176, -4.624682
-2.592026, -4.680059
-2.649353, -4.734949
-2.707153, -4.789346
-2.765416, -4.843248
-2.824142, -4.896645
-2.883326, -4.949527
-2.942961, -5.001899
-3.003048, -5.053754
-3.063581, -5.105091
-3.124553, -5.155914
-3.185959, -5.206203
-3.247797, -5.255942
-3.310062, -5.305151
-3.372751, -5.353826
-3.435861, -5.401955
-3.49938, -5.449529
-3.563313, -5.496554
-3.627649, -5.543029
-3.692387, -5.58894
-3.757522, -5.634289
-3.823046, -5.679071
-3.888958, -5.723278
-3.955253, -5.76691
-4.021926, -5.809966
-4.088973, -5.852437
-4.156389, -5.894317
-4.224173, -5.935603
-4.292316, -5.976293
-4.360816, -6.016376
-4.429673, -6.055851
-4.498883, -6.094699
-4.56845, -6.132899
-4.63838, -6.170424
-4.666445, -6.18526
-4.666445, -6.18526
-4.669898, -6.185409
-4.735519, -6.187733
-4.821867, -6.190591
-4.908217, -6.19345
-4.994571, -6.196299
-5.080925, -6.199109
-5.167279, -6.201913
-5.253634, -6.204702
-5.339985, -6.207471
-5.426338, -6.210219
-5.512693, -6.212952
-5.599051, -6.215682
-5.685404, -6.218372
-5.771759, -6.221062
-5.858118, -6.22373
-5.944475, -6.22639
-6.030831, -6.229022
-6.117189, -6.231626
-6.203548, -6.234233
-6.289911, -6.236824
-6.37627, -6.239373
-6.462632, -6.241911
-6.538631, -6.244125
-6.548995, -6.244429
-6.548995, -6.244427
-6.548995, -6.244428
-6.548996, -6.244428
-6.548996, -6.244429
-6.548995, -6.244428
-6.548996, -6.244428
-6.548995, -6.244428
-6.548995, -6.244428
-6.548995, -6.244428
-6.548995, -6.244428
-6.548995, -6.244428
-6.548994, -6.244428
-6.548995, -6.244428
-6.548995, -6.244428
-6.548995, -6.244428
-6.548996, -6.244428
-6.548995, -6.244428
-6.548995, -6.244427
-6.548995, -6.244428
-6.548996, -6.244428
-6.548995, -6.244427
-6.548996, -6.244428
-6.548995, -6.244428
-6.548995, -6.244427
-6.548995, -6.244428
-6.548995, -6.244429
-6.548995, -6.244429
-6.547143, -6.241842
-6.512111, -6.192584
-6.466531, -6.127402
-6.421651, -6.061749
-6.377468, -5.995623
-6.333999, -5.929018
-6.291039, -5.862203
-6.247807, -5.795646
-6.203996, -5.72947
-6.159617, -5.663676
-6.114674, -5.598266
-6.069168, -5.533244
-6.023108, -5.468609
-5.976492, -5.404378
-5.929328, -5.340554
-5.881612, -5.27714
-5.833352, -5.214139
-5.784556, -5.151549
-5.735224, -5.089382
-5.685349, -5.027647
-5.64711, -4.981002
-5.645089, -4.978554
-5.645089, -4.978554
-5.645089, -4.978553
-5.64509, -4.978554
-5.645089, -4.978554
-5.645089, -4.978554
-5.645089, -4.978553
-5.645089, -4.978554
-5.64509, -4.978554
-5.645089, -4.978554
-5.645089, -4.978553
-5.64509, -4.978553
-5.645089, -4.978555
-5.645089, -4.978555
-5.645089, -4.978555
-5.645089, -4.978553
-5.645089, -4.978555
-5.645089, -4.978555
-5.645089, -4.978555
-5.645089, -4.978554
-5.64509, -4.978554
-5.64509, -4.978555
-5.64509, -4.978554
-5.645089, -4.978554
-5.645089, -4.978554
-5.645089, -4.978555
-5.645089, -4.978554
-5.645089, -4.978553
-5.645089, -4.978554
-5.64509, -4.978554
-5.64509, -4.978555
-5.645091, -4.978555
-5.64509, -4.978554
-5.64509, -4.978555
-5.64509, -4.978554
-5.645089, -4.978554
-5.645089, -4.978555
-5.615889, -4.963479
-5.542894, -4.925772
-5.469902, -4.888068
-5.396909, -4.850361
-5.323916, -4.812649
-5.250928, -4.774935
-5.177933, -4.737228
-5.104942, -4.699516
-5.031945, -4.661809
-4.958956, -4.624097
-4.885962, -4.586392
-4.812972, -4.54868
-4.73998, -4.510975
-4.666988, -4.473266
-4.593996, -4.435549
-4.520999, -4.397843
-4.448004, -4.360135
-4.375017, -4.322414
-4.302032, -4.284695
-4.229048, -4.246976
-4.156055, -4.209265
-4.083061, -4.171558
-4.010068, -4.13385
-3.937088, -4.096121
-3.864097, -4.05841
-3.791105, -4.020701
-3.718111, -3.982991
-3.645125, -3.945267
-3.572142, -3.907545
-3.49915, -3.869834
-3.427726, -3.832746
-3.35763, -3.795535
-3.287978, -3.757492
-3.260232, -3.742066
-3.260232, -3.742066
-3.260232, -3.742066
-3.260232, -3.742066
-3.260232, -3.742066
-3.260232, -3.742066
-3.260232, -3.742066
-3.260232, -3.742066
-3.260232, -3.742066
-3.260232, -3.742066
-3.260232, -3.742066
-3.26684, -3.735208
-3.315766, -3.685374
-3.371965, -3.629344
-3.428765, -3.57391
-3.486151, -3.519084
-3.544116, -3.464867
-3.602654, -3.411274
-3.66176, -3.358312
-3.721426, -3.305985
-3.781651, -3.254292
-3.842427, -3.203246
-3.903741, -3.152848
-3.965585, -3.103115
-4.027963, -3.05404
-4.090864, -3.005639
-4.154277, -2.957913
-4.218194, -2.910871
-4.282612, -2.864508
-4.347524, -2.818834
-4.412916, -2.773865
-4.478791, -2.7296
-4.545141, -2.686041
-4.611951, -2.643205
-4.67922, -2.601087
-4.746938, -2.5597
-4.815101, -2.519049
-4.883698, -2.47914
-4.952727, -2.439976
-5.022181, -2.401572
-5.09205, -2.363934
-5.162334, -2.327075
-5.233033, -2.291016
-5.287026, -2.264133
-5.289874, -2.262731
-5.289874, -2.262731
-5.289874, -2.262731
-5.289874, -2.262732
-5.289873, -2.262731
-5.289874, -2.262731
-5.289874, -2.262731
-5.289874, -2.262731
-5.289874, -2.262731
-5.289874, -2.26273
-5.289874, -2.262731
-5.289875, -2.262731
-5.289874, -2.262731
-5.289875, -2.262731
-5.289874, -2.262731
-5.289875, -2.262731
-5.289875, -2.26273
-5.289874, -2.262732
-5.289874, -2.262731
-5.289875, -2.262731
-5.289874, -2.26273
-5.289873, -2.262729
-5.282182, -2.268343
-5.241271, -2.298443
-5.238719, -2.300332
-5.238719, -2.300332
-5.238719, -2.300332
-5.238719, -2.300332
-5.238719, -2.300332
-5.238719, -2.300332
-5.238719, -2.300332
-5.248179, -2.330636
-5.27218, -2.406289
-5.29599, -2.482001
-5.319552, -2.557792
-5.342865, -2.63366
-5.365933, -2.709606
-5.388751, -2.785627
-5.411315, -2.861724
-5.433627, -2.937892
-5.455693, -3.01413
-5.477507, -3.090439
-5.499075, -3.166823
-5.520392, -3.243279
-5.541457, -3.3198
-5.562269, -3.396389
-5.582827, -3.473048
-5.603137, -3.549772
-5.622402, -3.623483
-5.627189, -3.641921
-5.627188, -3.64192
-5.627188, -3.641921
-5.627187, -3.641919
-5.627188, -3.64192
-5.627188, -3.64192
-5.627187, -3.64192
-5.627187, -3.641921
-5.627187, -3.64192
-5.627187, -3.64192
-5.627188, -3.641919
-5.627187, -3.641921
-5.627189, -3.64192
-5.627188, -3.641919
-5.627188, -3.64192
-5.627187, -3.641919
-5.627187, -3.64192
-5.627187, -3.641921
-5.627188, -3.641919
-5.627186, -3.64192
-5.627188, -3.64192
-5.627188, -3.64192
-5.627187, -3.641919
-5.627189, -3.641921
-5.627189, -3.641919
-5.627189, -3.641921
-5.627187, -3.641919
-5.627188, -3.64192
-5.627187, -3.641921
-5.627187, -3.641919
-5.627187, -3.641919
-5.627188, -3.641919
-5.627187, -3.641919
-5.587885, -3.675988
-5.522392, -3.732784
-5.456897, -3.789582
-5.391399, -3.846371
-5.325913, -3.903163
-5.260415, -3.959958
-5.194917, -4.016754
-5.129421, -4.073552
-5.063914, -4.130336
-4.998415, -4.187129
-4.932908, -4.243912
-4.867397, -4.300692
-4.801893, -4.35748
-4.736386, -4.414268
-4.670892, -4.471071
-4.605399, -4.527873
-4.539891, -4.58466
-4.474394, -4.641451
-4.408883, -4.698224
-4.343376, -4.75501
-4.277862, -4.811787
-4.212349, -4.868568
-4.146843, -4.925358
-4.081325, -4.982137
-4.015807, -5.038915
-3.950296, -5.095692
-3.884776, -5.152463
-3.819231, -5.20921
-3.761548, -5.25915
-3.753684, -5.26596
-3.753684, -5.26596
-3.753684, -5.26596
-3.753684, -5.26596
-3.753684, -5.26596
-3.753684, -5.26596
-3.753684, -5.26596
-3.753684, -5.26596
-3.753684, -5.26596
-3.753684, -5.26596
-3.753684, -5.26596
-3.753684, -5.26596
-3.753684, -5.26596
-3.753684, -5.26596
-3.753684, -5.26596
-3.801302, -5.266481
-3.880662, -5.267868
-3.959998, -5.270094
-4.039305, -5.273169
-4.118574, -5.277083
-4.19968, -5.281951
-4.295491, -5.288489
-4.401665, -5.296371
-4.508264, -5.304976
-4.6148, -5.314291
-4.721273, -5.324317
-4.82768, -5.335046
-4.934011, -5.34648
-5.040262, -5.358617
-5.14643, -5.371451
-5.252512, -5.384983
-5.358503, -5.399222
-5.464402, -5.41418
-5.570201, -5.429831
-5.675893, -5.44618
-5.781472, -5.463234
-5.886939, -5.480994
-5.992285, -5.499452
-6.097503, -5.518594
-6.202599, -5.538445
-6.307552, -5.558982
-6.412373, -5.580227
-6.517054, -5.602171
-6.55889, -5.611114
-6.558891, -5.611115
-6.55889, -5.611114
-6.55889, -5.611115
-6.558889, -5.611114
-6.55889, -5.611114
-6.558889, -5.611114
-6.55889, -5.611114
-6.55889, -5.611115
-6.558888, -5.611112
-6.558889, -5.611113
-6.55889, -5.611114
-6.558889, -5.611114
-6.558887, -5.611113
-6.558888, -5.611113
-6.558887, -5.611112
-6.558888, -5.611112
-6.558887, -5.611111
-6.558888, -5.611113
-6.558888, -5.611112
-6.55889, -5.611112
-6.558888, -5.611114
-6.55889, -5.611115
-6.55889, -5.611115
-6.55889, -5.611115
-6.55889, -5.611115
-6.530451, -5.596655
-6.459359, -5.560504
-6.388268, -5.524352
-6.317176, -5.488199
-6.246084, -5.452046
-6.174993, -5.415894
-6.103901, -5.379741
-6.032809, -5.343589
-5.961717, -5.307437
-5.890621, -5.271297
-5.819518, -5.235175
-5.74842, -5.199038
-5.677328, -5.162887
-5.606235, -5.126735
-5.535143, -5.090583
-5.464051, -5.054432
-5.392956, -5.018287
-5.32186, -4.982146
-5.250758, -4.946021
-5.179661, -4.909881
-5.108567, -4.873734
-5.037474, -4.837584
-4.966381, -4.801434
-4.895285, -4.765292
-4.824179, -4.729176
-4.795737, -4.714729
-4.795737, -4.714729
-4.795737, -4.714729
-4.795737, -4.714729
-4.795737, -4.714729
-4.795737, -4.714729
-4.795737, -4.714729
-4.796131, -4.711579
-4.803964, -4.651772
-4.814956, -4.573171
-4.826781, -4.494693
-4.839437, -4.416345
-4.852921, -4.338138
-4.867239, -4.260079
-4.882389, -4.18218
-4.898366, -4.104445
-4.915163, -4.026887
-4.932778, -3.949509
-4.951213, -3.872324
-4.970461, -3.795335
-4.990533, -3.718556
-5.011432, -3.641986
-5.033141, -3.56564
-5.055657, -3.489529
-5.078974, -3.413663
-5.103095, -3.338046
-5.128021, -3.262693
-5.153752, -3.187614
-5.180279, -3.11281
-5.207594, -3.038291
-5.235696, -2.964067
-5.264594, -2.890151
-5.294279, -2.816547
-5.324741, -2.743263
-5.355974, -2.670303
-5.387978, -2.597683
-5.420756, -2.525412
-5.454307, -2.453495
-5.488616, -2.381939
-5.523679, -2.31075
-5.559505, -2.239939
-5.596091, -2.169508
-5.633422, -2.099462
-5.662266, -2.046481
-5.663796, -2.043699
-5.663795, -2.043699
-5.663796, -2.043699
-5.663797, -2.0437
-5.663796, -2.043699
-5.663798, -2.0437
-5.663796, -2.043699
-5.663796, -2.043699
-5.663795, -2.0437
-5.663796, -2.0437
-5.663795, -2.043698
-5.663798, -2.0437
-5.663798, -2.0437
-5.663797, -2.0437
-5.663797, -2.0437
-5.663797, -2.0437
-5.663797, -2.0437
-5.663799, -2.0437
-5.663796, -2.0437
-5.663796, -2.043699
-5.663798, -2.0437
-5.6638, -2.0437
-5.6638, -2.0437
-5.6638, -2.0437
-5.6638, -2.0437
-5.6638, -2.0437
-5.6638, -2.0437
-5.6638, -2.0437
-5.656271, -2.065999
-5.626147, -2.155187
-5.594778, -2.248096
-5.563406, -2.341003
-5.532036, -2.433911
-5.500674, -2.526823
-5.469301, -2.619733
-5.43793, -2.71264
-5.406558, -2.805548
-5.375185, -2.898455
-5.34382, -2.991366
-5.312459, -3.084279
-5.28109, -3.177189
-5.249726, -3.270101
-5.218354, -3.363008
-5.186984, -3.455916
-5.15562, -3.548827
-5.124251, -3.641736
-5.092885, -3.734647
-5.061514, -3.827554
-5.030159, -3.920467
-4.998804, -4.013386
-4.967449, -4.106307
-4.936096, -4.199224
-4.904742, -4.292143
-4.873389, -4.38506
-4.842022, -4.477977
-4.810658, -4.570894
-4.77931, -4.663812
-4.751742, -4.745574
-4.747983, -4.756723
-4.747983, -4.756723
-4.747983, -4.756723
-4.747983, -4.756723
-4.747983, -4.756723
-4.747983, -4.756723
-4.747983, -4.756723
-4.747983, -4.756723
-4.787693, -4.783015
-4.853599, -4.827245
-4.919058, -4.872135
-4.984065, -4.917684
-5.048602, -4.963887
-5.11267, -5.010742
-5.176264, -5.058249
-5.239375, -5.106391
-5.301995, -5.155168
-5.364125, -5.204569
-5.425747, -5.254597
-5.486858, -5.305256
-5.547449, -5.356524
-5.607533, -5.408402
-5.667086, -5.460881
-5.726105, -5.513962
-5.784579, -5.567633
-5.842515, -5.621907
-5.899888, -5.676757
-5.956712, -5.732176
-6.012979, -5.78817
-6.068671, -5.844743
-6.123781, -5.901866
-6.178316, -5.959546
-6.232265, -6.01777
-6.285618, -6.076537
-6.338367, -6.135839
-6.390521, -6.195683
-6.442071, -6.256042
-6.493007, -6.316926
-6.543315, -6.378323
-6.592997, -6.440217
-6.642045, -6.502607
-6.690459, -6.565497
-6.738231, -6.628875
-6.78537, -6.692738
-6.831852, -6.757079
-6.877681, -6.821889
-6.922845, -6.887156
-6.956749, -6.93705
-6.958522, -6.939685
-6.958522, -6.939683
-6.958523, -6.939683
-6.958525, -6.939685
-6.958522, -6.939684
-6.958524, -6.939685
-6.958522, -6.939684
-6.958522, -6.939684
-6.958521, -6.939683
-6.958522, -6.939683
-6.958523, -6.939684
-6.958522, -6.939684
-6.958524, -6.939683
-6.958522, -6.939683
-6.958523, -6.939684
-6.958523, -6.939684
-6.958522, -6.939684
-6.958523, -6.939684
-6.958523, -6.939683
-6.958522, -6.939683
-6.95852, -6.939683
-6.95852, -6.939683
-6.958522, -6.939683
-6.958522, -6.939683
-6.958522, -6.939683
-6.958522, -6.939683
-6.958522, -6.939683
-6.958522, -6.939683
-6.958522, -6.939683
-6.958522, -6.939683
-6.958522, -6.939683
-6.958522, -6.939683
-6.958522, -6.939683
-6.958522, -6.939683
-6.958522, -6.939683
-6.958522, -6.939683
-6.958522, -6.939683
-6.958522, -6.939683
-6.958522, -6.939683
-6.907152, -6.903909
-6.821534, -6.844287
-6.735914, -6.784667
-6.650294, -6.725047
-6.564679, -6.665421
-6.479065, -6.605792
-6.393445, -6.546173
-6.30783, -6.486547
-6.222214, -6.426921
-6.136599, -6.367295
-6.050969, -6.307691
-5.965354, -6.248063
-5.87974, -6.188435
-5.794117, -6.12882
-5.708498, -6.069198
-5.622884, -6.00957
-5.537266, -5.949949
-5.451631, -5.890351
-5.365996, -5.830755
-5.280365, -5.771153
-5.246103, -5.747326
-5.246103, -5.747326
-5.246103, -5.747326
-5.246103, -5.747326
-5.246103, -5.747326
-5.246103, -5.747326
-5.246103, -5.747326
-5.246103, -5.747326
-5.246103, -5.747326
-5.246103, -5.747326
-5.246103, -5.747326
-5.246103, -5.747326
-5.246103, -5.747326
-5.246103, -5.747326
-5.246103, -5.747326
-5.246103, -5.747326
-5.246103, -5.747326
-5.251417, -5.75523
-5.291021, -5.812763
-5.336742, -5.877644
-5.383155, -5.942022
-5.430249, -6.005908
-5.478019, -6.069291
-5.52646, -6.132156
-5.575569, -6.194494
-5.625336, -6.256309
-5.675757, -6.317593
-5.726842, -6.378332
-5.778567, -6.438527
-5.830929, -6.498174
-5.883927, -6.557256
-5.937543, -6.615764
-5.991782, -6.673696
-6.046643, -6.731042
-6.10211, -6.787809
-6.135657, -6.821608
-6.135657, -6.821607
-6.135656, -6.821607
-6.135656, -6.821608
-6.135656, -6.821608
-6.135657, -6.821607
-6.135658, -6.821607
-6.135657, -6.821607
-6.135657, -6.821607
-6.135658, -6.821608
-6.135658, -6.821607
-6.135658, -6.821607
-6.135657, -6.821608
-6.135658, -6.821608
-6.135658, -6.821608
-6.135657, -6.821607
-6.135657, -6.821608
-6.135657, -6.821607
-6.135657, -6.821607
-6.135658, -6.821607
-6.135657, -6.821607
-6.135657, -6.821607
-6.135657, -6.821608
-6.135657, -6.821608
-6.133762, -6.817963
-6.098117, -6.748538
-6.051351, -6.657113
-6.004571, -6.565698
-5.957794, -6.47428
-5.911025, -6.38286
-5.864269, -6.291434
-5.817506, -6.20001
-5.770728, -6.108589
-5.723967, -6.017169
-5.677216, -5.925746
-5.630441, -5.834325
-5.583654, -5.742908
-5.536866, -5.651491
-5.490109, -5.560067
-5.442089, -5.46647
-5.390236, -5.367583
-5.334964, -5.265934
-5.300995, -5.205389
-5.300994, -5.20539
-5.300994, -5.20539
-5.300994, -5.20539
-5.300994, -5.20539
-5.300994, -5.20539
-5.300994, -5.20539
-5.300994, -5.20539
-5.300994, -5.20539
-5.300994, -5.20539
-5.283193, -5.21626
-5.21192, -5.259636
-5.137515, -5.304541
-5.062927, -5.349147
-4.988155, -5.393448
-4.913207, -5.437439
-4.838075, -5.481116
-4.762767, -5.524482
-4.687288, -5.567542
-4.611634, -5.610301
-4.535808, -5.652748
-4.459803, -5.694884
-4.383618, -5.736711
-4.307264, -5.778226
-4.230742, -5.819425
-4.154053, -5.860312
-4.077192, -5.900882
-4.000163, -5.941135
-3.922967, -5.981076
-3.845607, -6.020697
-3.768092, -6.059993
-3.690416, -6.098968
-3.612579, -6.137624
-3.534585, -6.175964
-3.456432, -6.213977
-3.378125, -6.251667
-3.299652, -6.289035
-3.221018, -6.326064
-3.142241, -6.362765
-3.063314, -6.399139
-2.987402, -6.433754
-2.968404, -6.442368
-2.968404, -6.442368
-2.968404, -6.442369
-2.968405, -6.442368
-2.968404, -6.442369
-2.968404, -6.442368
-2.968404, -6.442368
-2.968404, -6.442368
-2.968404, -6.442368
-2.968404, -6.442369
-2.968404, -6.442368
-2.968404, -6.442369
-2.968404, -6.44237
-2.968404, -6.442368
-2.968403, -6.442368
-2.968403, -6.442368
-2.968403, -6.442368
-2.968405, -6.442368
-2.968404, -6.442368
-2.968405, -6.442368
-2.968403, -6.442369
-2.968404, -6.442368
-2.968405, -6.442368
-2.968404, -6.442369
-2.968405, -6.442369
-2.968404, -6.442369
-2.968404, -6.442369
-2.968405, -6.442369
-2.982639, -6.459321
-3.039432, -6.527261
-3.098574, -6.598042
-3.157707, -6.668834
-3.214489, -6.736778
-3.228689, -6.75376
-3.228689, -6.75376
-3.228689, -6.75376
-3.228689, -6.75376
-3.229035, -6.785509
-3.23029, -6.864876
-3.232216, -6.941052
-3.232794, -6.960094
-3.232793, -6.960093
-3.232793, -6.960093
-3.232793, -6.960095
-3.232794, -6.960092
-3.232794, -6.960093
-3.232793, -6.960093
-3.232795, -6.960093
-3.232793, -6.960092
-3.232794, -6.960093
-3.232793, -6.960093
-3.232792, -6.960093
-3.232793, -6.960093
-3.232793, -6.960093
-3.232793, -6.960092
-3.232794, -6.960092
-3.232794, -6.960093
-3.232794, -6.960092
-3.232793, -6.960092
-3.232793, -6.960093
-3.232793, -6.960093
-3.232793, -6.960093
-3.232794, -6.960093
-3.232793, -6.960093
-3.232793, -6.960094
-3.232793, -6.960094
-3.232793, -6.960094
-3.232793, -6.960094
-3.232793, -6.960094
-3.232793, -6.960094
-3.232793, -6.960094
-3.232793, -6.960094
-3.232793, -6.960094
-3.232793, -6.960094
-3.232793, -6.960094
-3.232793, -6.960094
-3.232793, -6.960094
-3.232793, -6.960094
-3.232793, -6.960094
-3.232793, -6.960094
-3.247374, -6.929395
-3.283911, -6.852685
-3.320467, -6.775985
-3.357022, -6.699285
-3.393572, -6.62258
-3.43012, -6.545877
-3.466681, -6.469181
-3.503233, -6.392482
-3.53978, -6.315777
-3.576327, -6.239071
-3.612877, -6.162367
-3.649428, -6.085665
-3.685974, -6.008959
-3.722521, -5.932253
-3.759067, -5.855548
-3.795614, -5.778842
-3.832164, -5.702139
-3.868713, -5.625435
-3.905258, -5.548729
-3.941806, -5.472024
-3.978357, -5.395321
-4.01491, -5.31862
-4.051455, -5.241913
-4.088, -5.165207
-4.124547, -5.088502
-4.161098, -5.011799
-4.197638, -4.935092
-4.234181, -4.858386
-4.270728, -4.78168
-4.307272, -4.704975
-4.343816, -4.628269
-4.38036, -4.551562
-4.416908, -4.474858
-4.453459, -4.398163
-4.489994, -4.321461
-4.526535, -4.244762
-4.563089, -4.168071
-4.599635, -4.091375
-4.636171, -4.014667
-4.672714, -3.937961
-4.709255, -3.861254
-4.745794, -3.784553
-4.760407, -3.75387
-4.76845, -3.723159
-4.788889, -3.646466
-4.810111, -3.569988
-4.832143, -3.493736
-4.854981, -3.417724
-4.878625, -3.341962
-4.903071, -3.26646
-4.928316, -3.191225
-4.954357, -3.116259
-4.981195, -3.041572
-5.008826, -2.967174
-5.037251, -2.893066
-5.066459, -2.819264
-5.09645, -2.745788
-5.12722, -2.672639
-5.158757, -2.599815
-5.191062, -2.527332
-5.224149, -2.455193
-5.258005, -2.383402
-5.292624, -2.31198
-5.327998, -2.24094
-5.364121, -2.170279
-5.40099, -2.100004
-5.429479, -2.046842
-5.43099, -2.044051
-5.43099, -2.04405
-5.43099, -2.04405
-5.43099, -2.04405
-5.43099, -2.044051
-5.430991, -2.044051
-5.430991, -2.044051
-5.43099, -2.04405
-5.43099, -2.044051
-5.43099, -2.044051
-5.430989, -2.04405
-5.430991, -2.044051
-5.430991, -2.044051
-5.430991, -2.044051
-5.430991, -2.044051
-5.43099, -2.04405
-5.430991, -2.044051
-5.430991, -2.044051
-5.430991, -2.044051
-5.430991, -2.044051
-5.430991, -2.04405
-5.430994, -2.044052
-5.430994, -2.044052
-5.430994, -2.044052
-5.430994, -2.044052
-5.430994, -2.044052
-5.430994, -2.044052
-5.430994, -2.044052
-5.430994, -2.044052
-5.430994, -2.044052
-5.430994, -2.044052
-5.430994, -2.044052
-5.430994, -2.044052
-5.430994, -2.044052
-5.430994, -2.044052
-5.426024, -2.063803
-5.406141, -2.142809
-5.38544, -2.225105
-5.36476, -2.30741
-5.344077, -2.389711
-5.323389, -2.472006
-5.302703, -2.554305
-5.282007, -2.636598
-5.261313, -2.7189
-5.240605, -2.8012
-5.219898, -2.8835
-5.199178, -2.965793
-5.17848, -3.048091
-5.15779, -3.130391
-5.137078, -3.212689
-5.116354, -3.294986
-5.095636, -3.377283
-5.074912, -3.459575
-5.054199, -3.541871
-5.033488, -3.624174
-5.012776, -3.706468
-4.992054, -3.78876
-4.971361, -3.871063
-4.95068, -3.953367
-4.929965, -4.03566
-4.909245, -4.117956
-4.888535, -4.200255
-4.867827, -4.282556
-4.847117, -4.364854
-4.826398, -4.447152
-4.805715, -4.529233
-4.785745, -4.607408
-4.765307, -4.684087
-4.749168, -4.742201
-4.748303, -4.745255
-4.748303, -4.745255
-4.748303, -4.745255
-4.748303, -4.745255
-4.748303, -4.745255
-4.748303, -4.745255
-4.748303, -4.745255
-4.748303, -4.745255
-4.748303, -4.745255
-4.748303, -4.745255
-4.748303, -4.745255
-4.748303, -4.745255
-4.748303, -4.745255
-4.748303, -4.745255
-4.748303, -4.745255
-4.747327, -4.741965
-4.728936, -4.679404
-4.704459, -4.597174
-4.679471, -4.515098
-4.653976, -4.433178
-4.627963, -4.351422
-4.601439, -4.26983
-4.574399, -4.188405
-4.546857, -4.107154
-4.518815, -4.026078
-4.490257, -3.945171
-4.461194, -3.864445
-4.431616, -3.7839
-4.401535, -3.703546
-4.370942, -3.623378
-4.33985, -3.54341
-4.308266, -3.463634
-4.276174, -3.384064
-4.243582, -3.304708
-4.210485, -3.225559
-4.176885, -3.146614
-4.15103, -3.086748
-4.149661, -3.083601
-4.149662, -3.083602
-4.149663, -3.083602
-4.149663, -3.083601
-4.149662, -3.083601
-4.149661, -3.083601
-4.149663, -3.083602
-4.149662, -3.083603
-4.149662, -3.083601
-4.149663, -3.083601
-4.149661, -3.083602
-4.149663, -3.083601
-4.149662, -3.083602
-4.149662, -3.083601
-4.149662, -3.083601
-4.149663, -3.083601
-4.149662, -3.083601
-4.149662, -3.083601
-4.149662, -3.083601
-4.149661, -3.083601
-4.149662, -3.083601
-4.149663, -3.083601
-4.164197, -3.099535
-4.222336, -3.163268
-4.282898, -3.229656
-4.343462, -3.296039
-4.40403, -3.362407
-4.464569, -3.428799
-4.52512, -3.495183
-4.585689, -3.561558
-4.646239, -3.627942
-4.706794, -3.694328
-4.743134, -3.734148
-4.743134, -3.734148
-4.743134, -3.734148
-4.743134, -3.734148
-4.743134, -3.734148
-4.743134, -3.734148
-4.743134, -3.734148
-4.743134, -3.734148
-4.772192, -3.721363
-4.844671, -3.689028
-4.916816, -3.655947
-4.988605, -3.622097
-5.060016, -3.587487
-5.13105, -3.552119
-5.201719, -3.515992
-5.272006, -3.479118
-5.341895, -3.4415
-5.411381, -3.403146
-5.480458, -3.364057
-5.549108, -3.324231
-5.617325, -3.28368
-5.685111, -3.242414
-5.752456, -3.200429
-5.819359, -3.157725
-5.885803, -3.114308
-5.951771, -3.070185
-6.017266, -3.025367
-6.082285, -2.979857
-6.146819, -2.933662
-6.210856, -2.886781
-6.274384, -2.839221
-6.337401, -2.790976
-6.399908, -2.742067
-6.461899, -2.692498
-6.523356, -2.64228
-6.584259, -2.591409
-6.644625, -2.539893
-6.704443, -2.487725
-6.763709, -2.434924
-6.822401, -2.381494
-6.880515, -2.327447
-6.938056, -2.272789
-6.960931, -2.250777
-6.960932, -2.250777
-6.960931, -2.250777
-6.960931, -2.250777
-6.960931, -2.250778
-6.960931, -2.250777
-6.960931, -2.250777
-6.960931, -2.250777
-6.960931, -2.250777
-6.960931, -2.250777
-6.960931, -2.250777
-6.960931, -2.250777
-6.960931, -2.250776
-6.960931, -2.250777
-6.960931, -2.250778
-6.96093, -2.250777
-6.96093, -2.250776
-6.960932, -2.250777
-6.960931, -2.250779
-6.96093, -2.250777
-6.960931, -2.250778
-6.960935, -2.250778
-6.960935, -2.250778
-6.960935, -2.250778
-6.951996, -2.261226
-6.886445, -2.337846
-6.81195, -2.424909
-6.737456, -2.511966
-6.662959, -2.599019
-6.588465, -2.686074
-6.513977, -2.773143
-6.439486, -2.860209
-6.364991, -2.947266
-6.290497, -3.034322
-6.216006, -3.121381
-6.141509, -3.208441
-6.067005, -3.295483
-5.992517, -3.382537
-5.918004, -3.469571
-5.843508, -3.55663
-5.769017, -3.643692
-5.694505, -3.730727
-5.619994, -3.817761
-5.545481, -3.904803
-5.470977, -3.991854
-5.39649, -4.07891
-5.322017, -4.165978
-5.256462, -4.242594
-5.247523, -4.253044
-5.247523, -4.253044
-5.247523, -4.253044
-5.247523, -4.253044
-5.247523, -4.253044
-5.247523, -4.253044
-5.247523, -4.253044
-5.247523, -4.253044
-5.266798, -4.278273
-5.315183, -4.341189
-5.363229, -4.404361
-5.410887, -4.467833
-5.458144, -4.5316
-5.504999, -4.595657
-5.551455, -4.660004
-5.607631, -4.738868
-5.670044, -4.827569
-5.731919, -4.916649
-5.793251, -5.006104
-5.854039, -5.095931
-5.914275, -5.186133
-5.973965, -5.276702
-6.033103, -5.36763
-6.09169, -5.458919
-6.149707, -5.550555
-6.207168, -5.642541
-6.264069, -5.734879
-6.320401, -5.827575
-6.362854, -5.898235
-6.365079, -5.90196
-6.365082, -5.901962
-6.365082, -5.901963
-6.365081, -5.901961
-6.365082, -5.901961
-6.365083, -5.901962
-6.365082, -5.901962
-6.365083, -5.901961
-6.365081, -5.90196
-6.365081, -5.901962
-6.365084, -5.901962
-6.365083, -5.901963
-6.365083, -5.901962
-6.365081, -5.901962
-6.365082, -5.901962
-6.365082, -5.901962
-6.365081, -5.90196
-6.365083, -5.901962
-6.365082, -5.901961
-6.365082, -5.901962
-6.365083, -5.901961
-6.36508, -5.90196
-6.36508, -5.90196
-6.358055, -5.894846
-6.306484, -5.842744
-6.247872, -5.783557
-6.189259, -5.724377
-6.130646, -5.665198
-6.072023, -5.606022
-6.013412, -5.546846
-5.954801, -5.487669
-5.896192, -5.428491
-5.837581, -5.369318
-5.778973, -5.310138
-5.720363, -5.25096
-5.661749, -5.191782
-5.603124, -5.132587
-5.544494, -5.0734
-5.485862, -5.014214
-5.427232, -4.955027
-5.3686, -4.895849
-5.309978, -4.836667
-5.251371, -4.777472
-5.192758, -4.718277
-5.134151, -4.659077
-5.075533, -4.599871
-5.016909, -4.540666
-4.958282, -4.481461
-4.89965, -4.422256
-4.841017, -4.363051
-4.782384, -4.303846
-4.723751, -4.244641
-4.665118, -4.185437
-4.606485, -4.126232
-4.547852, -4.067028
-4.489219, -4.007824
-4.430581, -3.948629
-4.371945, -3.889444
-4.313306, -3.830257
-4.26875, -3.78527
-4.266406, -3.782901
-4.266406, -3.782901
-4.266406, -3.782901
-4.266406, -3.782901
-4.266406, -3.782901
-4.266406, -3.782901
-4.266406, -3.782901
-4.272861, -3.771107
-4.319868, -3.684443
-4.372182, -3.585372
-4.423179, -3.4856
-4.472847, -3.385169
-4.521173, -3.28409
-4.568151, -3.182364
-4.613768, -3.080029
-4.65802, -2.97709
-4.700887, -2.873575
-4.742359, -2.769483
-4.782421, -2.664848
-4.821065, -2.559676
-4.858262, -2.453987
-4.893992, -2.347795
-4.928214, -2.2411
