-2.999928, 2.070894
-2.999681, 2.191072
-2.999454, 2.301072
-2.999251, 2.401072
-2.999051, 2.50107
-2.998835, 2.611069
-2.998604, 2.731069
-2.998377, 2.851067
-2.998156, 2.971066
-2.99794, 3.091064
-2.997727, 3.211064
-2.997521, 3.331063
-2.997319, 3.451062
-2.997123, 3.571061
-2.996932, 3.69106
-2.996748, 3.811059
-2.996567, 3.93106
-2.996407, 4.04106
-2.996253, 4.15106
-2.99609, 4.27106
-2.995931, 4.391059
-2.995781, 4.511059
-2.995639, 4.631057
-2.995501, 4.751057
-2.995371, 4.871056
-2.995247, 4.991055
-2.995129, 5.111057
-2.995028, 5.221057
-2.995012, 5.241056
-2.995014, 5.241056
-2.995016, 5.241056
-2.995017, 5.241056
-2.995021, 5.241056
-2.995022, 5.241057
-2.995024, 5.241057
-2.995025, 5.241058
-2.995025, 5.241059
-2.995027, 5.24106
-2.995028, 5.241061
-2.995031, 5.241064
-2.995032, 5.241066
-2.995033, 5.241068
-2.995034, 5.24107
-2.995036, 5.241074
-2.995035, 5.241077
-2.995036, 5.24108
-2.995037, 5.241083
-2.995037, 5.241084
-2.995036, 5.241086
-2.995061, 5.250031
-2.995211, 5.347916
-2.995358, 5.467914
-2.995502, 5.58791
-2.995648, 5.707907
-2.995793, 5.827902
-2.995934, 5.947896
-2.996053, 6.067892
-2.996173, 6.187889
-2.996281, 6.307888
-2.996403, 6.427885
-2.996559, 6.547883
-2.996698, 6.667881
-2.996828, 6.787882
-2.99697, 6.907881
-2.997105, 7.027879
-2.997233, 7.147875
-2.997367, 7.267873
-2.997504, 7.377871
-2.997642, 7.47787
-2.997776, 7.57787
-2.997901, 7.67787
-2.99801, 7.777869
-2.998126, 7.87787
-2.998242, 7.977869
-2.998389, 8.077871
-2.99854, 8.177872
-2.998689, 8.277876
-2.998824, 8.377876
-2.998952, 8.477879
-2.999078, 8.57788
-2.999205, 8.677883
-2.999336, 8.777887
-2.999471, 8.877892
-2.999622, 8.977896
-2.999781, 9.077899
-2.999907, 9.155805
-2.999915, 9.161072
-2.999915, 9.161072
-2.999915, 9.161072
-2.999915, 9.161072
-2.999915, 9.161072
-2.999915, 9.161072
-2.999915, 9.161072
-2.999915, 9.161072
-2.963834, 9.167788
-2.866344, 9.185623
-2.76805, 9.203485
-2.669652, 9.221334
-2.571254, 9.239182
-2.472856, 9.257027
-2.374455, 9.27487
-2.276053, 9.292706
-2.177651, 9.310545
-2.079249, 9.328383
-1.980848, 9.346214
-1.882286, 9.364075
-1.783261, 9.382086
-1.68487, 9.400017
-1.586485, 9.41794
-1.488101, 9.435857
-1.389715, 9.453762
-1.291325, 9.47166
-1.192932, 9.489545
-1.094541, 9.507419
-0.9961423, 9.525282
-0.9370993, 9.535994
-0.9370973, 9.535991
-0.9370968, 9.535989
-0.9370958, 9.535988
-0.9370949, 9.535986
-0.9370929, 9.535984
-0.9370908, 9.535982
-0.9370877, 9.535982
-0.9370856, 9.535981
-0.9370836, 9.53598
-0.9370804, 9.53598
-0.9370778, 9.535979
-0.9370757, 9.53598
-0.9370728, 9.535979
-0.9370705, 9.53598
-0.9370692, 9.53598
-0.9370666, 9.535982
-0.937064, 9.535983
-0.9370621, 9.535984
-0.93706, 9.535986
-0.9370578, 9.535988
-0.9370562, 9.53599
-0.9370548, 9.535991
-0.9370536, 9.535994
-0.9370532, 9.535994
-0.9370532, 9.535994
-0.9370532, 9.535994
-0.9370532, 9.535994
-0.9370532, 9.535994
-0.8791338, 9.546154
-0.7807048, 9.563817
-0.6822761, 9.58147
-0.5838448, 9.599108
-0.4854133, 9.616746
-0.3869823, 9.634384
-0.2885506, 9.652022
-0.1901195, 9.669662
-0.09169111, 9.687319
0.006736374, 9.704984
0.1051661, 9.722647
0.2035963, 9.740297
0.3020273, 9.757939
0.4004556, 9.775591
0.4988822, 9.793257
0.597312, 9.810908
0.6957418, 9.828563
0.7557403, 9.839323
0.7559757, 9.839365
0.7559757, 9.839365
0.7559757, 9.839365
0.7559757, 9.839365
0.7559757, 9.839365
0.7559757, 9.839365
0.7559757, 9.839365
0.7559757, 9.839365
0.7559757, 9.839365
0.7559757, 9.839365
0.7559757, 9.839365
0.7559757, 9.839365
0.7559757, 9.839365
0.7559757, 9.839365
0.7559757, 9.839365
0.7559757, 9.839365
0.7559757, 9.839365
0.7559757, 9.839365
0.7559757, 9.839365
0.7006793, 9.83136
0.601693, 9.817149
0.5027053, 9.802948
0.403718, 9.788742
0.3047321, 9.774534
0.2057469, 9.760324
0.106762, 9.746111
0.007777786, 9.731894
-0.09120655, 9.717672
-0.1901906, 9.703448
-0.289174, 9.689223
-0.3881555, 9.674994
-0.487138, 9.660757
-0.5861208, 9.646518
-0.6851031, 9.632274
-0.7840825, 9.618024
-0.8830612, 9.60377
-0.9820392, 9.589513
-1.081017, 9.575251
-1.179993, 9.560984
-1.278968, 9.546714
-1.3748, 9.53289
-1.401821, 9.528992
-1.401821, 9.528994
-1.401821, 9.528994
-1.40182, 9.528997
-1.401819, 9.528997
-1.40182, 9.528999
-1.40182, 9.528999
-1.401821, 9.529001
-1.401821, 9.529003
-1.401822, 9.529005
-1.401823, 9.529005
-1.401825, 9.529008
-1.401827, 9.529012
-1.401828, 9.529012
-1.401829, 9.529013
-1.401828, 9.529011
-1.40183, 9.529012
-1.401833, 9.529011
-1.401837, 9.529013
-1.401838, 9.529012
-1.401841, 9.529012
-1.401841, 9.529011
-1.401842, 9.529011
-1.401842, 9.529011
-1.401843, 9.52901
-1.401843, 9.52901
-1.401843, 9.52901
-1.401843, 9.52901
-1.401843, 9.52901
-1.401843, 9.52901
-1.401843, 9.52901
-1.401843, 9.52901
-1.401843, 9.52901
-1.401843, 9.52901
-1.401843, 9.52901
-1.401843, 9.52901
-1.401843, 9.52901
-1.401843, 9.52901
-1.401843, 9.52901
-1.401843, 9.52901
-1.457142, 9.521029
-1.556055, 9.506343
-1.654962, 9.491638
-1.753871, 9.476935
-1.85278, 9.46224
-1.951694, 9.44755
-2.050611, 9.432872
-2.149526, 9.418196
-2.24844, 9.403528
-2.34736, 9.388867
-2.446276, 9.37421
-2.545193, 9.359558
-2.644114, 9.344915
-2.743036, 9.330279
-2.841959, 9.315649
-2.940883, 9.301027
-3.039811, 9.28642
-3.138739, 9.271814
-3.237667, 9.257215
-3.336594, 9.24263
-3.435523, 9.228052
-3.534454, 9.21348
-3.633387, 9.198919
-3.732322, 9.184373
-3.831256, 9.169836
-3.930192, 9.155307
-4.02913, 9.140797
-4.128074, 9.126297
-4.227017, 9.111808
-4.325962, 9.097333
-4.424906, 9.082874
-4.523856, 9.068437
-4.622808, 9.054013
-4.721764, 9.039618
-4.820722, 9.025241
-4.919688, 9.01089
-5.018658, 8.996568
-5.117631, 8.982272
-5.216611, 8.968016
-5.315594, 8.953807
-5.414585, 8.939656
-5.513588, 8.925589
-5.609468, 8.912094
-5.636507, 8.908319
-5.636507, 8.908319
-5.636507, 8.908319
-5.636507, 8.908319
-5.636507, 8.908319
-5.636507, 8.908319
-5.636507, 8.908319
-5.642333, 8.919223
-5.684115, 8.997286
-5.731587, 9.085886
-5.779241, 9.174688
-5.82653, 9.262793
-5.873812, 9.350902
-5.921089, 9.439008
-5.962694, 9.516541
-5.968367, 9.527115
-5.968367, 9.527115
-5.968366, 9.527113
-5.968368, 9.527113
-5.968369, 9.527113
-5.968369, 9.527113
-5.968369, 9.527113
-5.968369, 9.527112
-5.96837, 9.527112
-5.96837, 9.527113
-5.968369, 9.527113
-5.968368, 9.527112
-5.968369, 9.527112
-5.968371, 9.527111
-5.968371, 9.527112
-5.968372, 9.527111
-5.968372, 9.527111
-5.968373, 9.527111
-5.968371, 9.527109
-5.968371, 9.527109
-5.968372, 9.527109
-5.968371, 9.52711
-5.968371, 9.527111
-5.968372, 9.527111
-5.968374, 9.527111
-5.968373, 9.527111
-5.968373, 9.527111
-5.968372, 9.527111
-5.968372, 9.527111
-5.973191, 9.536268
-6.013289, 9.611808
-6.060245, 9.700099
-6.107197, 9.788394
-6.15416, 9.87668
-6.201119, 9.964968
-6.248016, 10.05313
-6.294956, 10.1414
-6.341912, 10.22968
-6.388873, 10.31797
-6.435832, 10.40626
-6.482797, 10.49454
-6.529767, 10.58283
-6.576743, 10.67111
-6.62372, 10.75939
-6.670703, 10.84766
-6.71769, 10.93594
-6.76468, 11.02421
-6.811668, 11.11248
-6.858659, 11.20075
-6.905662, 11.28902
-6.952669, 11.37729
-6.99968, 11.46555
-7.046694, 11.55381
-7.093713, 11.64207
-7.140737, 11.73032
-7.187767, 11.81857
-7.234805, 11.90682
-7.281849, 11.99507
-7.328897, 12.08331
-7.375951, 12.17156
-7.423009, 12.2598
-7.47008, 12.34804
-7.517154, 12.43627
-7.564232, 12.5245
-7.611319, 12.61272
-7.658412, 12.70094
-7.705516, 12.78915
-7.752624, 12.87736
-7.799743, 12.96557
-7.846871, 13.05377
-7.894006, 13.14196
-7.941153, 13.23015
-7.988311, 13.31833
-8.035479, 13.40651
-8.08266, 13.49468
-8.129856, 13.58284
-8.177066, 13.671
-8.224294, 13.75914
-8.271535, 13.84728
-8.318794, 13.9354
-8.366076, 14.02352
-8.413379, 14.11162
-8.460713, 14.19971
-8.508082, 14.28778
-8.555495, 14.37584
-8.602979, 14.46385
-8.650556, 14.5518
-8.671169, 14.58982
-8.671169, 14.58982
-8.671169, 14.58982
-8.67041, 14.60014
-8.663371, 14.68538
-8.654853, 14.78502
-8.64661, 14.8815
-8.644285, 14.90871
-8.644285, 14.90871
-8.644283, 14.90871
-8.644281, 14.90871
-8.644281, 14.9087
-8.644279, 14.9087
-8.644279, 14.9087
-8.644278, 14.90871
-8.644277, 14.90871
-8.644274, 14.90871
-8.644274, 14.90871
-8.644273, 14.90871
-8.64427, 14.90872
-8.64427, 14.90872
-8.64427, 14.90872
-8.64427, 14.90872
-8.64427, 14.90873
-8.64427, 14.90873
-8.644271, 14.90873
-8.644271, 14.90873
-8.644272, 14.90873
-8.644272, 14.90873
-8.644272, 14.90873
-8.644272, 14.90873
-8.644272, 14.90873
-8.644272, 14.90873
-8.644272, 14.90873
-8.639494, 14.96617
-8.631201, 15.06583
-8.62291, 15.16548
-8.61461, 15.26514
-8.606316, 15.3648
-8.598021, 15.46446
-8.589727, 15.56411
-8.581429, 15.66377
-8.573148, 15.76343
-8.564856, 15.86309
-8.556566, 15.96275
-8.548274, 16.06241
-8.539984, 16.16207
-8.531705, 16.26173
-8.523495, 16.3614
-8.515286, 16.46106
-8.507079, 16.56072
-8.498869, 16.66038
-8.490648, 16.76004
-8.482424, 16.8597
-8.474193, 16.95935
-8.465956, 17.05901
-8.457713, 17.15867
-8.449459, 17.25833
-8.441201, 17.35799
-8.432932, 17.45764
-8.424657, 17.5573
-8.416376, 17.65696
-8.408081, 17.75662
-8.399768, 17.85628
-8.391444, 17.95593
-8.383101, 18.05558
-8.374736, 18.15523
-8.366336, 18.25488
-8.357889, 18.35453
-8.354291, 18.39671
-8.354291, 18.39671
-8.354291, 18.39671
-8.354291, 18.39671
-8.354291, 18.39671
-8.354291, 18.39671
-8.354291, 18.39671
-8.354291, 18.39671
-8.354291, 18.39671
-8.354291, 18.39671
-8.354291, 18.39671
-8.354291, 18.39671
-8.354291, 18.39671
-8.354291, 18.39671
-8.374298, 18.38279
-8.453291, 18.32781
-8.535362, 18.27067
-8.61743, 18.21353
-8.699491, 18.15637
-8.781548, 18.09921
-8.863618, 18.04193
-8.945494, 17.98447
-9.027356, 17.92704
-9.109228, 17.86961
-9.191108, 17.8122
-9.273001, 17.75481
-9.354907, 17.69744
-9.436826, 17.64009
-9.518762, 17.58276
-9.600714, 17.52546
-9.682691, 17.46818
-9.764692, 17.41095
-9.84673, 17.35376
-9.928823, 17.29666
-9.990361, 17.25396
-9.993044, 17.25211
-9.993044, 17.25211
-9.993044, 17.25211
-9.993044, 17.25211
-9.993044, 17.25211
-9.993044, 17.25211
-9.993044, 17.25211
-10.01197, 17.2664
-10.0885, 17.32405
-10.16839, 17.3842
-10.24829, 17.44435
-10.32818, 17.5045
-10.40807, 17.56466
-10.48795, 17.62481
-10.56784, 17.68497
-10.64772, 17.74514
-10.7276, 17.8053
-10.80748, 17.86547
-10.88736, 17.92564
-10.96754, 17.98603
-11.0479, 18.04651
-11.12779, 18.10664
-11.20769, 18.16678
-11.28758, 18.22692
-11.36747, 18.28706
-11.44736, 18.34722
-11.52725, 18.40738
-11.60713, 18.46754
-11.68701, 18.5277
-11.76689, 18.58786
-11.84676, 18.64804
-11.89468, 18.68414
-11.89468, 18.68414
-11.89468, 18.68413
-11.89468, 18.68413
-11.89468, 18.68413
-11.89468, 18.68413
-11.89468, 18.68413
-11.89468, 18.68413
-11.89469, 18.68413
-11.89469, 18.68413
-11.89469, 18.68413
-11.89469, 18.68412
-11.89469, 18.68413
-11.89469, 18.68412
-11.89469, 18.68412
-11.8947, 18.68412
-11.8947, 18.68412
-11.8947, 18.68413
-11.8947, 18.68412
-11.8947, 18.68412
-11.8947, 18.68412
-11.8947, 18.68412
-11.8947, 18.68412
-11.8947, 18.68412
-11.8947, 18.68412
-11.8947, 18.68412
-11.94091, 18.71921
-12.02063, 18.77955
-12.10036, 18.83989
-12.18008, 18.90023
-12.25981, 18.96057
-12.33954, 19.0209
-12.41928, 19.08124
-12.499, 19.14157
-12.57873, 19.20192
-12.65846, 19.26225
-12.73819, 19.3226
-12.81791, 19.38294
-12.89765, 19.44328
-12.97737, 19.50363
-13.05709, 19.56398
-13.13681, 19.62433
-13.21653, 19.68468
-13.29626, 19.74503
-13.37599, 19.80535
-13.45573, 19.86568
-13.53546, 19.92601
-13.61519, 19.98634
-13.69493, 20.04668
-13.77465, 20.10702
-13.85439, 20.16737
-13.93411, 20.22771
-14.01384, 20.28806
-14.09356, 20.3484
-14.1733, 20.40874
-14.25303, 20.46908
-14.33277, 20.52942
-14.41251, 20.58976
-14.49225, 20.65009
-14.572, 20.71042
-14.65173, 20.77077
-14.71327, 20.81734
-14.71921, 20.82269
-14.76697, 20.87793
-14.83228, 20.95365
-14.8976, 21.02936
-14.96293, 21.10508
-15.02824, 21.18077
-15.09351, 21.25639
-15.15885, 21.33209
-15.22419, 21.40779
-15.28953, 21.48347
-15.35489, 21.55916
-15.42026, 21.63483
-15.48564, 21.71049
-15.55103, 21.78615
-15.61642, 21.8618
-15.68183, 21.93744
-15.74724, 22.01308
-15.81267, 22.0887
-15.87811, 22.1643
-15.94359, 22.23995
-16.00922, 22.31572
-16.07471, 22.39129
-16.14021, 22.46685
-16.20573, 22.54239
-16.27127, 22.61792
-16.33683, 22.69343
-16.40241, 22.76892
-16.46802, 22.84439
-16.49427, 22.87457
-16.49427, 22.87457
-16.49427, 22.87457
-16.49427, 22.87457
-16.49427, 22.87457
-16.49427, 22.87457
-16.49428, 22.87457
-16.49428, 22.87456
-16.49428, 22.87456
-16.49428, 22.87456
-16.49428, 22.87456
-16.49428, 22.87456
-16.49428, 22.87457
-16.49428, 22.87456
-16.49428, 22.87457
-16.49428, 22.87456
-16.49428, 22.87457
-16.49428, 22.87456
-16.49428, 22.87456
-16.49428, 22.87456
-16.49657, 22.87719
-16.55407, 22.943
-16.63308, 23.03333
-16.71205, 23.12369
-16.74438, 23.16068
-16.74438, 23.16068
-16.74438, 23.16068
-16.74438, 23.16068
-16.74438, 23.16068
-16.74438, 23.16068
-16.74438, 23.16068
-16.70505, 23.21836
-16.63735, 23.31744
-16.56966, 23.41651
-16.50197, 23.5156
-16.43427, 23.61468
-16.36659, 23.71376
-16.29891, 23.81285
-16.23124, 23.91195
-16.16357, 24.01105
-16.0959, 24.11014
-16.02779, 24.20998
-15.96018, 24.30933
-15.89267, 24.40854
-15.82518, 24.50776
-15.75955, 24.60422
-15.7408, 24.63178
-15.7408, 24.63178
-15.7408, 24.63178
-15.7408, 24.63178
-15.7408, 24.63178
-15.74079, 24.63178
-15.74079, 24.63178
-15.74079, 24.63178
-15.74079, 24.63178
-15.74079, 24.63178
-15.74079, 24.63178
-15.74079, 24.63178
-15.74079, 24.63178
-15.74079, 24.63178
-15.74079, 24.63178
-15.74078, 24.63178
-15.74078, 24.63178
-15.74078, 24.63178
-15.74079, 24.63177
-15.74079, 24.63178
-15.74078, 24.63177
-15.74078, 24.63177
-15.74078, 24.63177
-15.74078, 24.63177
-15.70375, 24.6863
-15.63631, 24.78557
-15.56887, 24.88483
-15.50143, 24.9841
-15.43401, 25.08338
-15.36658, 25.18266
-15.29916, 25.28193
-15.23172, 25.3812
-15.16428, 25.48048
-15.09686, 25.57976
-15.02943, 25.67904
-14.96198, 25.7783
-14.89455, 25.87757
-14.8271, 25.97684
-14.75967, 26.07612
-14.69222, 26.17538
-14.62475, 26.27463
-14.55732, 26.3739
-14.48988, 26.47316
-14.42244, 26.57243
-14.355, 26.67169
-14.28755, 26.77094
-14.22011, 26.87021
-14.15268, 26.96949
-14.08525, 27.06876
-14.01782, 27.16805
-13.95038, 27.26733
-13.88295, 27.36662
-13.81553, 27.4659
-13.74809, 27.56518
-13.68065, 27.66445
-13.61321, 27.76372
-13.54576, 27.86299
-13.47831, 27.96227
-13.41087, 28.06154
-13.34342, 28.16082
-13.27598, 28.26009
-13.20853, 28.35937
-13.16727, 28.4201
-13.16689, 28.42066
-13.16689, 28.42067
-13.16689, 28.42067
-13.16689, 28.42067
-13.1669, 28.42067
-13.1669, 28.42067
-13.1669, 28.42067
-13.1669, 28.42068
-13.1669, 28.42068
-13.1669, 28.42068
-13.16691, 28.42067
-13.16691, 28.42067
-13.16691, 28.42067
-13.16691, 28.42067
-13.16691, 28.42067
-13.16691, 28.42067
-13.16691, 28.42067
-13.16691, 28.42066
-13.16691, 28.42066
-13.16691, 28.42066
-13.16691, 28.42066
-13.16691, 28.42066
-13.16691, 28.42066
-13.16353, 28.43854
-13.14349, 28.54486
-13.12126, 28.66277
-13.09905, 28.78069
-13.07683, 28.89861
-13.05459, 29.01652
-13.03238, 29.13444
-13.01017, 29.25237
-12.98797, 29.37029
-12.96576, 29.48822
-12.94355, 29.60615
-12.92135, 29.72408
-12.89913, 29.842
-12.87691, 29.95993
-12.8547, 30.07786
-12.83248, 30.19584
-12.81028, 30.31378
-12.78807, 30.43171
-12.76586, 30.54963
-12.74366, 30.66756
-12.72145, 30.78548
-12.69923, 30.90341
-12.67702, 31.02133
-12.65482, 31.13926
-12.6326, 31.25718
-12.61038, 31.3751
-12.58817, 31.49303
-12.56595, 31.61095
-12.54373, 31.72887
-12.5215, 31.84679
-12.49928, 31.96471
-12.47705, 32.08263
-12.45483, 32.20055
-12.4326, 32.31847
-12.41036, 32.43639
-12.38812, 32.55431
-12.36587, 32.67223
-12.34363, 32.79015
-12.32138, 32.90807
-12.29914, 33.02599
-12.2769, 33.14391
-12.25464, 33.26183
-12.23239, 33.37975
-12.21012, 33.49767
-12.18785, 33.61559
-12.16557, 33.73351
-12.14687, 33.83232
-12.13025, 33.88691
-12.09222, 33.99999
-12.05392, 34.1137
-12.01563, 34.22741
-11.97734, 34.34115
-11.93907, 34.45489
-11.90079, 34.56863
-11.88484, 34.61603
-11.88485, 34.61603
-11.88484, 34.61603
-11.88484, 34.61603
-11.88484, 34.61602
-11.88484, 34.61602
-11.88484, 34.61602
-11.88484, 34.61602
-11.88484, 34.61603
-11.88484, 34.61603
-11.88484, 34.61603
-11.88484, 34.61602
-11.88484, 34.61603
-11.88484, 34.61603
-11.88484, 34.61603
-11.88484, 34.61603
-11.88484, 34.61603
-11.88484, 34.61603
-11.88484, 34.61603
-11.88484, 34.61603
-11.88387, 34.61896
-11.85686, 34.70003
-11.81882, 34.81385
-11.78077, 34.92765
-11.74275, 35.04148
-11.70473, 35.1553
-11.66671, 35.26912
-11.62867, 35.38295
-11.59062, 35.49677
-11.55258, 35.61059
-11.51456, 35.7244
-11.47651, 35.83821
-11.43848, 35.95204
-11.40042, 36.06585
-11.3624, 36.17968
-11.32438, 36.2935
-11.28633, 36.40732
-11.24829, 36.52114
-11.21025, 36.63496
-11.17219, 36.74878
-11.13414, 36.86261
-11.0961, 36.97643
-11.05809, 37.09026
-11.02006, 37.20408
-10.98203, 37.3179
-10.944, 37.43173
-10.90598, 37.54555
-10.86796, 37.65938
-10.82994, 37.7732
-10.79192, 37.88704
-10.75392, 38.00087
-10.71691, 38.11174
-10.70604, 38.14432
-10.70604, 38.14432
-10.70604, 38.14432
-10.70604, 38.14432
-10.70604, 38.14432
-10.70604, 38.14432
-10.70604, 38.14432
-10.70604, 38.14432
-10.70604, 38.14432
-10.70604, 38.14432
-10.70604, 38.14432
-10.70604, 38.14432
-10.70604, 38.14432
-10.70604, 38.14432
-10.70604, 38.14432
-10.70843, 38.12655
-10.72264, 38.01955
-10.73838, 37.90059
-10.75411, 37.78163
-10.76986, 37.66267
-10.78562, 37.5437
-10.80138, 37.42474
-10.81714, 37.30578
-10.83291, 37.18682
-10.84868, 37.06786
-10.86446, 36.94889
-10.88024, 36.82993
-10.89603, 36.71096
-10.91183, 36.592
-10.92764, 36.47303
-10.94345, 36.35407
-10.95926, 36.2351
-10.97508, 36.11614
-10.99091, 35.99718
-11.00675, 35.87823
-11.0226, 35.75927
-11.03845, 35.64031
-11.0543, 35.52136
-11.07017, 35.40244
-11.08604, 35.28351
-11.10192, 35.16458
-11.11782, 35.04565
-11.13372, 34.92673
-11.14963, 34.8078
-11.16555, 34.68887
-11.18148, 34.56994
-11.19742, 34.45102
-11.21338, 34.33208
-11.22935, 34.21317
-11.24533, 34.09425
-11.26133, 33.97532
-11.27734, 33.85639
-11.29337, 33.73746
-11.30941, 33.61853
-11.32549, 33.49961
-11.33533, 33.42683
-11.33542, 33.42615
-11.33542, 33.42615
-11.33542, 33.42615
-11.33542, 33.42615
-11.33542, 33.42614
-11.33542, 33.42614
-11.33541, 33.42614
-11.33541, 33.42614
-11.33541, 33.42614
-11.33541, 33.42614
-11.33541, 33.42614
-11.33541, 33.42614
-11.33541, 33.42614
-11.33541, 33.42614
-11.33541, 33.42614
-11.33541, 33.42614
-11.33541, 33.42614
-11.33988, 33.3947
-11.3557, 33.27991
-11.37199, 33.16103
-11.38828, 33.04213
-11.40455, 32.92322
-11.42084, 32.80432
-11.43712, 32.68541
-11.4534, 32.56651
-11.4697, 32.44761
-11.47679, 32.39572
-11.47679, 32.39572
-11.47679, 32.39572
-11.47679, 32.39572
-11.47679, 32.39572
-11.47679, 32.39572
-11.47679, 32.39572
-11.47679, 32.39572
-11.47679, 32.39572
-11.47679, 32.39572
-11.47679, 32.39572
-11.47679, 32.39572
-11.47679, 32.39572
-11.47679, 32.39572
-11.47679, 32.39572
-11.47679, 32.39572
-11.46046, 32.45953
-11.43113, 32.57589
-11.40182, 32.69226
-11.37252, 32.80862
-11.34322, 32.92498
-11.31392, 33.04135
-11.28463, 33.15771
-11.25534, 33.27407
-11.22607, 33.39044
-11.20816, 33.46165
-11.20799, 33.46231
-11.20799, 33.46232
-11.20799, 33.46233
-11.20799, 33.46232
-11.20799, 33.46233
-11.20799, 33.46233
-11.20799, 33.46234
-11.20799, 33.46234
-11.20799, 33.46234
-11.20799, 33.46234
-11.208, 33.46234
-11.208, 33.46234
-11.208, 33.46235
-11.208, 33.46235
-11.208, 33.46235
-11.208, 33.46235
-11.20801, 33.46235
-11.20801, 33.46235
-11.20801, 33.46235
-11.20801, 33.46235
-11.20801, 33.46235
-11.20801, 33.46235
-11.20801, 33.46235
-11.20801, 33.46235
-11.20035, 33.49306
-11.17233, 33.60545
-11.14331, 33.72188
-11.11429, 33.83831
-11.08527, 33.95474
-11.05624, 34.07118
-11.02722, 34.18761
-10.9982, 34.30404
-10.96919, 34.42047
-10.94016, 34.53691
-10.91114, 34.65334
-10.88212, 34.76977
-10.8531, 34.8862
-10.82407, 35.00264
-10.79505, 35.11906
-10.76603, 35.2355
-10.73701, 35.35193
-10.70798, 35.46836
-10.67896, 35.5848
-10.64994, 35.70123
-10.62092, 35.81767
-10.59189, 35.9341
-10.56286, 36.05053
-10.53384, 36.16696
-10.50482, 36.28339
-10.4758, 36.39983
-10.44677, 36.51626
-10.41775, 36.63269
-10.38873, 36.74913
-10.35971, 36.86555
-10.3307, 36.98199
-10.30169, 37.09842
-10.27269, 37.21486
-10.2437, 37.33129
-10.21471, 37.44772
-10.18792, 37.55527
-10.18268, 37.5763
-10.18268, 37.5763
-10.18268, 37.5763
-10.18268, 37.5763
-10.1414, 37.5981
-10.03592, 37.65394
-9.929816, 37.71007
-9.823613, 37.76598
-9.717419, 37.82188
-9.610301, 37.87826
-9.504116, 37.93418
-9.39793, 37.9901
-9.291757, 38.04602
-9.185576, 38.10195
-9.079391, 38.15788
-8.973219, 38.21381
-8.867049, 38.26976
-8.760882, 38.3257
-8.684207, 38.36612
-8.681258, 38.36767
-8.681257, 38.36766
-8.681258, 38.36767
-8.681259, 38.36767
-8.681259, 38.36767
-8.681259, 38.36767
-8.681258, 38.36767
-8.681258, 38.36767
-8.681259, 38.36766
-8.681259, 38.36766
-8.681259, 38.36766
-8.681259, 38.36766
-8.681259, 38.36766
-8.681259, 38.36766
-8.681259, 38.36765
-8.681258, 38.36765
-8.681259, 38.36765
-8.681259, 38.36765
-8.681259, 38.36765
-8.681259, 38.36765
-8.681259, 38.36765
-8.671584, 38.37262
-8.581513, 38.41999
-8.475413, 38.47605
-8.369312, 38.53211
-8.263219, 38.58819
-8.157135, 38.64427
-8.054374, 38.69856
-8.026849, 38.7131
-8.026849, 38.7131
-8.026849, 38.7131
-8.026849, 38.7131
-8.026849, 38.7131
-8.026849, 38.7131
-8.026849, 38.7131
-8.026849, 38.7131
-8.026849, 38.7131
-8.026367, 38.71045
-8.011453, 38.62833
-7.990055, 38.51025
-7.968658, 38.39217
-7.94726, 38.27409
-7.925858, 38.15601
-7.904453, 38.03793
-7.883045, 37.91985
-7.86164, 37.80177
-7.840228, 37.68368
-7.818808, 37.56559
-7.797386, 37.44751
-7.775965, 37.32943
-7.754543, 37.21135
-7.733117, 37.09327
-7.711689, 36.97519
-7.690263, 36.8571
-7.668828, 36.73902
-7.647392, 36.62093
-7.625955, 36.50285
-7.604517, 36.38477
-7.583072, 36.26669
-7.561623, 36.14861
-7.540171, 36.03053
-7.520278, 35.92102
-7.516243, 35.89882
-7.516243, 35.89882
-7.516243, 35.89882
-7.516244, 35.89881
-7.516245, 35.89881
-7.516244, 35.8988
-7.516244, 35.8988
-7.516243, 35.8988
-7.516245, 35.8988
-7.516246, 35.8988
-7.516247, 35.8988
-7.516248, 35.8988
-7.516248, 35.8988
-7.51625, 35.8988
-7.516253, 35.8988
-7.516256, 35.8988
-7.516256, 35.8988
-7.516257, 35.8988
-7.516258, 35.8988
-7.516257, 35.8988
-7.516257, 35.8988
-7.516257, 35.8988
-7.515771, 35.89615
-7.500775, 35.81402
-7.479231, 35.696
-7.457668, 35.57797
-7.436121, 35.45994
-7.414567, 35.34191
-7.393005, 35.22387
-7.371449, 35.10585
-7.349888, 34.98782
-7.328326, 34.8698
-7.306767, 34.75177
-7.285203, 34.63373
-7.263642, 34.5157
-7.242083, 34.39766
-7.220531, 34.27962
-7.198965, 34.16159
-7.177402, 34.04355
-7.155833, 33.92552
-7.134272, 33.80748
-7.112712, 33.68945
-7.091158, 33.57141
-7.069593, 33.45338
-7.048031, 33.33534
-7.026494, 33.2173
-7.004936, 33.09926
-6.983382, 32.98122
-6.96182, 32.86319
-6.940259, 32.74516
-6.918722, 32.62712
-6.897157, 32.50908
-6.875593, 32.39105
-6.854033, 32.27301
-6.832475, 32.15498
-6.822811, 32.10205
-6.822811, 32.10205
-6.822811, 32.10205
-6.822811, 32.10205
-6.822811, 32.10205
-6.868275, 32.05439
-6.944272, 31.97486
-7.013361, 31.90258
-7.082452, 31.83029
-7.151538, 31.758
-7.220616, 31.6857
-7.289688, 31.61339
-7.358756, 31.54108
-7.427824, 31.46877
-7.496889, 31.39645
-7.565946, 31.32412
-7.634993, 31.2518
-7.704042, 31.17947
-7.773085, 31.10714
-7.842123, 31.0348
-7.911156, 30.96245
-7.98018, 30.89009
-8.049199, 30.81773
-8.109929, 30.75405
-8.118209, 30.74536
-8.11821, 30.74537
-8.11821, 30.74537
-8.11821, 30.74537
-8.118211, 30.74537
-8.118212, 30.74537
-8.118212, 30.74537
-8.118215, 30.74537
-8.118216, 30.74537
-8.118217, 30.74537
-8.118219, 30.74537
-8.11822, 30.74537
-8.118223, 30.74537
-8.118225, 30.74537
-8.118227, 30.74537
-8.118228, 30.74537
-8.118227, 30.74537
-8.118229, 30.74537
-8.118229, 30.74537
-8.118229, 30.74537
-8.118229, 30.74537
-8.118229, 30.74537
-8.118229, 30.74537
-8.118229, 30.74537
-8.145358, 30.717
-8.214113, 30.64465
-8.282969, 30.57213
-8.35182, 30.49961
-8.420675, 30.42709
-8.489531, 30.35457
-8.558386, 30.28205
-8.627241, 30.20954
-8.696096, 30.13702
-8.764949, 30.0645
-8.833796, 29.99197
-8.902649, 29.91945
-8.971494, 29.84693
-9.040346, 29.77441
-9.109177, 29.70187
-9.178018, 29.62934
-9.246862, 29.55681
-9.315713, 29.48429
-9.38456, 29.41177
-9.45339, 29.33924
-9.522223, 29.26672
-9.591072, 29.1942
-9.632895, 29.15015
-9.633024, 29.15001
-9.633024, 29.15001
-9.633024, 29.15001
-9.633024, 29.15001
-9.633024, 29.15001
-9.633024, 29.15001
-9.633024, 29.15001
-9.633024, 29.15001
-9.633024, 29.15001
-9.633024, 29.15001
-9.633024, 29.15001
-9.633024, 29.15001
-9.633024, 29.15001
-9.59646, 29.14557
-9.49789, 29.13435
-9.398523, 29.12314
-9.299158, 29.11192
-9.19979, 29.10069
-9.100423, 29.08947
-9.001055, 29.07823
-8.901688, 29.06698
-8.802325, 29.05572
-8.702964, 29.04445
-8.603602, 29.03318
-8.50424, 29.0219
-8.404877, 29.01061
-8.305514, 28.99931
-8.206159, 28.98799
-8.106805, 28.97667
-8.00745, 28.96533
-7.908097, 28.95398
-7.808744, 28.94261
-7.709394, 28.93123
-7.610046, 28.91984
-7.510701, 28.90842
-7.411358, 28.89698
-7.312016, 28.88551
-7.212678, 28.87402
-7.113344, 28.8625
-7.014014, 28.85095
-6.91469, 28.83934
-6.815371, 28.82769
-6.716063, 28.81594
-6.627114, 28.80529
-6.612844, 28.80356
-6.612844, 28.80356
-6.612844, 28.80356
-6.612844, 28.80356
-6.612844, 28.80356
-6.612844, 28.80356
-6.612844, 28.80356
-6.612844, 28.80356
-6.612844, 28.80356
-6.612844, 28.80356
-6.612844, 28.80356
-6.612844, 28.80356
-6.624, 28.84198
-6.651746, 28.93806
-6.679464, 29.03414
-6.707186, 29.13022
-6.73491, 29.22631
-6.762639, 29.32239
-6.79037, 29.41847
-6.818105, 29.51456
-6.845841, 29.61064
-6.873583, 29.70672
-6.901328, 29.8028
-6.929076, 29.89887
-6.956829, 29.99495
-6.984586, 30.09102
-7.012347, 30.18709
-7.040112, 30.28317
-7.06788, 30.37924
-7.095654, 30.47532
-7.123433, 30.57139
-7.151215, 30.66745
-7.178999, 30.76352
-7.206789, 30.85958
-7.234584, 30.95564
-7.262384, 31.0517
-7.290188, 31.14777
-7.317997, 31.24383
-7.34581, 31.3399
-7.373627, 31.43595
-7.401448, 31.53201
-7.429276, 31.62806
-7.45711, 31.72411
-7.484951, 31.82017
-7.512793, 31.91622
-7.540639, 32.01227
-7.568491, 32.10832
-7.596349, 32.20436
-7.624217, 32.30041
-7.652089, 32.39646
-7.679965, 32.49251
-7.707848, 32.58855
-7.735739, 32.6846
-7.763636, 32.78063
-7.791539, 32.87666
-7.808285, 32.93427
-7.808286, 32.93427
-7.808285, 32.93427
-7.808286, 32.93427
-7.808286, 32.93427
-7.808286, 32.93427
-7.808286, 32.93428
-7.808286, 32.93428
-7.808286, 32.93428
-7.808286, 32.93428
-7.808286, 32.93428
-7.808286, 32.93428
-7.808285, 32.93428
-7.808285, 32.93427
-7.808286, 32.93427
-7.808284, 32.93427
-7.808284, 32.93427
-7.808284, 32.93428
-7.808285, 32.93427
-7.808286, 32.93427
-7.808285, 32.93428
-7.808284, 32.93428
-7.808284, 32.93428
-7.808285, 32.93428
-7.808285, 32.93428
-7.808285, 32.93428
-7.809445, 32.93824
-7.830985, 33.01163
-7.859148, 33.10759
-7.887313, 33.20355
-7.915476, 33.29951
-7.94363, 33.39547
-7.971788, 33.49143
-7.999953, 33.58739
-8.028112, 33.68336
-8.056275, 33.77932
-8.084433, 33.87527
-8.112589, 33.97122
-8.140764, 34.06716
-8.168939, 34.1631
-8.197107, 34.25904
-8.225268, 34.35499
-8.25342, 34.45094
-8.281593, 34.54688
-8.309749, 34.64284
-8.337895, 34.7388
-8.366041, 34.83475
-8.394206, 34.9307
-8.422375, 35.02664
-8.450544, 35.12258
-8.478706, 35.21852
-8.50686, 35.31447
-8.535027, 35.41042
-8.563185, 35.50637
-8.591352, 35.60234
-8.619517, 35.6983
-8.647677, 35.79425
-8.675844, 35.89022
-8.704012, 35.98617
-8.732183, 36.08213
-8.760345, 36.17809
-8.788502, 36.27405
-8.813216, 36.35826
-8.816497, 36.36943
-8.816497, 36.36943
-8.816497, 36.36943
-8.816497, 36.36943
-8.816497, 36.36943
-8.816497, 36.36943
-8.816497, 36.36943
-8.816497, 36.36943
-8.839008, 36.36752
-8.933737, 36.35958
-9.033474, 36.35128
-9.133253, 36.34297
-9.232904, 36.33466
-9.332555, 36.32635
-9.432208, 36.31804
-9.531863, 36.30972
-9.631516, 36.3014
-9.731167, 36.29307
-9.830817, 36.28474
-9.930467, 36.2764
-10.03012, 36.26807
-10.12976, 36.25974
-10.22941, 36.25141
-10.32906, 36.24307
-10.42871, 36.23473
-10.52835, 36.22639
-10.62801, 36.21804
-10.72765, 36.20969
-10.8273, 36.20133
-10.92695, 36.19298
-11.0266, 36.18462
-11.12625, 36.17626
-11.22589, 36.16789
-11.32554, 36.15952
-11.42519, 36.15115
-11.52483, 36.14278
-11.62448, 36.1344
-11.72413, 36.12603
-11.82378, 36.11764
-11.92343, 36.10925
-12.02307, 36.10086
-12.12272, 36.09247
-12.22236, 36.08408
-12.322, 36.07567
-12.42165, 36.06725
-12.52129, 36.05882
-12.61762, 36.05067
-12.64423, 36.04841
-12.64423, 36.04841
-12.64423, 36.04842
-12.64423, 36.04842
-12.64423, 36.04842
-12.64423, 36.04842
-12.64423, 36.04842
-12.64423, 36.04842
-12.64423, 36.04841
-12.64423, 36.04841
-12.64423, 36.04841
-12.64423, 36.04841
-12.64423, 36.04842
-12.64424, 36.04841
-12.64424, 36.04841
-12.64424, 36.04841
-12.64424, 36.04841
-12.64423, 36.04841
-12.64423, 36.04841
-12.64423, 36.0484
-12.64423, 36.0484
-12.64423, 36.0484
-12.64423, 36.0484
-12.64423, 36.0484
-12.6657, 36.04655
-12.75973, 36.03857
-12.85938, 36.03016
-12.95902, 36.02175
-13.05867, 36.01332
-13.15831, 36.00489
-13.25796, 35.99646
-13.3576, 35.98803
-13.45724, 35.97958
-13.55688, 35.97112
-13.65652, 35.96265
-13.75616, 35.95418
-13.8558, 35.9457
-13.95544, 35.93721
-14.05508, 35.92872
-14.15472, 35.92023
-14.25436, 35.91172
-14.354, 35.90322
-14.45364, 35.89469
-14.55327, 35.88616
-14.65291, 35.87763
-14.75254, 35.86907
-14.85218, 35.8605
-14.95181, 35.85192
-15.05144, 35.84333
-15.15106, 35.83474
-15.25069, 35.82613
-15.35032, 35.8175
-15.44995, 35.80886
-15.54957, 35.8002
-15.64919, 35.79152
-15.74881, 35.78282
-15.84843, 35.77411
-15.94805, 35.76536
-16.04766, 35.75658
-16.14727, 35.74778
-16.24689, 35.73895
-16.34649, 35.73006
-16.44609, 35.7211
-16.54568, 35.71206
-16.64209, 35.70319
-16.66924, 35.70066
-16.66924, 35.70066
-16.66924, 35.70066
-16.66924, 35.70066
-16.66924, 35.70066
-16.66924, 35.70066
-16.66924, 35.70066
-16.66924, 35.70066
-16.67725, 35.7247
-16.70774, 35.81669
-16.73919, 35.91161
-16.77091, 36.00642
-16.80273, 36.10123
-16.83455, 36.19605
-16.86636, 36.29087
-16.89817, 36.38568
-16.92996, 36.4805
-16.96176, 36.57531
-16.99355, 36.67013
-17.02533, 36.76495
-17.0571, 36.85976
-17.08887, 36.95458
-17.12064, 37.04941
-17.1524, 37.14424
-17.18415, 37.23907
-17.2159, 37.33391
-17.24764, 37.42874
-17.27938, 37.52357
-17.3111, 37.61841
-17.34281, 37.71326
-17.37452, 37.80811
-17.40621, 37.90296
-17.43789, 37.99781
-17.46956, 38.09266
-17.49363, 38.16476
-17.49489, 38.16855
-17.49489, 38.16855
-17.49489, 38.16855
-17.4949, 38.16855
-17.4949, 38.16855
-17.4949, 38.16855
-17.49489, 38.16855
-17.49489, 38.16855
-17.49489, 38.16854
-17.49489, 38.16854
-17.49489, 38.16854
-17.49489, 38.16854
-17.49489, 38.16854
-17.49489, 38.16853
-17.49488, 38.16853
-17.49488, 38.16853
-17.49488, 38.16853
-17.49488, 38.16852
-17.49488, 38.16852
-17.49488, 38.16852
-17.49488, 38.16852
-17.49488, 38.16852
-17.49488, 38.16852
-17.49488, 38.16852
-17.49488, 38.16851
-17.49487, 38.16851
-17.49487, 38.16852
-17.50253, 38.19173
-17.53284, 38.28313
-17.56434, 38.37803
-17.59585, 38.47294
-17.62735, 38.56784
-17.65888, 38.66274
-17.69039, 38.75764
-17.7219, 38.85254
-17.75342, 38.94744
-17.78495, 39.04233
-17.81646, 39.13724
-17.82883, 39.1745
-17.82883, 39.1745
-17.82883, 39.1745
-17.82883, 39.1745
-17.82883, 39.1745
-17.82883, 39.1745
-17.82883, 39.1745
-17.82883, 39.1745
-17.82883, 39.1745
-17.82883, 39.1745
-17.82883, 39.1745
-17.82883, 39.1745
-17.82883, 39.1745
-17.82883, 39.1745
-17.82883, 39.1745
-17.82883, 39.1745
-17.7834, 39.14197
-17.70215, 39.08367
-17.6209, 39.02536
-17.53966, 38.96704
-17.45841, 38.90873
-17.37716, 38.85042
-17.29591, 38.79213
-17.21466, 38.73384
-17.13341, 38.67555
-17.05215, 38.61728
-16.97089, 38.55898
-16.88963, 38.50069
-16.80836, 38.44239
-16.7271, 38.3841
-16.64584, 38.32583
-16.56457, 38.26757
-16.48329, 38.20931
-16.402, 38.15105
-16.32072, 38.0928
-16.23944, 38.03454
-16.15816, 37.97628
-16.07687, 37.91803
-15.99558, 37.85978
-15.91429, 37.80155
-15.833, 37.74332
-15.7517, 37.68508
-15.6704, 37.62685
-15.58911, 37.56861
-15.5078, 37.51038
-15.4265, 37.45215
-15.36269, 37.40645
-15.35809, 37.40316
-15.35809, 37.40316
-15.3581, 37.40316
-15.3581, 37.40315
-15.35809, 37.40315
-15.35809, 37.40316
-15.35809, 37.40316
-15.35809, 37.40316
-15.35809, 37.40316
-15.35809, 37.40316
-15.3581, 37.40316
-15.3581, 37.40317
-15.3581, 37.40317
-15.3581, 37.40317
-15.3581, 37.40317
-15.3581, 37.40317
-15.3581, 37.40317
-15.3581, 37.40317
-15.3581, 37.40317
-15.3581, 37.40317
-15.3581, 37.40317
-15.34966, 37.39715
-15.28, 37.34752
-15.19857, 37.28949
-15.11715, 37.23146
-15.03573, 37.17342
-14.9543, 37.11539
-14.87288, 37.05736
-14.79145, 36.99934
-14.71003, 36.94131
-14.62861, 36.88325
-14.54719, 36.8252
-14.46576, 36.76717
-14.38434, 36.70913
-14.30291, 36.65109
-14.22149, 36.59305
-14.14006, 36.53501
-14.05863, 36.47697
-13.9772, 36.41893
-13.89578, 36.36088
-13.81435, 36.30286
-13.73292, 36.24483
-13.65148, 36.18679
-13.57006, 36.12875
-13.48862, 36.07072
-13.40719, 36.01269
-13.32576, 35.95465
-13.24433, 35.89661
-13.1629, 35.83857
-13.08147, 35.78054
-13.00005, 35.7225
-12.91862, 35.66445
-12.83719, 35.60641
-12.75575, 35.54838
-12.67432, 35.49034
-12.59289, 35.4323
-12.51146, 35.37425
-12.43002, 35.31622
-12.34858, 35.2582
-12.26715, 35.20016
-12.18573, 35.14212
-12.1043, 35.08408
-12.02287, 35.02604
-11.94145, 34.96801
-11.86003, 34.90994
-11.78121, 34.85372
-11.759, 34.83788
-11.759, 34.83788
-11.759, 34.83788
-11.759, 34.83788
-11.759, 34.83788
-11.759, 34.83788
-11.759, 34.83788
-11.759, 34.83788
-11.759, 34.83788
-11.759, 34.83788
-11.759, 34.83788
-11.759, 34.83788
-11.759, 34.83788
-11.76204, 34.83685
-11.8309, 34.81317
-11.92544, 34.78057
-12.01998, 34.74798
-12.11452, 34.71538
-12.20907, 34.68279
-12.30361, 34.6502
-12.39815, 34.61763
-12.4927, 34.58506
-12.58724, 34.5525
-12.68179, 34.51993
-12.77634, 34.48736
-12.87089, 34.4548
-12.96544, 34.42223
-13.05999, 34.38967
-13.15454, 34.35711
-13.24909, 34.32456
-13.34365, 34.292
-13.4382, 34.25945
-13.53276, 34.2269
-13.62731, 34.19435
-13.72187, 34.1618
-13.81643, 34.12925
-13.91099, 34.09672
-14.00555, 34.0642
-14.10012, 34.03168
-14.19468, 33.99916
-14.28925, 33.96664
-14.38381, 33.93412
-14.47838, 33.90161
-14.57295, 33.86911
-14.66752, 33.83661
-14.7621, 33.80411
-14.85667, 33.77161
-14.95124, 33.73911
-15.04582, 33.70663
-15.14039, 33.67416
-15.23497, 33.6417
-15.32956, 33.60923
-15.42414, 33.57676
-15.51873, 33.5443
-15.61331, 33.51185
-15.7079, 33.47941
-15.80249, 33.44695
-15.89709, 33.41452
-15.99168, 33.3821
-16.08628, 33.34967
-16.18088, 33.31726
-16.27548, 33.28485
-16.37009, 33.25244
-16.4647, 33.22004
-16.55628, 33.18871
-16.582, 33.17991
-16.582, 33.1799
-16.582, 33.1799
-16.582, 33.17991
-16.582, 33.1799
-16.582, 33.1799
-16.582, 33.17991
-16.582, 33.1799
-16.582, 33.17991
-16.582, 33.1799
-16.582, 33.1799
-16.582, 33.1799
-16.58199, 33.1799
-16.58199, 33.17991
-16.58199, 33.17991
-16.58199, 33.17991
-16.58199, 33.17991
-16.58199, 33.17992
-16.58199, 33.17992
-16.58199, 33.17992
-16.58199, 33.17992
-16.58199, 33.17992
-16.58199, 33.17991
-16.58199, 33.17991
-16.58199, 33.17991
-16.58199, 33.17991
-16.63957, 33.16064
-16.73422, 33.1284
-16.82888, 33.09617
-16.92354, 33.06393
-17.0182, 33.03168
-17.11286, 32.99945
-17.20752, 32.96721
-17.30217, 32.93496
-17.39684, 32.90273
-17.4915, 32.87049
-17.58615, 32.83826
-17.68081, 32.80603
-17.77547, 32.77381
-17.87015, 32.74162
-17.96481, 32.70939
-18.05948, 32.67717
-18.15415, 32.64494
-18.2372, 32.61669
-18.24815, 32.61297
-18.24815, 32.61297
-18.24815, 32.61297
-18.24815, 32.61297
-18.24815, 32.61297
-18.24815, 32.61297
-18.24815, 32.61297
-18.24815, 32.61297
-18.24815, 32.61297
-18.24815, 32.61297
-18.24815, 32.61297
-18.24815, 32.61297
-18.24815, 32.61297
-18.24815, 32.61297
-18.24815, 32.61297
-18.24611, 32.61568
-18.20137, 32.67408
-18.14032, 32.75329
-18.07929, 32.8325
-18.01827, 32.91173
-17.95726, 32.99096
-17.89625, 33.07019
-17.83525, 33.14943
-17.77427, 33.22868
-17.7133, 33.30794
-17.65234, 33.38721
-17.5914, 33.46648
-17.53047, 33.54577
-17.46956, 33.62508
-17.40867, 33.70441
-17.34781, 33.78376
-17.28697, 33.86312
-17.22617, 33.94252
-17.16542, 34.02195
-17.10474, 34.10143
-17.06691, 34.1511
-17.06654, 34.15158
-17.06654, 34.15158
-17.06654, 34.15158
-17.06654, 34.15158
-17.06654, 34.15158
-17.06654, 34.15158
-17.06654, 34.15158
-17.06654, 34.15158
-17.06654, 34.15158
-17.06654, 34.15158
-17.06947, 34.15281
-17.13655, 34.18085
-17.22883, 34.21937
-17.32112, 34.25788
-17.41341, 34.29638
-17.5057, 34.33489
-17.59799, 34.37339
-17.69028, 34.4119
-17.78258, 34.45041
-17.87487, 34.48892
-17.96717, 34.52742
-18.05947, 34.56591
-18.15176, 34.60438
-18.24406, 34.64285
-18.33636, 34.68132
-18.42865, 34.71979
-18.52095, 34.75825
-18.61325, 34.79672
-18.70556, 34.83519
-18.79786, 34.87366
-18.89017, 34.91211
-18.98247, 34.95056
-19.07478, 34.98901
-19.16708, 35.02747
-19.25939, 35.06591
-19.3517, 35.10436
-19.44402, 35.1428
-19.53635, 35.18124
-19.62867, 35.21967
-19.721, 35.2581
-19.81333, 35.29654
-19.90565, 35.33497
-19.99798, 35.37337
-20.09031, 35.41177
-20.18265, 35.45017
-20.27498, 35.48857
-20.36732, 35.52697
-20.45965, 35.56536
-20.55199, 35.60374
-20.64432, 35.64212
-20.73667, 35.6805
-20.82901, 35.71888
-20.92135, 35.75726
-21.0137, 35.79562
-21.10604, 35.83397
-21.19839, 35.87233
-21.29075, 35.91068
-21.3831, 35.94903
-21.47546, 35.98737
-21.56782, 36.0257
-21.64031, 36.05579
-21.64553, 36.05795
-21.64552, 36.05795
-21.64552, 36.05796
-21.64552, 36.05796
-21.64552, 36.05796
-21.64553, 36.05796
-21.64552, 36.05796
-21.64553, 36.05796
-21.64553, 36.05797
-21.64552, 36.05797
-21.64552, 36.05797
-21.64552, 36.05797
-21.64552, 36.05797
-21.64552, 36.05798
-21.64552, 36.05798
-21.64552, 36.05798
-21.64552, 36.05798
-21.64552, 36.05798
-21.64552, 36.05798
-21.64552, 36.05798
-21.64552, 36.05798
-21.64552, 36.05798
-21.64552, 36.05798
-21.64551, 36.05798
-21.64551, 36.05798
-21.64943, 36.05959
-21.72057, 36.08893
-21.81303, 36.12705
-21.90549, 36.16516
-21.99794, 36.20328
-22.0904, 36.24139
-22.18284, 36.27953
-22.2753, 36.31766
-22.36775, 36.35579
-22.4602, 36.39391
-22.55265, 36.43204
-22.6451, 36.47017
-22.73755, 36.5083
-22.83001, 36.54642
-22.92246, 36.58455
-23.01491, 36.62268
-23.10736, 36.66081
-23.19981, 36.69894
-23.29226, 36.73708
-23.3847, 36.77521
-23.47715, 36.81333
-23.5696, 36.85146
-23.66205, 36.88959
-23.7545, 36.92771
-23.84696, 36.9658
-23.93941, 37.0039
-24.03186, 37.04202
-24.12431, 37.08013
-24.21283, 37.11664
-24.23414, 37.12543
-24.23414, 37.12543
-24.23414, 37.12543
-24.23414, 37.12543
-24.23414, 37.12543
-24.23414, 37.12543
-24.23414, 37.12543
-24.23414, 37.12543
-24.23414, 37.12543
-24.2446, 37.10364
-24.286, 37.0165
-24.32887, 36.92589
-24.3716, 36.83548
-24.41433, 36.74508
-24.45705, 36.65467
-24.49977, 36.56426
-24.54248, 36.47385
-24.58519, 36.38341
-24.62788, 36.29298
-24.67056, 36.20254
-24.71323, 36.1121
-24.7559, 36.02166
-24.79855, 35.93121
-24.84119, 35.84075
-24.8838, 35.75029
-24.9264, 35.65982
-24.96898, 35.56934
-25.01151, 35.47884
-25.05401, 35.38831
-25.095, 35.30084
-25.10618, 35.27692
-25.10618, 35.27692
-25.10618, 35.27692
-25.10618, 35.27692
-25.10618, 35.27692
-25.10618, 35.27692
-25.10618, 35.27692
-25.10618, 35.27692
-25.10618, 35.27692
-25.10618, 35.27692
-25.10618, 35.27692
-25.13663, 35.30073
-25.2149, 35.36243
-25.2934, 35.42438
-25.3719, 35.48633
-25.4504, 35.54827
-25.52891, 35.61021
-25.60742, 35.67215
-25.68592, 35.7341
-25.76443, 35.79605
-25.84295, 35.858
-25.92146, 35.91994
-25.99998, 35.98188
-26.07849, 36.04382
-26.15701, 36.10575
-26.23553, 36.16769
-26.31405, 36.22961
-26.39257, 36.29153
-26.4711, 36.35345
-26.54963, 36.41537
-26.62815, 36.4773
-26.68862, 36.52499
-26.69229, 36.52788
-26.69229, 36.52788
-26.69229, 36.52789
-26.69229, 36.52788
-26.69229, 36.52788
-26.69229, 36.52788
-26.69229, 36.52789
-26.69229, 36.52789
-26.69229, 36.52789
-26.69228, 36.52789
-26.69229, 36.52789
-26.69229, 36.52789
-26.69229, 36.52789
-26.69229, 36.52789
-26.69229, 36.52789
-26.69229, 36.52789
-26.69229, 36.52789
-26.69229, 36.5279
-26.69229, 36.5279
-26.69229, 36.5279
-26.69229, 36.5279
-26.69229, 36.5279
-26.6923, 36.5279
-26.6923, 36.5279
-26.6923, 36.5279
-26.69229, 36.52789
-26.69229, 36.52789
-26.69229, 36.52789
-26.69229, 36.52789
-26.70053, 36.53451
-26.76788, 36.58773
-26.84649, 36.64955
-26.9251, 36.71137
-27.00372, 36.77317
-27.08233, 36.83498
-27.16094, 36.89678
-27.23956, 36.95858
-27.31817, 37.0204
-27.39678, 37.08221
-27.47539, 37.14403
-27.554, 37.20584
-27.63261, 37.26766
-27.71122, 37.32947
-27.78983, 37.39129
-27.86845, 37.45309
-27.94707, 37.51489
-28.02568, 37.5767
-28.10429, 37.6385
-28.18292, 37.70029
-28.26154, 37.7621
-28.34016, 37.82388
-28.41878, 37.88569
-28.4974, 37.94747
-28.57602, 38.00929
-28.65464, 38.07107
-28.73327, 38.13285
-28.8119, 38.19463
-28.89051, 38.25644
-28.96912, 38.31826
-29.04773, 38.38007
-29.12634, 38.44188
-29.20496, 38.50369
-29.28358, 38.56549
-29.36219, 38.62728
-29.44081, 38.68908
-29.51942, 38.75089
-29.59804, 38.8127
-29.67665, 38.87452
-29.75526, 38.93634
-29.83388, 38.99814
-29.90419, 39.05342
-29.91532, 39.06217
-29.91532, 39.06217
-29.91532, 39.06217
-29.91532, 39.06217
-29.91532, 39.06217
-29.91532, 39.06217
-29.91532, 39.06217
-29.91532, 39.06216
-29.91532, 39.06217
-29.91532, 39.06217
-29.91532, 39.06216
-29.91532, 39.06217
-29.91532, 39.06217
-29.91532, 39.06217
-29.91532, 39.06217
-29.91532, 39.06217
-29.91532, 39.06216
-29.91532, 39.06216
-29.91531, 39.06216
-29.91531, 39.06215
-29.91531, 39.06215
-29.91531, 39.06215
-29.91531, 39.06214
-29.91531, 39.06214
-29.91531, 39.06213
-29.9153, 39.06213
-29.9153, 39.06213
-29.9153, 39.06213
-29.9153, 39.06213
-29.9153, 39.06213
-29.9153, 39.06213
-29.9153, 39.06213
-29.9153, 39.06213
-29.91529, 39.06213
-29.91529, 39.06213
-29.91529, 39.06212
-29.91529, 39.06212
-29.91529, 39.06212
-29.91529, 39.06212
-29.8998, 39.07804
-29.83372, 39.14634
-29.76416, 39.21828
-29.69464, 39.29016
-29.62513, 39.36204
-29.55561, 39.43392
-29.4861, 39.50582
-29.41659, 39.5777
-29.34708, 39.64959
-29.27757, 39.72149
-29.20806, 39.79339
-29.13856, 39.86529
-29.08574, 39.91993
-29.08296, 39.92281
-29.08296, 39.92281
-29.08296, 39.92281
-29.08297, 39.92281
-29.08296, 39.92281
-29.08296, 39.92281
-29.08297, 39.92281
-29.08296, 39.92281
-29.08296, 39.92281
-29.08296, 39.92281
-29.08296, 39.92282
-29.08296, 39.92282
-29.08296, 39.92282
-29.08296, 39.92282
-29.08297, 39.92282
-29.08297, 39.92282
-29.08297, 39.92282
-29.08296, 39.92282
-29.08296, 39.92282
-29.08296, 39.92282
-29.08296, 39.92282
-29.08296, 39.92282
-29.08296, 39.92282
-29.08296, 39.92282
-29.08296, 39.92282
-29.08296, 39.92282
-29.08295, 39.92282
-29.08295, 39.92282
-29.08295, 39.92282
-29.08295, 39.92282
-29.08295, 39.92282
-29.07537, 39.93067
-29.01538, 39.99282
-28.94592, 40.06477
-28.87646, 40.13671
-28.807, 40.20866
-28.73754, 40.28062
-28.66808, 40.35257
-28.59862, 40.42451
-28.52917, 40.49646
-28.45971, 40.56841
-28.39025, 40.64035
-28.32079, 40.7123
-28.25133, 40.78425
-28.18187, 40.8562
-28.11241, 40.92815
-28.04295, 41.00011
-27.97349, 41.07206
-27.90404, 41.14405
-27.84217, 41.20816
-27.83271, 41.21796
-27.83271, 41.21796
-27.83271, 41.21796
-27.83271, 41.21796
-27.83271, 41.21796
-27.83271, 41.21796
-27.83271, 41.21796
-27.83271, 41.21796
-27.83271, 41.21796
-27.83271, 41.21796
-27.83271, 41.21796
-27.83271, 41.21796
-27.83271, 41.21796
-27.83271, 41.21796
-27.89385, 41.22208
-27.99366, 41.22834
-28.09347, 41.23462
-28.19327, 41.24089
-28.29309, 41.24715
-28.39289, 41.2534
-28.4927, 41.25966
-28.59251, 41.26592
-28.69233, 41.27217
-28.79213, 41.27842
-28.89194, 41.28466
-28.99175, 41.29089
-29.09155, 41.29713
-29.19136, 41.30336
-29.29117, 41.30959
-29.39097, 41.31581
-29.49078, 41.32203
-29.5906, 41.32824
-29.6904, 41.33445
-29.79021, 41.34065
-29.89002, 41.34686
-29.98983, 41.35305
-30.08963, 41.35923
-30.18944, 41.36541
-30.28926, 41.37159
-30.38907, 41.37776
-30.48889, 41.38393
-30.5887, 41.39009
-30.68852, 41.39624
-30.78833, 41.40239
-30.88815, 41.40852
-30.98797, 41.41465
-31.08779, 41.42077
-31.18761, 41.42689
-31.28743, 41.43299
-31.38724, 41.43909
-31.48707, 41.44519
-31.58689, 41.45129
-31.68671, 41.45737
-31.78228, 41.4632
-31.80521, 41.46459
-31.80521, 41.46459
-31.80521, 41.46459
-31.80521, 41.4646
-31.80521, 41.4646
-31.80521, 41.4646
-31.80521, 41.4646
-31.8052, 41.4646
-31.8052, 41.4646
-31.8052, 41.46461
-31.8052, 41.46461
-31.8052, 41.46461
-31.80521, 41.46461
-31.80521, 41.46461
-31.80521, 41.46461
-31.80521, 41.46461
-31.80521, 41.4646
-31.80521, 41.4646
-31.80521, 41.4646
-31.80521, 41.4646
-31.8052, 41.4646
-31.8052, 41.4646
-31.8177, 41.46534
-31.90633, 41.47057
-32.00615, 41.47647
-32.10598, 41.48237
-32.20581, 41.48826
-32.30564, 41.49416
-32.40548, 41.50005
-32.50531, 41.50595
-32.60514, 41.51184
-32.70497, 41.51776
-32.8048, 41.52366
-32.90463, 41.52956
-33.00446, 41.53544
-33.07955, 41.53988
-33.08302, 41.54008
-33.08302, 41.54008
-33.08302, 41.54008
-33.08302, 41.54008
-33.08302, 41.54008
-33.08302, 41.54008
-33.08302, 41.54008
-33.08302, 41.54008
-33.08302, 41.54008
-33.08302, 41.54008
-33.08302, 41.54008
-33.08302, 41.54008
-33.08302, 41.54008
-33.08302, 41.54008
-33.05668, 41.56565
-32.98544, 41.63464
-32.91359, 41.70418
-32.84175, 41.77373
-32.76992, 41.84331
-32.6981, 41.91289
-32.62628, 41.98249
-32.55447, 42.05209
-32.48267, 42.1217
-32.41089, 42.19131
-32.33912, 42.26094
-32.26735, 42.33058
-32.1956, 42.40024
-32.12386, 42.46992
-32.05215, 42.53961
-31.98046, 42.60932
-31.90879, 42.67906
-31.85256, 42.73381
-31.84851, 42.73775
-31.84851, 42.73775
-31.84851, 42.73775
-31.84851, 42.73775
-31.84851, 42.73776
-31.8485, 42.73776
-31.8485, 42.73776
-31.8485, 42.73777
-31.8485, 42.73776
-31.8485, 42.73776
-31.8485, 42.73776
-31.8485, 42.73776
-31.8485, 42.73776
-31.8485, 42.73776
-31.8485, 42.73776
-31.8485, 42.73776
-31.8485, 42.73776
-31.8485, 42.73776
-31.84849, 42.73776
-31.84849, 42.73776
-31.84849, 42.73776
-31.84849, 42.73776
-31.84849, 42.73776
-31.84849, 42.73775
-31.84849, 42.73775
-31.84848, 42.73776
-31.84849, 42.73775
-31.84849, 42.73776
-31.84849, 42.73776
-31.84849, 42.73776
-31.83126, 42.75462
-31.76259, 42.8218
-31.69112, 42.89172
-31.61964, 42.96165
-31.55106, 43.02877
-31.53401, 43.04546
-31.53401, 43.04546
-31.53401, 43.04546
-31.53401, 43.04546
-31.53401, 43.04546
-31.53401, 43.04546
-31.531, 43.04445
-31.46228, 43.02073
-31.36785, 42.9878
-31.27342, 42.95488
-31.179, 42.92197
-31.09432, 42.89247
-31.08065, 42.8877
-31.08065, 42.8877
-31.08065, 42.8877
-31.08064, 42.8877
-31.08064, 42.88771
-31.08064, 42.8877
-31.08064, 42.8877
-31.08064, 42.88771
-31.08064, 42.88771
-31.08064, 42.88771
-31.08063, 42.88771
-31.08063, 42.88771
-31.08063, 42.88772
-31.08064, 42.88772
-31.08063, 42.88772
-31.08063, 42.88773
-31.08063, 42.88773
-31.08063, 42.88773
-31.08063, 42.88773
-31.08063, 42.88772
-31.08063, 42.88772
-31.08063, 42.88771
-31.08063, 42.88772
-31.08063, 42.88771
-31.08062, 42.88771
-31.08063, 42.88771
-31.08062, 42.88771
-31.08062, 42.88771
-31.07762, 42.88667
-31.00894, 42.86283
-30.9145, 42.82994
-30.82004, 42.79706
-30.72558, 42.76421
-30.63112, 42.73137
-30.53666, 42.69855
-30.4422, 42.66574
-30.34772, 42.63296
-30.25324, 42.6002
-30.15876, 42.56747
-30.06426, 42.53476
-29.96975, 42.50209
-29.87521, 42.46947
-29.78065, 42.4369
-29.68608, 42.40441
-29.59447, 42.37307
-29.56862, 42.36427
-29.56862, 42.36427
-29.56862, 42.36427
-29.56862, 42.36427
-29.56862, 42.36427
-29.56862, 42.36427
-29.56862, 42.36427
-29.56862, 42.36427
-29.56862, 42.36427
-29.56862, 42.36427
-29.56862, 42.36427
-29.56862, 42.36427
-29.56862, 42.36427
-29.56862, 42.36427
-29.56862, 42.36427
-29.58867, 42.35643
-29.67657, 42.32218
-29.76976, 42.28592
-29.86294, 42.24963
-29.95613, 42.21333
-30.0493, 42.17703
-30.14248, 42.14073
-30.23565, 42.10442
-30.32882, 42.0681
-30.42199, 42.03178
-30.51516, 41.99545
-30.60832, 41.95911
-30.70148, 41.92277
-30.79464, 41.88642
-30.8878, 41.85006
-30.98096, 41.8137
-31.07411, 41.77731
-31.16726, 41.74091
-31.2604, 41.70451
-31.30151, 41.68843
-31.30151, 41.68843
-31.30151, 41.68843
-31.30151, 41.68843
-31.30151, 41.68843
-31.30151, 41.68843
-31.30151, 41.68843
-31.30151, 41.68843
-31.30151, 41.68843
-31.30151, 41.68843
-31.30151, 41.68843
-31.30151, 41.68843
-31.30151, 41.68843
-31.30151, 41.68843
-31.30151, 41.68843
-31.30151, 41.68844
-31.30151, 41.68844
-31.30152, 41.68844
-31.30151, 41.68844
-31.30151, 41.68844
-31.30152, 41.68845
-31.30152, 41.68845
-31.30152, 41.68844
-31.30152, 41.68844
-31.30152, 41.68844
-31.30152, 41.68844
-31.32126, 41.68068
-31.42474, 41.63997
-31.53641, 41.59604
-31.64806, 41.55212
-31.75972, 41.50819
-31.87137, 41.46425
-31.98304, 41.42033
-32.0947, 41.3764
-32.20635, 41.33244
-32.31801, 41.28849
-32.42967, 41.24455
-32.54134, 41.20059
-32.653, 41.15663
-32.71626, 41.13173
-32.71589, 41.13188
-32.71589, 41.13188
-32.71589, 41.13188
-32.71589, 41.13188
-32.71589, 41.13188
-32.72157, 41.13837
-32.78521, 41.2119
-32.8636, 41.30275
-32.94202, 41.39359
-33.02044, 41.48443
-33.09887, 41.57525
-33.17731, 41.66606
-33.25579, 41.75684
-33.33427, 41.84761
-33.41277, 41.93836
-33.49129, 42.0291
-33.56984, 42.11982
-33.64841, 42.2105
-33.72704, 42.30116
-33.8057, 42.39178
-33.88441, 42.48235
-33.96321, 42.57286
-34.04041, 42.66126
-34.09729, 42.72211
-34.18089, 42.80722
-34.26497, 42.89286
-34.32763, 42.95665
-34.33093, 42.96001
-34.33093, 42.96002
-34.33093, 42.96002
-34.33093, 42.96002
-34.33093, 42.96002
-34.33093, 42.96002
-34.33093, 42.96002
-34.33093, 42.96002
-34.33093, 42.96001
-34.33093, 42.96002
-34.33093, 42.96001
-34.33092, 42.96001
-34.33092, 42.96
-34.33092, 42.96
-34.33092, 42.96
-34.33092, 42.96
-34.33092, 42.96
-34.33091, 42.96
-34.33091, 42.96
-34.33091, 42.95999
-34.33091, 42.95999
-34.33091, 42.95999
-34.33091, 42.95999
-34.33091, 42.95999
-34.33091, 42.95999
-34.33091, 42.95999
-34.33091, 42.95999
-34.33091, 42.95999
-34.33091, 42.95999
-34.33091, 42.95999
-34.33091, 42.95999
-34.37932, 43.00906
-34.46407, 43.09471
-34.5485, 43.17998
-34.63292, 43.26526
-34.71733, 43.35054
-34.80173, 43.43584
-34.88611, 43.52113
-34.97046, 43.60646
-35.04075, 43.6776
-35.04778, 43.68472
-35.04778, 43.68472
-35.04778, 43.68472
-35.04778, 43.68472
-35.04778, 43.68472
-35.04778, 43.68472
-35.04779, 43.68473
-35.04779, 43.68473
-35.04779, 43.68473
-35.04779, 43.68474
-35.04779, 43.68475
-35.04779, 43.68475
-35.04779, 43.68475
-35.04779, 43.68475
-35.04779, 43.68475
-35.04779, 43.68475
-35.04779, 43.68475
-35.0478, 43.68475
-35.04779, 43.68475
-35.04779, 43.68475
-35.04779, 43.68476
-35.0478, 43.68476
-35.0478, 43.68476
-35.0478, 43.68476
-35.04779, 43.68476
-35.0478, 43.68477
-35.0478, 43.68477
-35.0478, 43.68477
-35.04781, 43.68477
-35.04781, 43.68477
-35.04781, 43.68477
-35.04781, 43.68477
-35.07209, 43.70946
-35.15434, 43.79311
-35.23847, 43.87866
-35.32261, 43.96422
-35.40675, 44.04976
-35.49092, 44.13529
-35.57507, 44.22084
-35.62302, 44.26961
-35.6228, 44.26937
-35.6228, 44.26937
-35.64107, 44.27249
-35.74808, 44.29065
-35.86641, 44.3107
-35.98471, 44.33076
-36.10302, 44.35083
-36.22133, 44.37091
-36.33963, 44.39098
-36.45794, 44.41105
-36.57623, 44.43113
-36.6945, 44.45121
-36.81279, 44.4713
-36.93107, 44.49139
-37.04935, 44.51149
-37.16764, 44.53158
-37.28592, 44.55169
-37.4042, 44.57181
-37.52249, 44.59195
-37.64077, 44.61209
-37.75906, 44.63225
-37.87735, 44.6524
-37.99563, 44.67256
-38.11391, 44.69273
-38.2322, 44.71291
-38.35048, 44.73311
-38.46877, 44.75331
-38.58705, 44.77353
-38.70531, 44.79377
-38.82357, 44.81404
-38.94183, 44.83438
-38.994, 44.84338
-38.994, 44.84338
-38.994, 44.84338
-38.994, 44.84338
-38.994, 44.84338
-38.994, 44.84338
-38.994, 44.84338
-38.994, 44.84338
-38.994, 44.84338
-38.994, 44.84338
-38.994, 44.84338
-38.99029, 44.83559
-38.94854, 44.74777
-38.89708, 44.63937
-38.84561, 44.53097
-38.79413, 44.42258
-38.74264, 44.31421
-38.69114, 44.20583
-38.6482, 44.11552
-38.64391, 44.10648
-38.6439, 44.10648
-38.64391, 44.10648
-38.64391, 44.10648
-38.64391, 44.10648
-38.6439, 44.10648
-38.64389, 44.10648
-38.64389, 44.10647
-38.64389, 44.10648
-38.6439, 44.10648
-38.6439, 44.10648
-38.64391, 44.10648
-38.64391, 44.10648
-38.64391, 44.10648
-38.64391, 44.10648
-38.64391, 44.10648
-38.64391, 44.10648
-38.64391, 44.10648
-38.64389, 44.10648
-38.6439, 44.10648
-38.6439, 44.10648
-38.64391, 44.10648
-38.64391, 44.10648
-38.64391, 44.10648
-38.6439, 44.10648
-38.64391, 44.10648
-38.64391, 44.10648
-38.64391, 44.10648
-38.61277, 44.04133
-38.56107, 43.93304
-38.50937, 43.82476
-38.45766, 43.71647
-38.40596, 43.60819
-38.35425, 43.49991
-38.30254, 43.39162
-38.25084, 43.28334
-38.19912, 43.17506
-38.1474, 43.06678
-38.09568, 42.95851
-38.04553, 42.85358
-38.03194, 42.82517
-38.03194, 42.82517
-38.03194, 42.82517
-38.03194, 42.82517
-38.03194, 42.82517
-38.03194, 42.82517
-38.03194, 42.82517
-38.03194, 42.82517
-38.03194, 42.82517
-38.03194, 42.82517
-38.03194, 42.82517
-38.03194, 42.82517
-38.03988, 42.82854
-38.12934, 42.86667
-38.23971, 42.91379
-38.35007, 42.96092
-38.46044, 43.00801
-38.57081, 43.05512
-38.68118, 43.10221
-38.79156, 43.14927
-38.90195, 43.19632
-39.01234, 43.24335
-39.12272, 43.29036
-39.23312, 43.33738
-39.34356, 43.38437
-39.454, 43.43135
-39.56444, 43.47829
-39.6749, 43.52521
-39.78535, 43.57211
-39.89582, 43.61897
-40.0063, 43.6658
-40.11679, 43.7126
-40.2273, 43.75935
-40.33784, 43.80604
-40.44842, 43.85266
-40.55904, 43.89915
-40.64154, 43.93366
-40.64589, 43.93547
-40.64589, 43.93547
-40.64589, 43.93547
-40.64589, 43.93547
-40.64589, 43.93547
-40.64589, 43.93547
-40.64589, 43.93547
-40.64589, 43.93547
-40.64589, 43.93547
-40.64589, 43.93547
-40.61992, 43.95633
-40.52894, 44.02933
-40.43535, 44.10443
-40.34177, 44.17952
-40.24819, 44.25462
-40.15461, 44.32974
-40.06102, 44.40484
-39.96744, 44.47995
-39.87386, 44.55505
-39.78028, 44.63016
-39.68669, 44.70526
-39.59311, 44.78037
-39.49953, 44.85548
-39.40595, 44.93057
-39.31236, 45.00567
-39.21878, 45.08078
-39.1252, 45.15589
-39.03162, 45.23101
-38.93804, 45.30611
-38.84446, 45.38122
-38.75087, 45.45633
-38.6573, 45.53145
-38.56372, 45.60658
-38.49612, 45.66084
-38.49352, 45.66293
-38.49352, 45.66293
-38.49353, 45.66293
-38.49353, 45.66293
-38.49353, 45.66293
-38.49353, 45.66293
-38.49353, 45.66293
-38.49353, 45.66293
-38.49352, 45.66293
-38.49352, 45.66293
-38.49352, 45.66294
-38.49352, 45.66294
-38.49353, 45.66294
-38.49353, 45.66294
-38.49353, 45.66294
-38.49353, 45.66294
-38.49353, 45.66294
-38.49353, 45.66294
-38.49353, 45.66295
-38.49353, 45.66295
-38.49353, 45.66295
-38.49353, 45.66295
-38.49353, 45.66295
-38.48673, 45.66841
-38.41076, 45.72943
-38.3172, 45.80458
-38.22366, 45.87975
-38.13012, 45.95491
-38.03658, 46.03008
-37.94303, 46.10524
-37.84947, 46.1804
-37.75588, 46.25554
-37.66232, 46.3307
-37.56878, 46.40586
-37.47522, 46.48102
-37.38167, 46.55617
-37.28812, 46.63133
-37.19456, 46.70649
-37.10102, 46.78165
-37.00747, 46.85681
-36.91391, 46.93196
-36.82037, 47.00713
-36.72682, 47.08229
-36.63327, 47.15744
-36.53972, 47.2326
-36.44617, 47.30777
-36.35263, 47.38293
-36.25909, 47.4581
-36.16554, 47.53326
-36.07198, 47.60841
-35.97844, 47.68358
-35.88489, 47.75874
-35.79132, 47.83388
-35.69777, 47.90904
-35.60421, 47.9842
-35.51064, 48.05935
-35.41709, 48.13453
-35.32354, 48.20973
-35.22998, 48.2849
-35.13641, 48.36006
-35.04284, 48.43521
-34.94927, 48.51038
-34.8557, 48.58554
-34.76214, 48.6607
-34.66858, 48.73586
-34.58182, 48.80556
-34.56422, 48.8197
-34.56422, 48.8197
-34.56422, 48.8197
-34.56422, 48.8197
-34.56422, 48.8197
-34.56422, 48.8197
-34.56422, 48.8197
-34.56422, 48.8197
-34.56422, 48.8197
-34.56422, 48.8197
-34.59227, 48.83363
-34.6959, 48.88503
-34.80342, 48.93834
-34.91094, 48.99165
-35.01846, 49.04496
-35.12597, 49.09827
-35.23347, 49.15158
-35.34097, 49.20489
-35.44847, 49.25821
-35.55597, 49.31154
-35.66347, 49.36487
-35.77097, 49.4182
-35.87848, 49.47153
-35.98598, 49.52486
-36.09349, 49.5782
-36.20099, 49.63156
-36.3085, 49.68492
-36.416, 49.73827
-36.52349, 49.79163
-36.63095, 49.84498
-36.73843, 49.89835
-36.84588, 49.95172
-36.95334, 50.0051
-37.0608, 50.05847
-37.16825, 50.11184
-37.27571, 50.16523
-37.38316, 50.21864
-37.49062, 50.27206
-37.59806, 50.32549
-37.70551, 50.37892
-37.81293, 50.43237
-37.92037, 50.48582
-38.02781, 50.53926
-38.13524, 50.59273
-38.24266, 50.64619
-38.35008, 50.69968
-38.45749, 50.75316
-38.55685, 50.80265
-38.57656, 50.81247
-38.57655, 50.81246
-38.57655, 50.81246
-38.57655, 50.81247
-38.57656, 50.81247
-38.57656, 50.81247
-38.57656, 50.81247
-38.57656, 50.81247
-38.57657, 50.81247
-38.57656, 50.81248
-38.57657, 50.81248
-38.57656, 50.81249
-38.57656, 50.81249
-38.57655, 50.8125
-38.57655, 50.8125
-38.57654, 50.8125
-38.57654, 50.8125
-38.57654, 50.8125
-38.57654, 50.8125
-38.57654, 50.8125
-38.57654, 50.8125
-38.57998, 50.81422
-38.65977, 50.85408
-38.76712, 50.9077
-38.87445, 50.96135
-38.9818, 51.015
-39.08914, 51.06865
-39.19647, 51.1223
-39.30381, 51.17592
-39.34581, 51.19691
-39.34581, 51.19691
-39.34581, 51.19691
-39.34581, 51.19691
-39.34581, 51.19691
-39.34581, 51.19691
-39.34581, 51.19691
-39.34581, 51.19691
-39.34581, 51.19691
-39.34581, 51.19691
-39.34581, 51.19691
-39.34581, 51.19691
-39.34581, 51.19691
-39.34438, 51.19469
-39.29959, 51.12455
-39.23512, 51.02336
-39.17063, 50.92216
-39.10614, 50.82096
-39.04164, 50.71977
-38.97712, 50.61857
-38.91259, 50.51738
-38.84948, 50.41843
-38.82971, 50.38742
-38.82971, 50.38742
-38.82971, 50.38742
-38.82971, 50.38742
-38.82972, 50.38742
-38.82972, 50.38742
-38.82972, 50.38742
-38.82972, 50.38742
-38.82972, 50.38741
-38.82972, 50.38742
-38.82972, 50.38741
-38.82973, 50.38741
-38.82972, 50.3874
-38.82972, 50.38739
-38.82972, 50.38739
-38.82973, 50.38739
-38.82972, 50.38739
-38.82972, 50.38739
-38.82972, 50.38739
-38.81998, 50.37196
-38.76171, 50.28075
-38.69698, 50.1797
-38.63225, 50.07866
-38.56752, 49.97761
-38.50278, 49.87658
-38.43804, 49.77554
-38.37331, 49.67449
-38.30858, 49.57344
-38.24385, 49.4724
-38.17912, 49.37135
-38.11438, 49.27031
-38.04966, 49.16925
-37.98492, 49.06822
-37.92019, 48.96718
-37.85546, 48.86614
-37.79072, 48.7651
-37.72599, 48.66406
-37.66126, 48.56301
-37.59653, 48.46197
-37.5318, 48.36092
-37.46707, 48.25988
-37.40234, 48.15883
-37.33761, 48.05778
-37.27288, 47.95674
-37.20815, 47.8557
-37.14342, 47.75465
-37.07869, 47.65361
-37.01395, 47.55256
-36.94922, 47.45151
-36.88449, 47.35047
-36.81975, 47.24943
-36.75502, 47.14839
-36.69029, 47.04733
-36.62555, 46.94629
-36.56082, 46.84524
-36.49609, 46.74419
-36.43134, 46.64316
-36.36657, 46.54213
-36.30182, 46.4411
-36.23708, 46.34006
-36.17233, 46.23903
-36.1076, 46.13799
-36.04287, 46.03694
-35.97813, 45.9359
-35.9134, 45.83485
-35.84865, 45.73381
-35.78391, 45.63277
-35.71917, 45.53173
-35.65445, 45.43068
-35.58971, 45.32963
-35.52498, 45.22858
-35.46025, 45.12754
-35.39551, 45.02649
-35.33553, 44.93289
-35.32348, 44.91409
-35.32348, 44.91409
-35.32348, 44.91409
-35.32348, 44.91409
-35.32348, 44.91409
-35.32348, 44.91409
-35.32348, 44.91409
-35.32349, 44.91409
-35.32348, 44.91409
-35.32347, 44.91408
-35.32347, 44.91408
-35.32347, 44.91408
-35.32347, 44.91407
-35.32347, 44.91407
-35.32347, 44.91406
-35.32347, 44.91406
-35.32347, 44.91406
-35.32347, 44.91406
-35.32347, 44.91406
-35.32347, 44.91406
-35.32347, 44.91406
-35.32348, 44.91406
-35.32348, 44.91406
-35.33428, 44.94467
-35.37295, 45.05484
-35.41267, 45.16806
-35.4524, 45.28129
-35.49213, 45.39452
-35.53185, 45.50775
-35.57155, 45.62099
-35.61126, 45.73423
-35.65097, 45.84747
-35.69067, 45.96073
-35.73038, 46.07398
-35.77008, 46.18724
-35.80978, 46.30049
-35.84947, 46.41375
-35.88916, 46.527
-35.92882, 46.64025
-35.96186, 46.73462
-35.96517, 46.74406
-35.96517, 46.74406
-35.96517, 46.74406
-35.96517, 46.74406
-35.96517, 46.74407
-35.96518, 46.74408
-35.96518, 46.74408
-35.96518, 46.74408
-35.96518, 46.74408
-35.96518, 46.74408
-35.96518, 46.74408
-35.96518, 46.74409
-35.96519, 46.74409
-35.96519, 46.74409
-35.96519, 46.74409
-35.96519, 46.74411
-35.96519, 46.74411
-35.96519, 46.74411
-35.96519, 46.74411
-35.96519, 46.74411
-35.96519, 46.74411
-35.96519, 46.74411
-35.96519, 46.74411
-35.96519, 46.74411
-35.96519, 46.74411
-35.96518, 46.74411
-35.96518, 46.74412
-35.96518, 46.74413
-35.96518, 46.74413
-35.96623, 46.74713
-35.99454, 46.82817
-36.03411, 46.94146
-36.07368, 47.05473
-36.11325, 47.168
-36.15281, 47.28127
-36.1924, 47.39454
-36.23095, 47.50483
-36.24221, 47.53705
-36.24221, 47.53705
-36.24221, 47.53705
-36.24974, 47.54124
-36.33499, 47.58802
-36.44025, 47.64561
-36.54551, 47.7032
-36.65078, 47.76079
-36.75607, 47.81837
-36.86135, 47.87596
-36.96664, 47.93353
-37.07192, 47.99109
-37.1772, 48.04865
-37.28248, 48.10622
-37.38777, 48.16378
-37.49305, 48.22132
-37.59835, 48.27886
-37.70367, 48.3364
-37.80899, 48.39394
-37.91432, 48.45147
-38.01965, 48.50897
-38.12497, 48.56647
-38.2303, 48.62396
-38.33563, 48.68146
-38.44096, 48.73893
-38.54631, 48.79642
-38.65167, 48.85389
-38.75702, 48.91136
-38.86237, 48.96881
-38.96773, 49.02626
-39.07309, 49.0837
-39.17846, 49.14113
-39.28383, 49.19855
-39.38921, 49.25597
-39.48701, 49.30923
-39.50699, 49.32011
-39.50699, 49.32011
-39.50699, 49.32011
-39.50699, 49.3201
-39.50699, 49.3201
-39.50699, 49.3201
-39.507, 49.3201
-39.507, 49.3201
-39.507, 49.3201
-39.507, 49.32011
-39.50699, 49.32011
-39.50699, 49.32011
-39.50699, 49.32011
-39.507, 49.3201
-39.507, 49.32011
-39.507, 49.32011
-39.507, 49.32011
-39.51037, 49.32193
-39.58875, 49.36441
-39.69423, 49.42158
-39.79974, 49.47873
-39.90523, 49.53591
-40.01075, 49.59307
-40.11626, 49.65024
-40.22178, 49.70742
-40.32729, 49.76459
-40.4328, 49.82177
-40.53832, 49.87893
-40.64384, 49.9361
-40.74935, 49.99327
-40.85487, 50.05045
-40.96038, 50.10762
-41.0659, 50.16479
-41.17142, 50.22196
-41.27695, 50.27911
-41.38248, 50.33624
-41.46912, 50.38314
-41.47661, 50.38719
-41.47661, 50.38719
-41.47661, 50.38719
-41.47661, 50.38719
-41.47661, 50.38719
-41.47661, 50.38719
-41.47661, 50.38719
-41.47661, 50.38719
-41.47661, 50.38719
-41.47661, 50.38719
-41.46919, 50.39159
-41.38509, 50.44042
-41.28116, 50.50039
-41.17722, 50.56035
-41.07329, 50.62032
-40.96935, 50.6803
-40.86542, 50.7403
-40.76148, 50.80029
-40.65755, 50.86028
-40.55362, 50.92027
-40.44968, 50.98027
-40.34576, 51.04028
-40.24185, 51.1003
-40.13794, 51.16031
-40.03403, 51.22032
-39.93012, 51.28035
-39.82621, 51.34038
-39.72229, 51.40042
-39.61839, 51.46046
-39.5145, 51.52052
-39.41061, 51.58061
-39.30672, 51.64069
-39.20284, 51.70078
-39.09895, 51.76088
-38.99509, 51.82098
-38.89125, 51.88109
-38.79487, 51.93689
-38.77518, 51.94828
-38.77518, 51.94828
-38.77518, 51.94828
-38.77518, 51.94828
-38.77518, 51.94829
-38.77517, 51.94829
-38.77517, 51.94829
-38.77517, 51.94829
-38.77517, 51.94829
-38.77517, 51.94829
-38.77517, 51.94829
-38.77517, 51.94829
-38.77518, 51.94829
-38.77518, 51.94828
-38.77517, 51.94829
-38.77517, 51.94829
-38.77517, 51.94829
-38.77517, 51.94829
-38.77517, 51.94828
-38.77517, 51.94828
-38.77517, 51.94828
-38.77517, 51.94828
-38.77517, 51.94828
-38.77517, 51.94828
-38.77517, 51.94828
-38.77517, 51.94828
-38.77517, 51.94828
-38.77517, 51.94828
-38.77517, 51.94828
-38.77517, 51.94828
-38.71227, 51.98489
-38.60856, 52.04525
-38.50485, 52.1056
-38.40115, 52.16597
-38.29742, 52.22631
-38.1937, 52.28666
-38.08997, 52.347
-37.98623, 52.40733
-37.88251, 52.46769
-37.77877, 52.52803
-37.67504, 52.58836
-37.57131, 52.64871
-37.46757, 52.70905
-37.36384, 52.76938
-37.26011, 52.82974
-37.1564, 52.89012
-37.05268, 52.9505
-36.94896, 53.01085
-36.84524, 53.07122
-36.74152, 53.1316
-36.6682, 53.17424
-36.66613, 53.17546
-36.66613, 53.17546
-36.66613, 53.17546
-36.66613, 53.17546
-36.66613, 53.17546
-36.66613, 53.17546
-36.66613, 53.17546
-36.66613, 53.17546
-36.66613, 53.17546
-36.66613, 53.17546
-36.66613, 53.17546
-36.66613, 53.17546
-36.66613, 53.17546
-36.66613, 53.17546
-36.66613, 53.17546
-36.69167, 53.15548
-36.78315, 53.08381
-36.87758, 53.00976
-36.97203, 52.93574
-37.06649, 52.86172
-37.16095, 52.78772
-37.25544, 52.71372
-37.34993, 52.63974
-37.44442, 52.56578
-37.53893, 52.49185
-37.63346, 52.41794
-37.728, 52.34405
-37.82257, 52.27019
-37.91715, 52.19635
-38.01175, 52.12255
-38.1064, 52.04878
-38.20109, 51.97506
-38.29583, 51.90141
-38.39067, 51.82787
-38.43129, 51.79646
-38.43129, 51.79646
-38.43129, 51.79646
-38.43129, 51.79646
-38.43129, 51.79646
-38.43129, 51.79646
-38.43129, 51.79646
-38.43129, 51.79646
-38.43129, 51.79646
-38.43129, 51.79646
-38.43129, 51.79646
-38.43129, 51.79646
-38.36654, 51.78252
-38.24914, 51.75766
-38.13174, 51.7328
-38.01434, 51.70795
-37.89674, 51.68304
-37.77929, 51.65821
-37.66188, 51.63338
-37.54446, 51.60857
-37.42705, 51.58376
-37.30964, 51.55894
-37.19222, 51.53412
-37.07481, 51.50931
-36.95739, 51.48451
-36.83997, 51.45972
-36.72255, 51.43493
-36.60513, 51.41014
-36.48772, 51.38537
-36.37028, 51.36061
-36.25286, 51.33586
-36.13543, 51.31112
-36.01799, 51.28638
-35.90057, 51.26166
-35.78314, 51.23694
-35.6657, 51.21223
-35.54828, 51.18755
-35.43086, 51.16287
-35.31343, 51.1382
-35.19598, 51.11355
-35.07853, 51.08891
-34.96109, 51.06429
-34.84365, 51.03969
-34.7262, 51.01511
-34.6292, 50.99481
-34.62028, 50.99295
-34.62028, 50.99295
-34.62029, 50.99295
-34.62027, 50.99295
-34.62027, 50.99295
-34.62027, 50.99295
-34.62027, 50.99295
-34.62027, 50.99295
-34.62027, 50.99295
-34.62027, 50.99295
-34.62027, 50.99295
-34.62027, 50.99295
-34.62027, 50.99295
-34.62027, 50.99295
-34.62027, 50.99296
-34.62027, 50.99295
-34.62027, 50.99295
-34.62027, 50.99295
-34.62027, 50.99295
-34.62027, 50.99295
-34.61654, 50.99218
-34.52937, 50.97409
-34.41186, 50.94971
-34.29435, 50.92534
-34.17685, 50.90097
-34.05934, 50.87659
-33.94183, 50.85221
-33.82433, 50.82785
-33.70682, 50.80347
-33.58931, 50.77909
-33.50629, 50.76187
-33.50395, 50.76138
-33.50395, 50.76138
-33.50395, 50.76138
-33.50395, 50.76138
-33.50395, 50.76138
-33.50395, 50.76138
-33.50395, 50.76138
-33.50395, 50.76138
-33.50504, 50.75897
-33.53959, 50.68324
-33.58954, 50.57413
-33.6395, 50.46503
-33.68945, 50.35591
-33.73941, 50.2468
-33.78936, 50.13766
-33.83928, 50.02853
-33.8892, 49.91941
-33.93913, 49.81028
-33.98904, 49.70115
-34.03894, 49.59202
-34.08884, 49.48289
-34.13764, 49.37617
-34.15293, 49.34273
-34.15292, 49.34273
-34.15292, 49.34273
-34.15292, 49.34272
-34.15292, 49.34272
-34.15292, 49.34272
-34.15292, 49.34273
-34.15292, 49.34273
-34.15292, 49.34273
-34.15292, 49.34273
-34.15292, 49.34273
-34.15292, 49.34273
-34.15292, 49.34273
-34.15292, 49.34273
-34.15292, 49.34273
-34.15292, 49.34273
-34.15291, 49.34273
-34.15291, 49.34273
-34.15291, 49.34273
-34.15291, 49.34273
-34.15291, 49.34273
-34.15291, 49.34273
-34.15291, 49.34273
-34.15291, 49.34273
-34.15291, 49.34273
-34.15291, 49.34273
-34.15291, 49.34273
-34.15291, 49.34273
-34.18104, 49.28082
-34.23069, 49.17158
-34.28035, 49.06234
-34.32999, 48.95311
-34.37964, 48.84386
-34.42928, 48.73462
-34.47893, 48.62537
-34.52857, 48.51612
-34.57822, 48.40688
-34.62787, 48.29764
-34.67752, 48.1884
-34.72717, 48.07916
-34.77682, 47.96991
-34.82647, 47.86067
-34.87612, 47.75142
-34.92578, 47.64218
-34.97543, 47.53293
-35.02507, 47.42369
-35.07473, 47.31445
-35.12438, 47.2052
-35.17403, 47.09596
-35.22368, 46.98671
-35.27332, 46.87747
-35.32296, 46.76822
-35.3726, 46.65897
-35.42224, 46.54972
-35.47187, 46.44047
-35.51363, 46.34851
-35.51818, 46.3385
-35.51818, 46.3385
-35.51818, 46.3385
-35.51818, 46.3385
-35.51818, 46.3385
-35.51818, 46.3385
-35.51818, 46.3385
-35.51818, 46.3385
-35.50102, 46.33328
-35.39755, 46.30252
-35.28245, 46.26851
-35.16736, 46.23451
-35.0523, 46.2005
-34.93724, 46.16649
-34.82218, 46.13248
-34.70712, 46.09846
-34.59206, 46.06443
-34.477, 46.03041
-34.36195, 45.99637
-34.24689, 45.96234
-34.13183, 45.92831
-34.01677, 45.89427
-33.90171, 45.86021
-33.78666, 45.82616
-33.6716, 45.7921
-33.55653, 45.75805
-33.44148, 45.72399
-33.32642, 45.68991
-33.21136, 45.65583
-33.14424, 45.63596
-33.14425, 45.63596
-33.14425, 45.63596
-33.14425, 45.63595
-33.14425, 45.63595
-33.14426, 45.63594
-33.14426, 45.63595
-33.14426, 45.63595
-33.14426, 45.63596
-33.14426, 45.63596
-33.14426, 45.63596
-33.14426, 45.63596
-33.14426, 45.63596
-33.14426, 45.63596
-33.14426, 45.63596
-33.14426, 45.63596
-33.14426, 45.63594
-33.14426, 45.63594
-33.14426, 45.63594
-33.14426, 45.63594
-33.14426, 45.63594
-33.14426, 45.63594
-33.14426, 45.63594
-33.14426, 45.63594
-33.09888, 45.62239
-32.98439, 45.58821
-32.8694, 45.55387
-32.75441, 45.51954
-32.63942, 45.48521
-32.52443, 45.45088
-32.40944, 45.41653
-32.29445, 45.38219
-32.17945, 45.34784
-32.06446, 45.31348
-31.94948, 45.27911
-31.8345, 45.24477
-31.71951, 45.21042
-31.60452, 45.17608
-31.48953, 45.14177
-31.37455, 45.10743
-31.25956, 45.07309
-31.14458, 45.03874
-31.02959, 45.00439
-30.91459, 44.97009
-30.7996, 44.93575
-30.68462, 44.90138
-30.56963, 44.86705
-30.45464, 44.83274
-30.33965, 44.7984
-30.22466, 44.7641
-30.10966, 44.7298
-29.99467, 44.69545
-29.87968, 44.66114
-29.76469, 44.6268
-29.64971, 44.59245
-29.53472, 44.55811
-29.41973, 44.52379
-29.30474, 44.48944
-29.18976, 44.45509
-29.07476, 44.42076
-28.95976, 44.38646
-28.84477, 44.35216
-28.72977, 44.31786
-28.61477, 44.28357
-28.49978, 44.24924
-28.38478, 44.21492
-28.27836, 44.18317
-28.25717, 44.17685
-28.25717, 44.17685
-28.25717, 44.17685
-28.25717, 44.17685
-28.25717, 44.17685
-28.25717, 44.17685
-28.25717, 44.17685
-28.25717, 44.17685
-28.25717, 44.17685
-28.25717, 44.17685
-28.25717, 44.17685
-28.25717, 44.17685
-28.25717, 44.17685
-28.25717, 44.17685
-28.29444, 44.20749
-28.38717, 44.2831
-28.4802, 44.3589
-28.57324, 44.4347
-28.66628, 44.51048
-28.75933, 44.58625
-28.85237, 44.66202
-28.94541, 44.7378
-29.03847, 44.81358
-29.13152, 44.88936
-29.22457, 44.96514
-29.31762, 45.04091
-29.41068, 45.11665
-29.50375, 45.19241
-29.59682, 45.26817
-29.68989, 45.34393
-29.78295, 45.41968
-29.87603, 45.49544
-29.96912, 45.57117
-30.06221, 45.64689
-30.1553, 45.72261
-30.2484, 45.79831
-30.3415, 45.87402
-30.43459, 45.94973
-30.52769, 46.02543
-30.62081, 46.10112
-30.71391, 46.1768
-30.80702, 46.25249
-30.90014, 46.32818
-30.99326, 46.40387
-31.08639, 46.47955
-31.17952, 46.55521
-31.27265, 46.63088
-31.36579, 46.70654
-31.45893, 46.7822
-31.55208, 46.85783
-31.64523, 46.93347
-31.73838, 47.00911
-31.83154, 47.08475
-31.9247, 47.16038
-32.01788, 47.236
-32.11105, 47.31163
-32.20424, 47.38723
-32.29744, 47.46283
-32.39064, 47.53843
-32.48385, 47.61401
-32.57707, 47.68959
-32.67029, 47.76517
-32.76352, 47.84073
-32.85677, 47.91628
-32.95001, 47.99179
-33.04327, 48.0673
-33.13654, 48.14278
-33.22982, 48.21827
-33.32312, 48.29373
-33.40921, 48.36333
-33.42585, 48.37678
-33.42585, 48.37677
-33.42586, 48.37677
-33.42586, 48.37677
-33.42586, 48.37677
-33.42586, 48.37677
-33.42586, 48.37677
-33.42586, 48.37677
-33.42586, 48.37677
-33.42587, 48.37677
-33.42587, 48.37677
-33.42587, 48.37677
-33.42587, 48.37677
-33.42587, 48.37677
-33.42587, 48.37677
-33.42587, 48.37677
-33.42587, 48.37677
-33.42587, 48.37677
-33.42587, 48.37677
-33.42587, 48.37677
-33.42587, 48.37677
-33.44101, 48.38897
-33.52626, 48.45761
-33.61971, 48.53287
-33.71317, 48.60813
-33.80661, 48.68338
-33.90009, 48.75863
-33.99357, 48.83388
-34.08707, 48.90911
-34.17808, 48.9824
-34.20474, 49.00387
-34.20474, 49.00387
-34.20474, 49.00387
-34.20474, 49.00387
-34.20474, 49.00387
-34.20474, 49.00387
-34.20474, 49.00387
-34.20474, 49.00387
-34.20474, 49.00387
-34.20474, 49.00387
-34.20474, 49.00387
-34.20474, 49.00387
-34.2021, 49.00393
-34.11889, 49.00581
-33.99891, 49.00861
-33.87893, 49.0114
-33.75895, 49.01418
-33.63897, 49.01695
-33.51899, 49.0197
-33.39901, 49.02243
-33.3096, 49.02444
-33.30489, 49.02455
-33.30489, 49.02454
-33.30489, 49.02455
-33.30489, 49.02455
-33.30489, 49.02454
-33.30488, 49.02454
-33.30489, 49.02454
-33.30489, 49.02454
-33.30489, 49.02454
-33.3049, 49.02454
-33.3049, 49.02454
-33.3049, 49.02454
-33.3049, 49.02454
-33.30489, 49.02454
-33.30489, 49.02454
-33.3049, 49.02454
-33.30489, 49.02454
-33.30489, 49.02454
-33.30489, 49.02454
-33.3049, 49.02454
-33.3049, 49.02454
-33.3049, 49.02454
-33.3049, 49.02454
-33.3049, 49.02454
-33.3049, 49.02454
-33.23231, 49.02601
-33.11235, 49.02845
-32.99238, 49.0309
-32.87243, 49.03334
-32.75246, 49.03578
-32.6325, 49.03821
-32.51254, 49.04066
-32.39259, 49.04312
-32.27262, 49.04555
-32.15267, 49.04802
-32.03271, 49.05046
-31.92361, 49.05267
-31.90536, 49.05304
-31.90536, 49.05304
-31.90536, 49.05304
-31.90536, 49.05304
-31.90536, 49.05304
-31.86911, 48.99804
-31.80317, 48.89779
-31.73716, 48.79745
-31.67116, 48.6971
-31.60522, 48.59684
-31.53929, 48.49656
-31.47336, 48.39629
-31.40743, 48.296
-31.34152, 48.19573
-31.2756, 48.09546
-31.2097, 47.99516
-31.1438, 47.89486
-31.07792, 47.79456
-31.01203, 47.69426
-30.94616, 47.59396
-30.88029, 47.49366
-30.81442, 47.39334
-30.74857, 47.29301
-30.68272, 47.19269
-30.61688, 47.09235
-30.55106, 46.992
-30.48524, 46.89165
-30.42126, 46.79409
-30.40299, 46.7662
-30.40299, 46.7662
-30.40299, 46.7662
-30.40299, 46.7662
-30.40299, 46.7662
-30.40299, 46.7662
-30.40299, 46.7662
-30.40299, 46.76621
-30.403, 46.76622
-30.403, 46.76622
-30.403, 46.76622
-30.40299, 46.76622
-30.403, 46.76622
-30.40299, 46.76622
-30.40299, 46.76622
-30.40299, 46.76622
-30.40299, 46.76622
-30.40299, 46.76624
-30.40299, 46.76623
-30.40299, 46.76623
-30.3913, 46.74834
-30.3304, 46.65509
-30.26476, 46.55461
-30.19913, 46.45412
-30.13349, 46.35365
-30.06785, 46.25318
-30.00221, 46.15269
-29.93657, 46.05221
-29.87093, 45.95173
-29.8053, 45.85126
-29.73966, 45.75078
-29.67402, 45.6503
-29.60837, 45.54983
-29.54273, 45.44937
-29.4771, 45.3489
-29.42315, 45.26633
-29.41843, 45.25909
-29.41843, 45.25909
-29.41843, 45.25909
-29.41843, 45.25909
-29.41843, 45.25909
-29.4089, 45.26074
-29.31106, 45.27788
-29.19285, 45.29869
-29.07466, 45.31955
-28.95648, 45.34039
-28.83832, 45.36122
-28.72014, 45.38203
-28.60195, 45.40285
-28.48376, 45.42364
-28.36558, 45.44443
-28.2474, 45.46519
-28.12921, 45.48593
-28.01101, 45.50666
-27.89281, 45.52737
-27.77461, 45.54805
-27.6564, 45.56871
-27.53819, 45.58933
-27.41997, 45.60989
-27.30173, 45.63039
-27.18347, 45.65081
-27.0842, 45.66785
-27.07362, 45.66965
-27.07362, 45.66965
-27.07362, 45.66965
-27.07362, 45.66965
-27.07362, 45.66965
-27.07362, 45.66965
-27.07362, 45.66965
-27.07362, 45.66965
-27.07362, 45.66964
-27.07362, 45.66965
-27.07362, 45.66964
-27.07362, 45.66964
-27.07362, 45.66964
-27.07363, 45.66965
-27.07363, 45.66965
-27.07363, 45.66965
-27.07363, 45.66965
-27.07363, 45.66965
-27.07363, 45.66965
-27.07363, 45.66965
-27.07363, 45.66965
-27.07363, 45.66965
-27.07363, 45.66965
-27.07363, 45.66965
-27.07363, 45.66965
-27.07363, 45.66965
-27.07363, 45.66966
-27.07363, 45.66966
-27.07363, 45.66966
-27.07363, 45.66966
-27.07363, 45.66966
-27.07363, 45.66966
-27.07363, 45.66966
-27.07363, 45.66966
-27.07363, 45.66965
-27.0964, 45.62782
-27.15323, 45.52267
-27.21024, 45.4171
-27.26727, 45.31151
-27.32429, 45.20593
-27.38132, 45.10036
-27.43836, 44.9948
-27.4954, 44.88924
-27.55244, 44.78368
-27.6095, 44.67813
-27.66656, 44.57257
-27.72363, 44.46701
-27.78071, 44.36145
-27.83779, 44.25591
-27.89488, 44.15036
-27.95198, 44.04483
-28.00908, 43.93929
-28.0662, 43.83376
-28.12333, 43.72823
-28.18046, 43.62271
-28.23761, 43.51719
-28.29477, 43.41168
-28.35194, 43.30616
-28.40913, 43.20067
-28.45044, 43.12448
-28.45203, 43.12155
-28.45203, 43.12155
-28.45203, 43.12155
-28.45203, 43.12155
-28.45203, 43.12155
-28.45203, 43.12156
-28.45203, 43.12156
-28.45203, 43.12156
-28.45203, 43.12156
-28.45203, 43.12156
-28.45203, 43.12156
-28.45202, 43.12156
-28.45202, 43.12157
-28.45202, 43.12157
-28.45202, 43.12156
-28.45202, 43.12156
-28.45201, 43.12157
-28.45201, 43.12157
-28.45201, 43.12156
-28.45201, 43.12156
-28.45202, 43.12156
-28.45202, 43.12157
-28.45201, 43.12157
-28.45653, 43.11345
-28.5038, 43.02695
-28.56114, 42.92152
-28.61848, 42.81611
-28.67583, 42.71068
-28.73317, 42.60527
-28.7905, 42.49984
-28.84784, 42.39441
-28.90112, 42.29641
-28.91215, 42.27612
-28.91215, 42.27612
-28.91215, 42.27612
-28.91215, 42.27612
-28.91215, 42.27612
-28.91215, 42.27612
-28.91215, 42.27612
-28.91215, 42.27612
-28.89564, 42.26909
-28.79624, 42.22702
-28.68571, 42.18029
-28.57519, 42.13357
-28.46465, 42.08685
-28.35413, 42.04013
-28.24359, 41.9934
-28.13305, 41.9467
-28.02251, 41.90001
-27.91198, 41.85331
-27.80144, 41.80661
-27.69089, 41.75992
-27.58034, 41.71325
-27.46979, 41.66657
-27.35924, 41.6199
-27.24868, 41.57323
-27.13812, 41.52657
-27.02755, 41.47993
-26.91698, 41.4333
-26.8064, 41.38666
-26.69582, 41.34003
-26.58524, 41.29342
-26.47466, 41.24681
-26.36408, 41.2002
-26.2535, 41.15361
-26.14291, 41.10702
-26.03232, 41.06044
-25.92172, 41.01386
-25.85404, 40.98536
-25.8534, 40.98509
-25.8534, 40.98509
-25.8534, 40.98509
-25.8534, 40.98509
-25.85339, 40.98508
-25.85339, 40.98508
-25.85339, 40.98508
-25.85339, 40.98507
-25.85339, 40.98507
-25.85339, 40.98507
-25.85339, 40.98507
-25.85339, 40.98506
-25.85339, 40.98506
-25.85339, 40.98505
-25.85339, 40.98505
-25.85339, 40.98504
-25.85339, 40.98504
-25.85339, 40.98503
-25.8534, 40.98503
-25.80982, 40.9668
-25.69964, 40.92069
-25.58893, 40.87436
-25.47822, 40.82804
-25.36752, 40.78172
-25.25681, 40.7354
-25.1461, 40.68907
-25.03539, 40.64275
-24.92468, 40.59642
-24.81398, 40.55009
-24.70327, 40.50378
-24.59255, 40.45751
-24.48184, 40.4112
-24.37114, 40.36487
-24.26044, 40.31855
-24.14972, 40.27225
-24.03901, 40.22598
-23.9283, 40.17968
-23.81759, 40.13338
-23.70689, 40.08707
-23.59619, 40.04078
-23.48548, 39.99449
-23.37715, 39.94915
-23.3432, 39.93493
-23.3432, 39.93493
-23.3432, 39.93493
-23.3432, 39.93493
-23.3432, 39.93493
-23.3432, 39.93493
-23.3432, 39.93493
-23.35263, 39.88933
-23.37692, 39.77252
-23.40138, 39.65503
-23.42583, 39.53755
-23.45027, 39.42007
-23.47457, 39.30268
-23.49872, 39.18515
-23.52287, 39.06761
-23.54703, 38.95008
-23.57118, 38.83254
-23.59533, 38.71501
-23.61949, 38.59748
-23.64364, 38.47994
-23.66779, 38.36241
-23.69196, 38.24487
-23.71612, 38.12734
-23.74028, 38.00981
-23.76443, 37.89228
-23.7886, 37.77474
-23.81275, 37.65721
-23.83692, 37.53968
-23.86108, 37.42215
-23.87862, 37.33681
-23.87934, 37.33331
-23.87934, 37.33331
-23.87934, 37.33331
-23.87934, 37.33331
-23.87934, 37.33331
-23.87934, 37.33331
-23.87934, 37.33331
-23.87934, 37.33331
-23.87934, 37.33331
-23.87934, 37.33331
-23.87934, 37.33332
-23.87933, 37.33331
-23.87933, 37.33332
-23.87933, 37.33332
-23.87933, 37.33331
-23.87933, 37.33331
-23.87933, 37.33332
-23.87933, 37.33332
-23.87933, 37.33332
-23.87933, 37.33332
-23.87933, 37.33332
-23.88367, 37.3122
-23.90617, 37.20294
-23.93036, 37.08541
-23.95457, 36.96788
-23.97875, 36.85035
-24.00294, 36.73282
-24.02712, 36.61528
-24.05131, 36.49775
-24.07549, 36.38022
-24.09968, 36.2627
-24.12387, 36.14516
-24.14806, 36.02763
-24.17224, 35.9101
-24.19644, 35.79256
-24.22067, 35.67505
-24.24489, 35.55751
-24.26912, 35.43998
-24.2934, 35.32215
-24.31183, 35.23312
-24.31278, 35.22851
-24.31278, 35.22851
-24.30226, 35.19979
-24.26246, 35.09157
-24.22101, 34.97896
-24.17958, 34.86634
-24.13815, 34.75372
-24.09672, 34.6411
-24.0553, 34.52847
-24.01388, 34.41585
-23.97247, 34.30322
-23.93108, 34.19056
-23.88969, 34.0779
-23.84831, 33.96524
-23.80694, 33.85259
-23.76557, 33.73993
-23.72422, 33.62727
-23.68288, 33.51461
-23.64156, 33.40195
-23.60024, 33.28926
-23.55894, 33.17659
-23.51764, 33.0639
-23.47635, 32.95122
-23.43509, 32.83854
-23.39384, 32.72584
-23.3526, 32.61314
-23.31138, 32.50043
-23.27018, 32.38773
-23.229, 32.27503
-23.18784, 32.16228
-23.1467, 32.04953
-23.10559, 31.93679
-23.06747, 31.83214
-23.05969, 31.81076
-23.05969, 31.81076
-23.05969, 31.81076
-23.05969, 31.81077
-23.05969, 31.81077
-23.05969, 31.81077
-23.05969, 31.81077
-23.05968, 31.81077
-23.05969, 31.81077
-23.05968, 31.81077
-23.05968, 31.81077
-23.05968, 31.81077
-23.05968, 31.81077
-23.05969, 31.81077
-23.05969, 31.81077
-23.05969, 31.81077
-23.05969, 31.81077
-23.05969, 31.81077
-23.05969, 31.81077
-23.04817, 31.77889
-23.00841, 31.66891
-22.9676, 31.55606
-22.9268, 31.44321
-22.88601, 31.33035
-22.84505, 31.2171
-22.80679, 31.11159
-22.77201, 31.0302
-22.72216, 30.92116
-22.6723, 30.81214
-22.62244, 30.70311
-22.57258, 30.59409
-22.52273, 30.48506
-22.47287, 30.37603
-22.42302, 30.26701
-22.37317, 30.15798
-22.32333, 30.04894
-22.27349, 29.9399
-22.22363, 29.83085
-22.17369, 29.72174
-22.12374, 29.61263
-22.07379, 29.50352
-22.02386, 29.39442
-21.97393, 29.28531
-21.92401, 29.17618
-21.87409, 29.06705
-21.82418, 28.95792
-21.77427, 28.84879
-21.72437, 28.73965
-21.67449, 28.63051
-21.62461, 28.52136
-21.57474, 28.41222
-21.52488, 28.30307
-21.47503, 28.19392
-21.42519, 28.08476
-21.37535, 27.9756
-21.32552, 27.86643
-21.27571, 27.75727
-21.22592, 27.64809
-21.17613, 27.5389
-21.12636, 27.4297
-21.0766, 27.32051
-21.02686, 27.2113
-20.97713, 27.1021
-20.92741, 26.99289
-20.87772, 26.88367
-20.82805, 26.77444
-20.77839, 26.66519
-20.72876, 26.55593
-20.67915, 26.44667
-20.62957, 26.33739
-20.58002, 26.22809
-20.53052, 26.11878
-20.48106, 26.00945
-20.43165, 25.90009
-20.38233, 25.7907
-20.33312, 25.68125
-20.29659, 25.59963
-20.29468, 25.59533
-20.29468, 25.59533
-20.29468, 25.59533
-20.29468, 25.59533
-20.29468, 25.59533
-20.29468, 25.59533
-20.29468, 25.59533
-20.29468, 25.59533
-20.29468, 25.59533
-20.29468, 25.59533
-20.29468, 25.59533
-20.29468, 25.59533
-20.29468, 25.59533
-20.29469, 25.59533
-20.29469, 25.59534
-20.29469, 25.59534
-20.29469, 25.59534
-20.29469, 25.59534
-20.29469, 25.59533
-20.29469, 25.59533
-20.29469, 25.59533
-20.29469, 25.59533
-20.29469, 25.59533
-20.29469, 25.59533
-20.29469, 25.59534
-20.29469, 25.59533
-20.29469, 25.59533
-20.29605, 25.61363
-20.30363, 25.72172
-20.31191, 25.84144
-20.32019, 25.96116
-20.32848, 26.08087
-20.33676, 26.20059
-20.34505, 26.32049
-20.35326, 26.44025
-20.36147, 26.55998
-20.36968, 26.6797
-20.37789, 26.79943
-20.3861, 26.91915
-20.39431, 27.03887
-20.40253, 27.1586
-20.41075, 27.27831
-20.41898, 27.39803
-20.42721, 27.51775
-20.43543, 27.63746
-20.44366, 27.75718
-20.45189, 27.8769
-20.46012, 27.99661
-20.46836, 28.11633
-20.4766, 28.23605
-20.48485, 28.35576
-20.48966, 28.4256
-20.48966, 28.4256
-20.48966, 28.4256
-20.48966, 28.4256
-20.48965, 28.4256
-20.48965, 28.4256
-20.48965, 28.4256
-20.48965, 28.4256
-20.48965, 28.4256
-20.48965, 28.4256
-20.48965, 28.4256
-20.48965, 28.4256
-20.48965, 28.4256
-20.48965, 28.4256
-20.48965, 28.4256
-20.48965, 28.4256
-20.48965, 28.42561
-20.48965, 28.4256
-20.48965, 28.42561
-20.48965, 28.42561
-20.48965, 28.42561
-20.48965, 28.42561
-20.48965, 28.42561
-20.48965, 28.42561
-20.48965, 28.42561
-20.48965, 28.42561
-20.48965, 28.42561
-20.48965, 28.42561
-20.48965, 28.42561
-20.48965, 28.42561
-20.48965, 28.42561
-20.48965, 28.42561
-20.48965, 28.42561
-20.49182, 28.45674
-20.49987, 28.57207
-20.5082, 28.6918
-20.51654, 28.81153
-20.52488, 28.93125
-20.53321, 29.05098
-20.54152, 29.17071
-20.54987, 29.29043
-20.5582, 29.41016
-20.56651, 29.52988
-20.57486, 29.64961
-20.58319, 29.76933
-20.5915, 29.88906
-20.59982, 30.00878
-20.60814, 30.12851
-20.61646, 30.24823
-20.6248, 30.36796
-20.63314, 30.48768
-20.64148, 30.60741
-20.6498, 30.72713
-20.65812, 30.84686
-20.66644, 30.96659
-20.67479, 31.08631
-20.68312, 31.20605
-20.69145, 31.32577
-20.69978, 31.4455
-20.70753, 31.5567
-20.71292, 31.59709
-20.73588, 31.70255
-20.76143, 31.8198
-20.78699, 31.93706
-20.81253, 32.05432
-20.83806, 32.17157
-20.86359, 32.28884
-20.88912, 32.4061
-20.91464, 32.52336
-20.94015, 32.64062
-20.96565, 32.75787
-20.97715, 32.81076
-20.97715, 32.81076
-20.97715, 32.81076
-20.97715, 32.81076
-20.97714, 32.81076
-20.97714, 32.81076
-20.97714, 32.81076
-20.97714, 32.81076
-20.97714, 32.81076
-20.97714, 32.81076
-20.97714, 32.81076
-20.97714, 32.81076
-20.97714, 32.81076
-20.97714, 32.81076
-20.97714, 32.81076
-20.97714, 32.81076
-20.97714, 32.81076
-20.97714, 32.81076
-20.97714, 32.81076
-20.98728, 32.85891
-21.01256, 32.97605
-21.03794, 33.09333
-21.0633, 33.21062
-21.08868, 33.3279
-21.11404, 33.44519
-21.1394, 33.56248
-21.16479, 33.67976
-21.19015, 33.79705
-21.21565, 33.91449
-21.24125, 34.03172
-21.2668, 34.14898
-21.29227, 34.26624
-21.31766, 34.38353
-21.34288, 34.50085
-21.35697, 34.56686
-21.35686, 34.56638
-21.35686, 34.56638
-21.35686, 34.56638
-21.35686, 34.56638
-21.35686, 34.56638
-21.35686, 34.56638
-21.35686, 34.56638
-21.35686, 34.56638
-21.35686, 34.56638
-21.35686, 34.56638
-21.35686, 34.56638
-21.35686, 34.56638
-21.35686, 34.56638
-21.33778, 34.54248
-21.26601, 34.45225
-21.19135, 34.35831
-21.12292, 34.27218
-21.11048, 34.25652
-21.11048, 34.25653
-21.11048, 34.25653
-21.11048, 34.25653
-21.11048, 34.25653
-21.11048, 34.25653
-21.11048, 34.25653
-21.11048, 34.25653
-21.11048, 34.25653
-21.11048, 34.25653
-21.11048, 34.25653
-21.11048, 34.25653
-21.11048, 34.25653
-21.11048, 34.25653
-21.11048, 34.25653
-21.11048, 34.25653
-21.11048, 34.25653
-21.11048, 34.25653
-21.11048, 34.25654
-21.11048, 34.25653
-21.10493, 34.24953
-21.04422, 34.17276
-20.96979, 34.07865
-20.8953, 33.98446
-20.82084, 33.89014
-20.74651, 33.79595
-20.67217, 33.70176
-20.59781, 33.60759
-20.52345, 33.5134
-20.44907, 33.41923
-20.37469, 33.32507
-20.30029, 33.23091
-20.22588, 33.13676
-20.15146, 33.04263
-20.07702, 32.94852
-20.00256, 32.85441
-19.92808, 32.76033
-19.85357, 32.66626
-19.77902, 32.57223
-19.7044, 32.47826
-19.65868, 32.42079
-19.65825, 32.42025
-19.65825, 32.42025
-19.65824, 32.42025
-19.65825, 32.42024
-19.65824, 32.42024
-19.65824, 32.42023
-19.65824, 32.42023
-19.65824, 32.42023
-19.65824, 32.42023
-19.65824, 32.42023
-19.65825, 32.42022
-19.65825, 32.42021
-19.65825, 32.42021
-19.65825, 32.42022
-19.65825, 32.42022
-19.65825, 32.42022
-19.65826, 32.42022
-19.65826, 32.42022
-19.65826, 32.42022
-19.65826, 32.42022
-19.65826, 32.42023
-19.65826, 32.42023
-19.65826, 32.42023
-19.65826, 32.42023
-19.67824, 32.44362
-19.75315, 32.53138
-19.83107, 32.62263
-19.909, 32.71389
-19.98694, 32.80513
-20.06487, 32.89639
-20.1428, 32.98764
-20.22074, 33.07889
-20.29869, 33.17013
-20.37662, 33.26138
-20.45454, 33.35263
-20.53247, 33.44388
-20.61038, 33.53513
-20.68831, 33.62638
-20.76626, 33.71761
-20.84419, 33.80886
-20.92212, 33.9001
-21.00005, 33.99136
-21.07798, 34.0826
-21.15593, 34.17384
-21.23388, 34.26516
-21.31176, 34.35645
-21.38966, 34.44773
-21.46757, 34.53901
-21.54549, 34.63028
-21.62341, 34.72153
-21.70135, 34.81277
-21.77933, 34.90399
-21.85174, 34.98861
-21.86866, 35.00747
-21.93596, 35.05643
-22.03325, 35.12668
-22.13054, 35.19693
-22.22781, 35.26719
-22.32509, 35.33745
-22.42236, 35.40773
-22.51964, 35.47801
-22.61691, 35.54829
-22.70719, 35.61351
-22.72563, 35.62683
-22.72563, 35.62683
-22.72563, 35.62683
-22.72563, 35.62683
-22.72563, 35.62683
-22.72563, 35.62683
-22.72562, 35.62683
-22.72562, 35.62683
-22.72562, 35.62683
-22.72562, 35.62683
-22.72562, 35.62683
-22.72562, 35.62683
-22.72561, 35.62683
-22.72561, 35.62683
-22.72561, 35.62683
-22.72561, 35.62682
-22.72561, 35.62682
-22.72561, 35.62682
-22.76355, 35.65435
-22.86015, 35.72445
-22.95725, 35.79494
-23.05434, 35.86541
-23.15145, 35.93588
-23.24854, 36.00636
-23.34562, 36.07684
-23.44271, 36.14731
-23.5398, 36.21778
-23.63689, 36.28825
-23.73399, 36.35873
-23.83108, 36.4292
-23.92817, 36.49967
-24.02527, 36.57015
-24.12237, 36.64064
-24.21946, 36.71113
-24.31656, 36.7816
-24.41366, 36.85209
-24.51075, 36.92258
-24.60785, 36.99307
-24.70495, 37.06355
-24.80205, 37.13403
-24.89915, 37.20452
-24.99625, 37.27501
-25.09337, 37.34549
-25.19048, 37.41597
-25.28765, 37.48654
-25.38473, 37.55709
-25.48178, 37.62763
-25.57884, 37.69817
-25.67591, 37.76871
-25.77298, 37.83925
-25.87005, 37.90979
-25.92668, 37.95094
-25.92668, 37.95094
-25.92668, 37.95094
-25.92668, 37.95094
-25.92668, 37.95093
-25.92668, 37.95093
-25.92668, 37.95093
-25.92669, 37.95093
-25.92669, 37.95093
-25.92669, 37.95093
-25.92669, 37.95093
-25.92669, 37.95093
-25.9267, 37.95093
-25.9267, 37.95093
-25.9267, 37.95093
-25.9267, 37.95093
-25.9267, 37.95093
-25.9267, 37.95093
-25.9267, 37.95093
-25.92671, 37.95093
-25.92671, 37.95092
-25.92671, 37.95092
-25.92671, 37.95092
-25.92671, 37.95092
-25.92671, 37.95092
-25.92671, 37.95093
-25.92672, 37.95093
-25.94131, 37.9615
-26.02876, 38.02489
-26.1259, 38.09532
-26.22304, 38.16576
-26.32015, 38.23623
-26.41727, 38.30671
-26.51439, 38.37717
-26.61153, 38.4476
-26.70865, 38.51804
-26.80578, 38.58848
-26.90291, 38.65894
-27.00002, 38.7294
-27.09716, 38.79983
-27.19428, 38.8703
-27.29139, 38.9408
-27.3885, 39.01129
-27.48563, 39.08176
-27.58277, 39.15223
-27.67991, 39.2227
-27.77705, 39.29316
-27.87418, 39.36361
-27.97131, 39.43406
-28.06844, 39.50453
-28.1408, 39.55712
-28.1446, 39.55989
-28.1446, 39.55989
-28.1446, 39.55989
-28.1446, 39.55989
-28.1446, 39.55989
-28.1446, 39.55989
-28.1446, 39.55989
-28.1446, 39.55989
-28.18021, 39.50447
-28.24518, 39.40359
-28.31017, 39.30272
-28.37515, 39.20185
-28.44012, 39.10096
-28.50507, 39.00004
-28.57003, 38.89913
-28.63497, 38.79821
-28.69992, 38.69729
-28.76487, 38.59637
-28.82981, 38.49545
-28.89474, 38.39453
-28.95787, 38.29642
-28.97591, 38.26839
-28.97591, 38.26839
-28.97591, 38.26839
-28.97591, 38.26839
-28.97591, 38.26839
-28.97591, 38.26839
-28.97591, 38.26839
-28.97592, 38.26839
-28.97592, 38.26838
-28.97592, 38.26838
-28.97592, 38.26837
-28.97592, 38.26837
-28.97592, 38.26837
-28.97592, 38.26837
-28.97592, 38.26837
-28.97592, 38.26837
-28.97592, 38.26837
-28.97592, 38.26837
-28.97592, 38.26837
-28.97592, 38.26837
-28.97592, 38.26837
-28.97592, 38.26837
-28.97593, 38.26837
-28.97592, 38.26837
-28.97592, 38.26837
-29.01155, 38.21266
-29.07627, 38.11159
-29.14098, 38.01051
-29.20571, 37.90944
-29.27043, 37.80838
-29.33516, 37.70731
-29.39987, 37.60624
-29.46459, 37.50519
-29.5293, 37.40413
-29.594, 37.30307
-29.65869, 37.20199
-29.7234, 37.10093
-29.78814, 36.99989
-29.85287, 36.89885
-29.91767, 36.79762
-29.98248, 36.69618
-30.04705, 36.59504
-30.11162, 36.49389
-30.17619, 36.39275
-30.24076, 36.29161
-30.30535, 36.19048
-30.36994, 36.08936
-30.43453, 35.98824
-30.49914, 35.88712
-30.56376, 35.786
-30.62837, 35.68489
-30.693, 35.5838
-30.75764, 35.4827
-30.82229, 35.3816
-30.88695, 35.28051
-30.95163, 35.17941
-31.01631, 35.07831
-31.081, 34.97724
-31.1457, 34.87616
-31.21041, 34.7751
-31.27515, 34.67406
-31.3399, 34.57304
-31.40468, 34.47202
-31.46947, 34.37101
-31.5343, 34.27003
-31.59916, 34.16907
-31.66406, 34.06814
-31.72901, 33.96724
-31.79437, 33.86596
-31.82442, 33.81964
-31.82442, 33.81964
-31.82442, 33.81964
-31.82442, 33.81964
-31.82442, 33.81964
-31.82442, 33.81964
-31.82442, 33.81964
-31.82442, 33.81964
-31.82442, 33.81964
-31.82441, 33.81963
-31.82441, 33.81963
-31.82441, 33.81963
-31.82441, 33.81963
-31.82441, 33.81963
-31.82441, 33.81963
-31.82441, 33.81963
-31.82441, 33.81963
-31.82441, 33.81963
-31.82441, 33.81963
-31.82441, 33.81963
-31.82441, 33.81963
-31.82441, 33.81963
-31.82441, 33.81963
-31.82441, 33.81963
-31.82441, 33.81962
-31.82441, 33.81962
-31.82441, 33.81962
-31.82442, 33.81962
-31.82442, 33.81962
-31.82442, 33.81961
-31.82442, 33.81961
-31.82442, 33.81961
-31.82443, 33.81961
-31.82443, 33.81961
-31.82443, 33.81961
-31.82443, 33.81961
-31.82444, 33.8196
-31.82444, 33.8196
-31.82444, 33.81961
-31.82444, 33.81961
-31.82444, 33.81961
-31.82193, 33.82193
-31.76775, 33.87184
-31.69413, 33.93951
-31.62051, 34.00719
-31.5469, 34.07486
-31.47328, 34.14253
-31.39967, 34.2102
-31.32605, 34.27787
-31.25244, 34.34554
-31.17882, 34.41322
-31.10521, 34.48089
-31.0316, 34.54857
-30.95798, 34.61624
-30.88437, 34.68391
-30.81075, 34.75159
-30.73715, 34.81928
-30.66354, 34.88696
-30.58992, 34.95464
-30.5163, 35.0223
-30.44268, 35.08997
-30.36907, 35.15767
-30.29546, 35.22535
-30.22184, 35.29305
-30.14822, 35.36074
-30.07462, 35.42843
-30.001, 35.49612
-29.92737, 35.5638
-29.85375, 35.63148
-29.78014, 35.69918
-29.70653, 35.76687
-29.63291, 35.83456
-29.5593, 35.90224
-29.48568, 35.96994
-29.41205, 36.03761
-29.33821, 36.10546
-29.26458, 36.17313
-29.19095, 36.24079
-29.11733, 36.30848
-29.04371, 36.37617
-28.97009, 36.44384
-28.89647, 36.51153
-28.82286, 36.57922
-28.76753, 36.6301
-28.76499, 36.63243
-28.76499, 36.63243
-28.76499, 36.63243
-28.76499, 36.63243
-28.76499, 36.63243
-28.76499, 36.63243
-28.76499, 36.63243
-28.76499, 36.63243
-28.76499, 36.63243
-28.76499, 36.63243
-28.76499, 36.63243
-28.76499, 36.63243
-28.76499, 36.63243
-28.76499, 36.63243
-28.76499, 36.63243
-28.76499, 36.63243
-28.77295, 36.61156
-28.80733, 36.52311
-28.84368, 36.42994
-28.88004, 36.33679
-28.9164, 36.24363
-28.95276, 36.15047
-28.98913, 36.05732
-29.0255, 35.96416
-29.06186, 35.871
-29.09823, 35.77785
-29.13459, 35.68469
-29.17097, 35.59154
-29.20733, 35.49838
-29.24371, 35.40523
-29.28008, 35.31208
-29.31646, 35.21893
-29.35284, 35.12577
-29.38922, 35.03262
-29.4256, 34.93946
-29.46199, 34.84631
-29.49838, 34.75315
-29.53478, 34.65999
-29.57117, 34.56684
-29.60757, 34.47368
-29.64398, 34.38053
-29.68039, 34.28738
-29.71535, 34.19798
-29.72409, 34.17562
-29.72409, 34.17562
-29.72409, 34.17562
-29.72409, 34.17562
-29.72409, 34.17562
-29.72409, 34.17562
-29.72408, 34.17562
-29.72408, 34.17562
-29.72408, 34.17562
-29.72408, 34.17562
-29.72408, 34.17561
-29.72408, 34.17561
-29.72408, 34.17561
-29.72408, 34.17561
-29.72408, 34.17561
-29.72407, 34.17561
-29.72408, 34.17561
-29.72407, 34.17561
-29.72407, 34.17561
-29.72407, 34.17561
-29.72407, 34.17561
-29.72406, 34.17562
-29.72807, 34.16549
-29.75963, 34.08513
-29.79613, 33.99203
-29.83264, 33.89893
-29.86914, 33.80584
-29.90564, 33.71273
-29.94214, 33.61963
-29.97864, 33.52652
-30.01516, 33.4334
-30.05164, 33.34017
-30.08803, 33.24702
-30.12443, 33.15387
-30.16084, 33.06073
-30.19725, 32.96759
-30.23367, 32.87445
-30.27011, 32.78131
-30.30654, 32.68818
-30.34299, 32.59505
-30.37943, 32.50193
-30.4159, 32.40882
-30.45237, 32.3157
-30.48887, 32.22258
-30.52537, 32.12946
-30.5619, 32.03636
-30.59844, 31.94327
-30.63501, 31.85018
-30.67159, 31.75711
-30.70822, 31.66406
-30.7449, 31.57103
-30.76674, 31.5158
-30.76668, 31.51595
-30.76668, 31.51595
-30.76668, 31.51595
-30.76668, 31.51595
-30.76668, 31.51595
-30.76668, 31.51595
-30.75878, 31.50791
-30.6979, 31.44587
-30.62786, 31.37446
-30.55783, 31.30307
-30.48779, 31.23167
-30.41776, 31.16029
-30.34772, 31.0889
-30.29449, 31.03465
-30.29169, 31.0318
-30.29169, 31.03179
-30.29169, 31.0318
-30.29169, 31.0318
-30.29169, 31.0318
-30.29169, 31.0318
-30.29169, 31.0318
-30.29169, 31.0318
-30.29169, 31.0318
-30.29169, 31.03179
-30.29169, 31.03179
-30.29169, 31.03179
-30.29169, 31.03179
-30.29169, 31.03179
-30.29169, 31.03179
-30.29169, 31.03179
-30.29169, 31.03179
-30.29169, 31.03179
-30.29169, 31.03179
-30.29169, 31.03179
-30.29169, 31.03179
-30.29169, 31.03179
-30.29169, 31.03179
-30.2917, 31.03179
-30.25181, 30.99125
-30.1817, 30.91993
-30.1116, 30.84861
-30.04149, 30.7773
-29.97139, 30.70599
-29.90129, 30.63468
-29.83117, 30.56337
-29.76106, 30.49207
-29.69096, 30.42075
-29.62086, 30.34944
-29.55075, 30.27813
-29.48064, 30.20682
-29.41053, 30.1355
-29.34042, 30.06419
-29.27032, 29.99288
-29.20022, 29.92155
-29.13012, 29.85023
-29.06001, 29.77891
-28.98991, 29.70759
-28.91981, 29.63627
-28.8497, 29.56495
-28.7796, 29.49363
-28.70948, 29.42232
-28.63937, 29.35101
-28.56927, 29.27969
-28.49916, 29.20837
-28.42906, 29.13704
-28.35895, 29.06573
-28.28884, 28.99442
-28.21873, 28.9231
-28.14863, 28.85178
-28.07853, 28.78047
-28.00841, 28.70916
-27.95381, 28.65363
-27.95013, 28.64989
-27.95013, 28.64989
-27.95013, 28.64989
-27.95013, 28.64989
-27.95013, 28.64989
-27.95013, 28.64989
-27.95013, 28.64989
-27.95013, 28.64989
-27.95013, 28.64989
-27.95013, 28.64989
-27.95013, 28.64989
-27.95013, 28.64989
-27.95013, 28.64989
-27.95013, 28.64989
-27.96047, 28.65031
-28.04592, 28.65386
-28.14583, 28.658
-28.24574, 28.66212
-28.34566, 28.66626
-28.44557, 28.6704
-28.54549, 28.67455
-28.64541, 28.6787
-28.74532, 28.68286
-28.84524, 28.68701
-28.94515, 28.69117
-29.04507, 28.69533
-29.14498, 28.69949
-29.2449, 28.70366
-29.34482, 28.70782
-29.44473, 28.712
-29.54464, 28.71617
-29.64456, 28.72035
-29.74447, 28.72454
-29.84439, 28.72874
-29.94431, 28.73293
-30.04423, 28.73714
-30.14414, 28.74135
-30.24405, 28.74556
-30.34397, 28.74977
-30.44389, 28.75399
-30.54381, 28.75822
-30.64372, 28.76246
-30.74364, 28.7667
-30.84356, 28.77094
-30.94348, 28.7752
-31.0434, 28.77945
-31.1433, 28.7837
-31.24321, 28.78797
-31.34311, 28.79223
-31.44302, 28.7965
-31.54293, 28.80079
-31.64284, 28.80508
-31.74274, 28.80937
-31.84265, 28.81367
-31.94256, 28.81797
-32.04247, 28.82228
-32.14237, 28.8266
-32.24228, 28.83094
-32.34219, 28.83528
-32.44209, 28.83962
-32.48618, 28.84153
-32.48618, 28.84153
-32.48618, 28.84153
-32.48618, 28.84153
-32.48618, 28.84153
-32.48618, 28.84154
-32.48618, 28.84154
-32.48618, 28.84154
-32.48618, 28.84154
-32.48618, 28.84153
-32.48618, 28.84153
-32.48618, 28.84153
-32.48619, 28.84153
-32.48618, 28.84153
-32.48619, 28.84153
-32.48619, 28.84153
-32.48619, 28.84153
-32.48619, 28.84153
-32.48619, 28.84153
-32.48619, 28.84153
-32.48619, 28.84153
-32.48618, 28.84153
-32.48619, 28.84153
-32.48618, 28.84153
-32.48618, 28.84153
-32.48618, 28.84153
-32.48618, 28.84153
-32.48618, 28.84153
-32.49055, 28.84179
-32.56796, 28.8455
-32.66784, 28.85006
-32.76773, 28.85462
-32.86761, 28.85918
-32.96749, 28.86374
-33.06738, 28.86831
-33.16726, 28.87287
-33.26714, 28.87742
-33.36701, 28.88198
-33.4669, 28.88653
-33.56677, 28.89109
-33.66666, 28.89565
-33.76654, 28.90021
-33.86641, 28.90478
-33.96629, 28.90934
-34.06618, 28.9139
-34.16607, 28.91845
-34.26594, 28.92301
-34.36582, 28.92757
-34.46571, 28.93213
-34.56559, 28.93668
-34.66546, 28.94122
-34.76534, 28.94577
-34.85868, 28.9501
-34.94651, 28.95705
-35.04611, 28.96595
-35.14571, 28.97485
-35.2453, 28.98376
-35.34488, 28.99266
-35.44445, 29.00158
-35.54403, 29.01049
-35.64361, 29.01941
-35.74319, 29.02832
-35.84277, 29.03724
-35.94234, 29.04616
-36.04192, 29.05508
-36.1415, 29.064
-36.24109, 29.07293
-36.34066, 29.08185
-36.44024, 29.09078
-36.53981, 29.0997
-36.6394, 29.10863
-36.73898, 29.11757
-36.83856, 29.1265
-36.93813, 29.13543
-37.03772, 29.14437
-37.13729, 29.15331
-37.23688, 29.16225
-37.33646, 29.17121
-37.43604, 29.18016
-37.53562, 29.18912
-37.6352, 29.19808
-37.73478, 29.20704
-37.83436, 29.21599
-37.93394, 29.22496
-38.03352, 29.23393
-38.1331, 29.2429
-38.23268, 29.25186
-38.33226, 29.26083
-38.43184, 29.26981
-38.53143, 29.27878
-38.631, 29.28777
-38.73059, 29.29675
-38.83017, 29.30574
-38.92976, 29.31474
-39.02934, 29.32375
-39.12892, 29.33274
-39.17286, 29.33672
-39.17286, 29.33672
-39.17286, 29.33672
-39.17287, 29.33672
-39.17287, 29.33672
-39.17287, 29.33672
-39.17287, 29.33672
-39.17288, 29.33672
-39.17288, 29.33672
-39.17287, 29.33672
-39.17288, 29.33672
-39.17288, 29.33672
-39.17287, 29.33672
-39.17287, 29.33672
-39.17288, 29.33672
-39.17288, 29.33672
-39.17289, 29.33671
-39.17289, 29.33672
-39.17289, 29.33671
-39.17288, 29.33671
-39.17288, 29.33672
-39.17288, 29.33672
-39.17288, 29.33672
-39.23475, 29.34238
-39.33433, 29.35151
-39.43392, 29.36062
-39.53352, 29.36972
-39.63312, 29.37882
-39.73272, 29.38792
-39.83232, 29.39703
-39.93191, 29.40614
-40.03151, 29.41525
-40.1311, 29.42435
-40.2307, 29.43345
-40.3303, 29.44256
-40.42989, 29.45166
-40.52948, 29.46078
-40.62907, 29.46989
-40.72865, 29.47901
-40.82824, 29.48812
-40.92783, 29.49726
-41.02742, 29.50638
-41.12701, 29.5155
-41.2266, 29.52463
-41.32619, 29.53376
-41.42577, 29.5429
-41.52535, 29.55204
-41.62494, 29.56117
-41.72452, 29.57033
-41.82411, 29.57947
-41.92369, 29.58863
-42.02328, 29.59779
-42.12286, 29.60698
-42.21972, 29.61593
-42.24736, 29.61849
-42.24736, 29.61849
-42.24736, 29.61849
-42.24736, 29.61849
-42.24736, 29.61849
-42.24736, 29.61849
-42.24736, 29.61849
-42.2751, 29.56999
-42.32444, 29.48301
-42.37379, 29.39604
-42.42313, 29.30907
-42.47247, 29.22208
-42.52182, 29.1351
-42.57116, 29.04811
-42.62049, 28.96113
-42.66982, 28.87415
-42.71914, 28.78716
-42.76847, 28.70017
-42.81779, 28.61318
-42.86712, 28.52618
-42.91644, 28.43919
-42.96574, 28.35219
-43.01503, 28.26519
-43.06432, 28.17818
-43.11361, 28.09117
-43.16289, 28.00416
-43.21217, 27.91714
-43.26144, 27.83012
-43.3107, 27.74309
-43.35997, 27.65607
-43.40924, 27.56905
-43.4585, 27.48202
-43.50776, 27.39498
-43.557, 27.30794
-43.60625, 27.22091
-43.6555, 27.13387
-43.70472, 27.04683
-43.75393, 26.95979
-43.79724, 26.88319
-43.80314, 26.87274
-43.80314, 26.87274
-43.80314, 26.87274
-43.80314, 26.87274
-43.80315, 26.87274
-43.80314, 26.87274
-43.80314, 26.87274
-43.80315, 26.87274
-43.80315, 26.87274
-43.80314, 26.87274
-43.80314, 26.87274
-43.80314, 26.87274
-43.80314, 26.87274
-43.80314, 26.87274
-43.80314, 26.87274
-43.80314, 26.87274
-43.80315, 26.87274
-43.80315, 26.87274
-43.80315, 26.87274
-43.80315, 26.87275
-43.80315, 26.87275
-43.80315, 26.87275
-43.80315, 26.87275
-43.82187, 26.83935
-43.87068, 26.75256
-43.91972, 26.66541
-43.96875, 26.57826
-44.01778, 26.4911
-44.0668, 26.40394
-44.11581, 26.31678
-44.16491, 26.22947
-44.21402, 26.14208
-44.26301, 26.0549
-44.31201, 25.96773
-44.361, 25.88055
-44.41001, 25.79338
-44.45902, 25.70621
-44.50802, 25.61904
-44.55703, 25.53187
-44.60604, 25.4447
-44.65505, 25.35754
-44.70406, 25.27038
-44.75307, 25.18322
-44.80209, 25.09606
-44.85112, 25.00891
-44.90015, 24.92176
-44.94917, 24.83461
-44.99821, 24.74746
-45.04727, 24.66032
-45.09634, 24.57319
-45.14547, 24.48605
-45.16575, 24.45013
-45.16575, 24.45013
-45.16575, 24.45013
-45.16575, 24.45013
-45.16575, 24.45013
-45.16575, 24.45013
-45.16575, 24.45013
-45.16575, 24.45013
-45.16575, 24.45013
-45.16575, 24.45013
-45.16575, 24.45013
-45.16575, 24.45013
-45.16575, 24.45013
-45.16575, 24.45013
-45.16575, 24.45013
-45.16575, 24.45013
-45.16575, 24.45013
-45.16575, 24.45013
-45.1592, 24.47393
-45.13353, 24.56691
-45.1069, 24.66329
-45.08027, 24.75969
-45.05362, 24.85607
-45.02698, 24.95246
-45.00033, 25.04885
-44.97367, 25.14523
-44.94703, 25.24162
-44.92039, 25.33801
-44.89376, 25.43439
-44.8671, 25.53077
-44.85644, 25.56933
-44.85644, 25.56933
-44.85644, 25.56933
-44.85644, 25.56933
-44.85643, 25.56933
-44.85644, 25.56933
-44.85643, 25.56933
-44.85644, 25.56933
-44.85643, 25.56933
-44.85643, 25.56933
-44.85643, 25.56933
-44.85643, 25.56933
-44.85643, 25.56933
-44.85643, 25.56933
-44.85643, 25.56933
-44.85643, 25.56934
-44.85643, 25.56934
-44.85643, 25.56934
-44.85643, 25.56934
-44.85642, 25.56933
-44.85642, 25.56934
-44.85642, 25.56934
-44.85642, 25.56934
-44.85642, 25.56934
-44.85642, 25.56934
-44.84625, 25.60529
-44.81971, 25.70102
-44.79309, 25.7974
-44.76648, 25.89379
-44.73986, 25.99017
-44.71325, 26.08655
-44.68664, 26.18293
-44.66003, 26.27932
-44.63342, 26.3757
-44.6068, 26.4721
-44.59526, 26.514
-44.59526, 26.514
-44.59526, 26.514
-44.59526, 26.514
-44.59526, 26.514
-44.59526, 26.514
-44.59756, 26.51624
-44.65021, 26.56658
-44.7226, 26.63557
-44.79498, 26.70457
-44.86736, 26.77357
-44.93976, 26.84256
-45.01215, 26.91155
-45.08455, 26.98054
-45.15694, 27.04953
-45.22934, 27.11851
-45.30175, 27.18749
-45.37415, 27.25647
-45.44655, 27.32545
-45.51896, 27.39442
-45.59136, 27.46339
-45.66376, 27.53237
-45.73616, 27.60134
-45.80857, 27.6703
-45.88097, 27.73927
-45.95338, 27.80823
-46.0258, 27.8772
-46.09823, 27.94616
-46.17065, 28.01511
-46.24308, 28.08407
-46.3155, 28.15302
-46.38792, 28.22198
-46.46035, 28.29093
-46.53277, 28.35987
-46.6052, 28.42881
-46.67765, 28.49774
-46.75011, 28.56668
-46.82257, 28.6356
-46.89503, 28.70453
-46.96749, 28.77345
-47.03995, 28.84237
-47.11241, 28.91129
-47.18488, 28.9802
-47.25736, 29.04912
-47.32984, 29.11802
-47.38493, 29.17039
-47.38783, 29.17315
-47.38783, 29.17315
-47.38782, 29.17315
-47.38782, 29.17315
-47.38782, 29.17315
-47.38782, 29.17315
-47.38782, 29.17315
-47.38783, 29.17314
-47.38782, 29.17314
-47.38783, 29.17314
-47.38783, 29.17314
-47.38783, 29.17314
-47.38783, 29.17315
-47.38783, 29.17315
-47.38783, 29.17315
-47.38783, 29.17315
-47.38783, 29.17315
-47.38783, 29.17315
-47.38784, 29.17315
-47.38784, 29.17314
-47.38784, 29.17314
-47.38784, 29.17315
-47.40644, 29.1909
-47.4777, 29.25852
-47.55087, 29.32774
-47.6235, 29.39644
-47.69614, 29.46516
-47.76876, 29.53391
-47.84136, 29.60266
-47.91395, 29.67142
-47.98655, 29.74018
-48.05912, 29.80896
-48.13169, 29.87775
-48.20423, 29.94656
-48.27676, 30.0154
-48.34925, 30.08427
-48.42171, 30.15317
-48.46754, 30.19683
-48.46814, 30.19741
-48.46814, 30.19741
-48.48775, 30.24972
-48.514, 30.32103
-48.51538, 30.32479
-48.51538, 30.32479
-48.51538, 30.32479
-48.51538, 30.32479
-48.51538, 30.32479
-48.51537, 30.32479
-48.51537, 30.32479
-48.51537, 30.32479
-48.51537, 30.32479
-48.51537, 30.3248
-48.51538, 30.3248
-48.51537, 30.3248
-48.51537, 30.3248
-48.51537, 30.3248
-48.51537, 30.32481
-48.51537, 30.32481
-48.51537, 30.32481
-48.51538, 30.32481
-48.51538, 30.32481
-48.51538, 30.32481
-48.51538, 30.3248
-48.51538, 30.3248
-48.51538, 30.3248
-48.51538, 30.32481
-48.51538, 30.32481
-48.51538, 30.32481
-48.51538, 30.32482
-48.51538, 30.32482
-48.51538, 30.32482
-48.51538, 30.32482
-48.51538, 30.32482
-48.51538, 30.32482
-48.51538, 30.32482
-48.51538, 30.32483
-48.51539, 30.32482
-48.51539, 30.32483
-48.51897, 30.33453
-48.54871, 30.41471
-48.5835, 30.50845
-48.61827, 30.6022
-48.65305, 30.69594
-48.68782, 30.78968
-48.7226, 30.88343
-48.75737, 30.97717
-48.79214, 31.0709
-48.8269, 31.16465
-48.86167, 31.2584
-48.89643, 31.35215
-48.9312, 31.4459
-48.96597, 31.53966
-49.00073, 31.63341
-49.0355, 31.72716
-49.07026, 31.82092
-49.10501, 31.91467
-49.13976, 32.00843
-49.1745, 32.1022
-49.20924, 32.19597
-49.24399, 32.28974
-49.27874, 32.38351
-49.31349, 32.47729
-49.34824, 32.57106
-49.38297, 32.66484
-49.41772, 32.75863
-49.45246, 32.85241
-49.48719, 32.94619
-49.52192, 33.03997
-49.55666, 33.13375
-49.59139, 33.22753
-49.62613, 33.32132
-49.66086, 33.4151
-49.6956, 33.50888
-49.73033, 33.60266
-49.76505, 33.69645
-49.79975, 33.79023
-49.83445, 33.88401
-49.86915, 33.9778
-49.90384, 34.07159
-49.93853, 34.16537
-49.97323, 34.25917
-50.0079, 34.35298
-50.04255, 34.44679
-50.07718, 34.54061
-50.11182, 34.63442
-50.14645, 34.72823
-50.18107, 34.82206
-50.2157, 34.91588
-50.25032, 35.0097
-50.28493, 35.10352
-50.31953, 35.19735
-50.35413, 35.29116
-50.38873, 35.38499
-50.42333, 35.47881
-50.45793, 35.57263
-50.49253, 35.66645
-50.52712, 35.76027
-50.56171, 35.8541
-50.59629, 35.94792
-50.63087, 36.04174
-50.66544, 36.13556
-50.70002, 36.22939
-50.73458, 36.32322
-50.76914, 36.41705
-50.8037, 36.51089
-50.83082, 36.58453
-50.83277, 36.58984
-50.83278, 36.58983
-50.83278, 36.58984
-50.83278, 36.58983
-50.83278, 36.58983
-50.83278, 36.58983
-50.83278, 36.58982
-50.83277, 36.58983
-50.83277, 36.58984
-50.83277, 36.58984
-50.83277, 36.58983
-50.83277, 36.58983
-50.83277, 36.58983
-50.83278, 36.58983
-50.83278, 36.58983
-50.83277, 36.58983
-50.83277, 36.58984
-50.83278, 36.58983
-50.83278, 36.58983
-50.83278, 36.58983
-50.83278, 36.58984
-50.83278, 36.58984
-50.83278, 36.58984
-50.83278, 36.58984
-50.83278, 36.58984
-50.83278, 36.58984
-50.83278, 36.58984
-50.83278, 36.58984
-50.83635, 36.59955
-50.86573, 36.67987
-50.90004, 36.7738
-50.93439, 36.86771
-50.9688, 36.96162
-51.00329, 37.05548
-51.03681, 37.14632
-51.04629, 37.17192
-51.04629, 37.17192
-51.04629, 37.17192
-51.04629, 37.17192
-51.04629, 37.17192
-51.04629, 37.17192
-51.04629, 37.17192
-51.04629, 37.17192
-51.04629, 37.17192
-51.04629, 37.17192
-51.04629, 37.17192
-51.0639, 37.15954
-51.14067, 37.10469
-51.20242, 37.0604
-51.20567, 37.05806
-51.20567, 37.05807
-51.20567, 37.05807
-51.20567, 37.05807
-51.20567, 37.05807
-51.20567, 37.05807
-51.20568, 37.05807
-51.20567, 37.05806
-51.20567, 37.05807
-51.20567, 37.05807
-51.20567, 37.05807
-51.20567, 37.05807
-51.20567, 37.05807
-51.20567, 37.05806
-51.20567, 37.05806
-51.20567, 37.05806
-51.20567, 37.05807
-51.20567, 37.05807
-51.20567, 37.05807
-51.20567, 37.05807
-51.20567, 37.05807
-51.20568, 37.05807
-51.20568, 37.05807
-51.20568, 37.05806
-51.20567, 37.05806
-51.20567, 37.05806
-51.20567, 37.05806
-51.20567, 37.05806
-51.20567, 37.05806
-51.20567, 37.05806
-51.20567, 37.05806
-51.20567, 37.05806
-51.20567, 37.05806
-51.20567, 37.05806
-51.20567, 37.05806
-51.20567, 37.05806
-51.20567, 37.05806
-51.25428, 37.02343
-51.33567, 36.96532
-51.41705, 36.90723
-51.49844, 36.84912
-51.57982, 36.79102
-51.66121, 36.73293
-51.74259, 36.67482
-51.82397, 36.61671
-51.90536, 36.55861
-51.98673, 36.5005
-52.06812, 36.44239
-52.14951, 36.38429
-52.2309, 36.32619
-52.31228, 36.2681
-52.39367, 36.21
-52.47506, 36.15189
-52.55645, 36.09378
-52.63784, 36.03567
-52.71923, 35.97757
-52.80062, 35.91945
-52.882, 35.86134
-52.96339, 35.80323
-53.04478, 35.74512
-53.12617, 35.687
-53.20757, 35.62891
-53.28897, 35.57083
-53.37036, 35.51273
-53.45176, 35.45463
-53.53315, 35.39653
-53.61454, 35.33843
-53.68828, 35.28571
-53.70005, 35.27728
-53.70005, 35.27728
-53.70005, 35.27728
-53.70005, 35.27728
-53.70005, 35.27728
-53.70005, 35.27728
-53.70005, 35.27728
-53.71771, 35.28958
-53.79485, 35.34388
-53.87657, 35.40151
-53.95828, 35.45913
-54.03999, 35.51678
-54.1217, 35.57444
-54.20342, 35.63209
-54.28513, 35.68975
-54.36684, 35.7474
-54.44854, 35.80507
-54.53023, 35.86275
-54.61193, 35.92042
-54.69361, 35.9781
-54.77531, 36.03578
-54.85701, 36.09346
-54.93868, 36.15116
-55.02035, 36.20886
-55.10201, 36.26656
-55.18365, 36.32429
-55.26531, 36.38203
-55.34697, 36.43977
-55.42861, 36.4975
-55.51025, 36.55525
-55.59188, 36.61301
-55.67352, 36.67076
-55.75517, 36.72852
-55.83679, 36.78629
-55.91841, 36.84406
-56.00002, 36.90185
-56.08163, 36.95964
-56.16323, 37.01745
-56.24483, 37.07528
-56.32643, 37.13311
-56.408, 37.19096
-56.48956, 37.24881
-56.57112, 37.30667
-56.65267, 37.36456
-56.7342, 37.42245
-56.79615, 37.46646
-56.79942, 37.46878
-56.79943, 37.46878
-56.79942, 37.46878
-56.79943, 37.46878
-56.79942, 37.46879
-56.79943, 37.46879
-56.79943, 37.46879
-56.79943, 37.46879
-56.79942, 37.46879
-56.79942, 37.46879
-56.79942, 37.46879
-56.79942, 37.46879
-56.79942, 37.46879
-56.79941, 37.46879
-56.79942, 37.4688
-56.79942, 37.4688
-56.79942, 37.4688
-56.79942, 37.4688
-56.79942, 37.4688
-56.79942, 37.4688
-56.79942, 37.4688
-56.79942, 37.4688
-56.80234, 37.47089
-56.86284, 37.51408
-56.94426, 37.57209
-57.02571, 37.63012
-57.10715, 37.68816
-57.18858, 37.74622
-57.26998, 37.8043
-57.35135, 37.86242
-57.43315, 37.92099
-57.4691, 37.94684
-57.4691, 37.94684
-57.4691, 37.94684
-57.4691, 37.94684
-57.4691, 37.94684
-57.4691, 37.94684
-57.4691, 37.94684
-57.4691, 37.94684
-57.4691, 37.94684
-57.4691, 37.94684
-57.4691, 37.94684
-57.4691, 37.94684
-57.4691, 37.94684
-57.4691, 37.94684
-57.4691, 37.94684
-57.4477, 37.94915
-57.35391, 37.95939
-57.2585, 37.96985
-57.23464, 37.97247
-57.23464, 37.97247
-57.23463, 37.97247
-57.23464, 37.97247
-57.23464, 37.97247
-57.23463, 37.97247
-57.23463, 37.97247
-57.23463, 37.97247
-57.23463, 37.97248
-57.23463, 37.97248
-57.23463, 37.97248
-57.23463, 37.97249
-57.23463, 37.97249
-57.23463, 37.97249
-57.23463, 37.9725
-57.23463, 37.9725
-57.23463, 37.9725
-57.23463, 37.97249
-57.23463, 37.97249
-57.23463, 37.97248
-57.23463, 37.97248
-57.23463, 37.97248
-57.23463, 37.97248
-57.23463, 37.97248
-57.23463, 37.97248
-57.23463, 37.97248
-57.23463, 37.97248
-57.23463, 37.97248
-57.23463, 37.97248
-57.23463, 37.97248
-57.23463, 37.97248
-57.23463, 37.97248
-57.23146, 37.97282
-57.15916, 37.98051
-57.05971, 37.99098
-56.96026, 38.00146
-56.86082, 38.01193
-56.76136, 38.02242
-56.66192, 38.03291
-56.56246, 38.0434
-56.46302, 38.05389
-56.36357, 38.06439
-56.26414, 38.0749
-56.16469, 38.08541
-56.06524, 38.09591
-55.9658, 38.10642
-55.86635, 38.11695
-55.7669, 38.12748
-55.66746, 38.138
-55.56801, 38.14854
-55.46856, 38.1591
-55.3691, 38.16966
-55.26965, 38.18023
-55.1702, 38.19081
-55.07077, 38.20139
-54.97134, 38.21198
-54.87191, 38.22257
-54.77248, 38.23317
-54.67305, 38.24378
-54.57362, 38.25439
-54.4742, 38.26501
-54.37477, 38.27563
-54.27534, 38.28627
-54.1759, 38.29692
-54.07648, 38.30758
-53.97705, 38.31824
-53.87762, 38.32893
-53.77819, 38.33963
-53.67876, 38.35035
-53.57933, 38.36108
-53.47991, 38.37182
-53.38048, 38.38257
-53.28106, 38.39333
-53.18163, 38.40413
-53.0822, 38.41495
-52.9828, 38.42579
-52.88341, 38.43667
-52.78403, 38.44757
-52.68464, 38.4585
-52.58525, 38.46949
-52.48586, 38.48051
-52.38648, 38.49162
-52.28712, 38.50283
-52.22422, 38.51001
-52.2234, 38.5101
-52.2234, 38.5101
-52.2234, 38.5101
-52.2234, 38.5101
-52.2234, 38.5101
-52.2234, 38.5101
-52.2234, 38.5101
-52.21041, 38.56444
-52.18703, 38.66168
-52.16365, 38.75892
-52.14028, 38.85616
-52.11691, 38.95339
-52.09355, 39.05063
-52.07019, 39.14787
-52.04683, 39.2451
-52.02346, 39.34234
-52.0001, 39.43958
-51.97676, 39.53681
-51.95343, 39.63404
-51.93011, 39.73127
-51.90678, 39.8285
-51.89745, 39.8674
-51.89744, 39.8674
-51.89744, 39.8674
-51.89744, 39.8674
-51.89744, 39.8674
-51.89744, 39.8674
-51.89745, 39.86739
-51.89745, 39.86739
-51.89745, 39.86739
-51.89745, 39.8674
-51.89745, 39.8674
-51.89745, 39.8674
-51.89745, 39.8674
-51.89745, 39.86739
-51.89745, 39.86739
-51.89745, 39.86739
-51.89745, 39.86739
-51.89745, 39.86739
-51.89745, 39.86738
-51.89745, 39.86738
-51.89745, 39.86738
-51.89745, 39.86739
-51.89745, 39.86739
-51.89744, 39.86739
-51.89744, 39.86739
-51.89744, 39.86739
-51.88454, 39.92186
-51.86141, 40.01916
-51.83827, 40.11645
-51.81514, 40.21375
-51.79199, 40.31104
-51.76886, 40.40833
-51.74573, 40.50563
-51.72259, 40.60292
-51.69946, 40.70021
-51.67635, 40.79751
-51.65326, 40.8948
-51.63014, 40.9921
-51.60703, 41.08939
-51.58392, 41.18668
-51.56078, 41.28398
-51.53765, 41.38127
-51.51453, 41.47857
-51.49139, 41.57586
-51.46827, 41.67315
-51.44513, 41.77045
-51.42203, 41.86774
-51.39893, 41.96503
-51.37582, 42.06233
-51.35272, 42.15962
-51.32962, 42.25692
-51.30646, 42.3546
-51.28344, 42.45201
-51.26044, 42.54934
-51.23745, 42.64666
-51.21444, 42.74397
-51.19144, 42.84129
-51.16842, 42.9386
-51.14539, 43.03591
-51.12234, 43.13322
-51.0993, 43.23054
-51.07624, 43.32785
-51.05317, 43.42516
-51.03012, 43.52246
-51.00706, 43.61975
-50.98397, 43.71705
-50.96087, 43.81434
-50.93777, 43.91163
-50.91463, 44.00893
-50.89148, 44.1062
-50.86831, 44.20348
-50.84512, 44.30075
-50.82189, 44.39802
-50.79864, 44.49528
-50.77535, 44.59253
-50.75202, 44.68976
-50.72897, 44.78507
-50.72239, 44.81189
-50.72239, 44.81189
-50.72239, 44.81189
-50.72239, 44.81189
-50.72239, 44.81189
-50.72239, 44.81189
-50.72239, 44.81189
-50.72239, 44.81189
-50.66655, 44.81365
-50.56659, 44.81646
-50.46665, 44.81926
-50.3667, 44.82207
-50.26675, 44.82488
-50.1668, 44.82767
-50.06686, 44.83046
-49.96691, 44.83324
-49.86696, 44.83602
-49.77901, 44.83847
-49.76701, 44.83881
-49.76701, 44.83881
-49.76701, 44.8388
-49.76702, 44.83881
-49.76702, 44.83881
-49.76702, 44.83881
-49.76702, 44.83881
-49.76702, 44.83881
-49.76702, 44.83881
-49.76702, 44.8388
-49.76702, 44.83881
-49.76702, 44.83881
-49.76702, 44.83881
-49.76702, 44.83881
-49.76702, 44.83881
-49.76703, 44.83881
-49.76703, 44.83881
-49.76703, 44.83881
-49.76703, 44.83881
-49.76703, 44.83881
-49.76704, 44.83881
-49.76704, 44.83881
-49.76704, 44.83881
-49.76704, 44.83881
-49.76704, 44.83882
-49.76704, 44.83882
-49.76704, 44.83882
-49.76704, 44.83882
-49.74533, 44.83921
-49.6509, 44.84151
-49.55093, 44.84409
-49.45097, 44.84666
-49.351, 44.84924
-49.25104, 44.85181
-49.15107, 44.85438
-49.05111, 44.85696
-48.95115, 44.85954
-48.85118, 44.86211
-48.75122, 44.86469
-48.65125, 44.86726
-48.55129, 44.86983
-48.45132, 44.87241
-48.35136, 44.87499
-48.2514, 44.87757
-48.15143, 44.88015
-48.05147, 44.88272
-47.9515, 44.8853
-47.85154, 44.88787
-47.75158, 44.89045
-47.65161, 44.89302
-47.55165, 44.8956
-47.45168, 44.89818
-47.35172, 44.90076
-47.25176, 44.90334
-47.15179, 44.90591
-47.05183, 44.90849
-46.95186, 44.91107
-46.85188, 44.91363
-46.75184, 44.91624
-46.65186, 44.91888
-46.55187, 44.92153
-46.45189, 44.92414
-46.35191, 44.92677
-46.25193, 44.92938
-46.15194, 44.93199
-46.05195, 44.9346
-45.95197, 44.93721
-45.85199, 44.93981
-45.75201, 44.94241
-45.65202, 44.945
-45.55204, 44.94758
-45.45206, 44.95015
-45.35207, 44.95272
-45.25209, 44.95528
-45.15211, 44.95782
-45.05213, 44.96033
-44.95214, 44.96283
-44.85215, 44.9653
-44.77369, 44.96722
-44.76804, 44.96736
-44.76804, 44.96736
-44.76804, 44.96736
-44.76804, 44.96736
-44.76804, 44.96736
-44.76804, 44.96736
-44.76804, 44.96736
-44.76804, 44.96736
-44.76804, 44.96736
-44.76804, 44.96736
-44.76804, 44.96736
-44.76804, 44.96736
-44.76804, 44.96736
-44.76804, 44.96736
-44.76804, 44.96736
-44.76804, 44.96736
-44.76804, 44.96736
-44.8249, 44.94387
-44.91752, 44.90619
-45.01014, 44.86851
-45.10276, 44.83083
-45.19538, 44.79314
-45.28801, 44.75545
-45.38063, 44.71775
-45.47325, 44.68004
-45.56587, 44.64233
-45.64738, 44.60914
-45.6585, 44.60462
-45.6585, 44.60463
-45.6585, 44.60463
-45.65849, 44.60463
-45.65849, 44.60463
-45.65849, 44.60463
-45.65849, 44.60462
-45.65849, 44.60462
-45.65849, 44.60462
-45.65849, 44.60462
-45.65848, 44.60461
-45.65849, 44.60461
-45.65849, 44.60461
-45.65849, 44.60461
-45.65848, 44.60461
-45.65849, 44.60461
-45.65848, 44.60461
-45.65848, 44.60461
-45.65848, 44.60461
-45.65848, 44.60461
-45.65848, 44.6046
-45.65847, 44.6046
-45.65848, 44.6046
-45.65847, 44.6046
-45.65847, 44.6046
-45.65847, 44.6046
-45.65847, 44.6046
-45.65847, 44.6046
-45.65847, 44.6046
-45.65847, 44.60459
-45.65847, 44.60459
-45.65847, 44.60459
-45.65847, 44.60459
-45.65847, 44.60459
-45.65847, 44.60459
-45.65847, 44.60458
-45.65847, 44.60458
-45.65847, 44.60458
-45.65847, 44.60458
-45.71122, 44.58303
-45.80379, 44.54519
-45.89635, 44.50735
-45.98892, 44.46951
-46.08149, 44.43167
-46.17405, 44.39383
-46.26661, 44.356
-46.35918, 44.31816
-46.45176, 44.28032
-46.54432, 44.24248
-46.63688, 44.20463
-46.72944, 44.16677
-46.82201, 44.12891
-46.91457, 44.09105
-47.00714, 44.05319
-47.0997, 44.01533
-47.19226, 43.97748
-47.28483, 43.93963
-47.37739, 43.90178
-47.46995, 43.86393
-47.563, 43.82593
-47.65574, 43.78817
-47.74833, 43.75042
-47.84091, 43.71262
-47.9336, 43.6747
-48.00591, 43.645
-48.01056, 43.64309
-48.01056, 43.64309
-48.01056, 43.64309
-48.01056, 43.64309
-48.01056, 43.64309
-48.01056, 43.64309
-48.01056, 43.64309
-48.01056, 43.64309
-48.01056, 43.64309
-48.01492, 43.65471
-48.0459, 43.73773
-48.08084, 43.83142
-48.11578, 43.92511
-48.15073, 44.0188
-48.18567, 44.11249
-48.22062, 44.20618
-48.25556, 44.29987
-48.29052, 44.39355
-48.32547, 44.48724
-48.36043, 44.58093
-48.39539, 44.67462
-48.43035, 44.76831
-48.46532, 44.862
-48.50029, 44.95569
-48.53527, 45.04938
-48.57026, 45.14304
-48.60524, 45.23672
-48.64022, 45.33039
-48.67522, 45.42406
-48.68886, 45.46056
-48.68886, 45.46055
-48.68886, 45.46056
-48.68886, 45.46056
-48.68887, 45.46056
-48.68887, 45.46056
-48.68887, 45.46056
-48.68887, 45.46057
-48.68887, 45.46056
-48.68887, 45.46056
-48.68887, 45.46057
-48.68887, 45.46057
-48.68887, 45.46057
-48.68887, 45.46057
-48.68888, 45.46057
-48.68887, 45.46056
-48.68888, 45.46056
-48.68889, 45.46056
-48.68888, 45.46056
-48.68889, 45.46056
-48.68889, 45.46056
-48.6889, 45.46056
-48.6889, 45.46056
-48.6889, 45.46056
-48.69047, 45.46476
-48.71778, 45.53773
-48.75283, 45.63138
-48.78788, 45.72503
-48.82293, 45.81868
-48.85799, 45.91233
-48.89305, 46.00599
-48.9281, 46.09963
-48.96315, 46.19328
-48.9982, 46.28693
-49.03325, 46.38058
-49.06831, 46.47423
-49.10337, 46.56788
-49.13844, 46.66153
-49.1735, 46.75518
-49.20899, 46.84999
-49.22444, 46.89143
-49.22444, 46.89143
-49.22444, 46.89143
-49.22444, 46.89143
-49.24432, 46.90299
-49.32672, 46.9509
-49.41318, 47.00115
-49.49964, 47.0514
-49.5861, 47.10164
-49.67256, 47.15189
-49.75902, 47.20214
-49.84549, 47.25239
-49.93195, 47.30264
-50.0184, 47.3529
-50.10484, 47.40316
-50.19128, 47.45342
-50.27773, 47.50368
-50.36417, 47.55394
-50.4506, 47.60419
-50.53704, 47.65446
-50.62347, 47.70473
-50.70992, 47.755
-50.79635, 47.80527
-50.88279, 47.85555
-50.96923, 47.90582
-51.05567, 47.9561
-51.14211, 48.00638
-51.22855, 48.05667
-51.31498, 48.10696
-51.40141, 48.15726
-51.48782, 48.20756
-51.57424, 48.25785
-51.66066, 48.30817
-51.74708, 48.35849
-51.8335, 48.40882
-51.91992, 48.45914
-52.00634, 48.50948
-52.09275, 48.55982
-52.17916, 48.61017
-52.26556, 48.66053
-52.35197, 48.71089
-52.43836, 48.76126
-52.52131, 48.80961
-52.54205, 48.82171
-52.54205, 48.82171
-52.54205, 48.82171
-52.54206, 48.82171
-52.54206, 48.82171
-52.54206, 48.82171
-52.54206, 48.82172
-52.54206, 48.82172
-52.54206, 48.82172
-52.54205, 48.82171
-52.54205, 48.8217
-52.54205, 48.8217
-52.54205, 48.8217
-52.54205, 48.8217
-52.54205, 48.8217
-52.54205, 48.8217
-52.54205, 48.8217
-52.54205, 48.82169
-52.54205, 48.82169
-52.54205, 48.82169
-52.54205, 48.82169
-52.54206, 48.82169
-52.54206, 48.82169
-52.54206, 48.82169
-52.54206, 48.82169
-52.54206, 48.82169
-52.54206, 48.82169
-52.54206, 48.82169
-52.56245, 48.8336
-52.64511, 48.8819
-52.73146, 48.93235
-52.81781, 48.9828
-52.90415, 49.03325
-52.99129, 49.08413
-53.06871, 49.12932
-53.08361, 49.13871
-53.13837, 49.18653
-53.21367, 49.25233
-53.28897, 49.31813
-53.36427, 49.38394
-53.39439, 49.41026
-53.39439, 49.41025
-53.39438, 49.41025
-53.39437, 49.41024
-53.39436, 49.41024
-53.39437, 49.41022
-53.39438, 49.41022
-53.39439, 49.41022
-53.3944, 49.41021
-53.3944, 49.41021
-53.39441, 49.41019
-53.39442, 49.41019
-53.39442, 49.41019
-53.39443, 49.41018
-53.39443, 49.41017
-53.39443, 49.41016
-53.39443, 49.41016
-53.39443, 49.41015
-53.39443, 49.41014
-53.39444, 49.41013
-53.39444, 49.41013
-53.39443, 49.41012
-53.39443, 49.41011
-53.39443, 49.4101
-53.39443, 49.4101
-53.39443, 49.41009
-53.39442, 49.41008
-53.39442, 49.41007
-53.39441, 49.41006
-53.39441, 49.41005
-53.3944, 49.41005
-53.39439, 49.41004
-53.39439, 49.41003
-53.39438, 49.41002
-53.39437, 49.41001
-53.39437, 49.41
-53.39438, 49.40999
-53.39439, 49.40998
-53.39439, 49.40998
-53.3944, 49.40997
-53.42257, 49.43454
-53.4974, 49.49986
-53.57272, 49.56562
-53.64805, 49.63138
-53.72341, 49.69712
-53.79877, 49.76287
-53.87411, 49.82862
-53.94946, 49.89438
-54.02482, 49.96012
-54.10018, 50.02587
-54.17552, 50.09163
-54.25086, 50.15739
-54.32619, 50.22315
-54.40151, 50.28891
-54.47684, 50.35465
-54.55215, 50.4204
-54.62748, 50.48615
-54.7028, 50.5519
-54.77814, 50.61765
-54.85349, 50.6834
-54.92884, 50.74916
-55.00419, 50.81493
-55.07953, 50.88068
-55.15487, 50.94645
-55.2302, 51.01222
-55.30552, 51.078
-55.38087, 51.14377
-55.45621, 51.20952
-55.53157, 51.27527
-55.60692, 51.34102
-55.68226, 51.40678
-55.75759, 51.47255
-55.8329, 51.53832
-55.90825, 51.60409
-55.98359, 51.66985
-56.05893, 51.73561
-56.13427, 51.80138
-56.2096, 51.86716
-56.28493, 51.93292
-56.36029, 51.99868
-56.43563, 52.06443
-56.51098, 52.13019
-56.58643, 52.19609
-56.66168, 52.26202
-56.7369, 52.32792
-56.81213, 52.39381
-56.88739, 52.45966
-56.96267, 52.52547
-57.03798, 52.59127
-57.11333, 52.65702
-57.18872, 52.72272
-57.26419, 52.78832
-57.29753, 52.81724
-57.29753, 52.81724
-57.29753, 52.81724
-57.29753, 52.81724
-57.29753, 52.81724
-57.29753, 52.81724
-57.29753, 52.81724
-57.29753, 52.81724
-57.29753, 52.81724
-57.29753, 52.81724
-57.29753, 52.81724
-57.29753, 52.81724
-57.29753, 52.81724
-57.29753, 52.81724
-57.29753, 52.81724
-57.29753, 52.81724
-57.29752, 52.81724
-57.29752, 52.81725
-57.29752, 52.81725
-57.29752, 52.81725
-57.29752, 52.81725
-57.29752, 52.81725
-57.29752, 52.81725
-57.29752, 52.81725
-57.29752, 52.81725
-57.29752, 52.81725
-57.29752, 52.81725
-57.29752, 52.81725
-57.29752, 52.81725
-57.29751, 52.81725
-57.29752, 52.81725
-57.29752, 52.81725
-57.29752, 52.81725
-57.29751, 52.81725
-57.29751, 52.81725
-57.29751, 52.81725
-57.29751, 52.81725
-57.2975, 52.81725
-57.2975, 52.81725
-57.2975, 52.81725
-57.2975, 52.81725
-57.2975, 52.81725
-57.2975, 52.81725
-57.2975, 52.81725
-57.29749, 52.81725
-57.29749, 52.81725
-57.29749, 52.81725
-57.29749, 52.81725
-57.29749, 52.81725
-57.29749, 52.81725
-57.29112, 52.79639
-57.26371, 52.7059
-57.23476, 52.61017
-57.20582, 52.51443
-57.17686, 52.41871
-57.14791, 52.32298
-57.11895, 52.22725
-57.09, 52.13152
-57.06105, 52.03579
-57.03211, 51.94006
-57.00315, 51.84434
-56.97419, 51.74861
-56.94524, 51.65287
-56.91628, 51.55715
-56.88733, 51.46141
-56.85838, 51.36569
-56.8294, 51.26997
-56.80044, 51.17425
-56.77148, 51.07852
-56.74253, 50.98279
-56.71357, 50.88706
-56.68462, 50.79133
-56.65566, 50.6956
-56.62672, 50.59987
-56.59776, 50.50414
-56.56881, 50.40841
-56.53984, 50.31269
-56.51085, 50.21699
-56.48184, 50.12129
-56.45284, 50.0256
-56.42692, 49.93996
-56.42281, 49.92638
-56.42281, 49.92638
-56.42281, 49.92638
-56.42281, 49.92638
-56.42281, 49.92638
-56.42281, 49.92638
-56.42281, 49.92638
-56.44027, 49.91363
-56.51694, 49.85854
-56.59826, 49.80033
-56.67957, 49.74211
-56.76088, 49.6839
-56.84219, 49.62569
-56.9235, 49.56747
-57.00481, 49.50926
-57.08613, 49.45105
-57.16744, 49.39283
-57.24875, 49.33461
-57.33006, 49.2764
-57.41137, 49.21819
-57.49268, 49.15997
-57.57399, 49.10175
-57.6553, 49.04352
-57.73661, 48.9853
-57.81793, 48.92708
-57.89924, 48.86885
-57.98055, 48.81062
-58.06186, 48.75239
-58.14318, 48.69416
-58.22448, 48.63593
-58.30577, 48.5777
-58.38705, 48.51946
-58.46832, 48.46123
-58.5496, 48.40299
-58.63087, 48.34475
-58.71214, 48.2865
-58.79342, 48.22824
-58.87468, 48.16999
-58.95596, 48.11173
-59.00731, 48.07493
-59.00795, 48.07447
-59.00795, 48.07447
-59.00795, 48.07447
-59.00795, 48.07447
-59.00795, 48.07448
-59.00795, 48.07447
-59.00796, 48.07447
-59.00796, 48.07447
-59.00796, 48.07447
-59.00796, 48.07447
-59.00797, 48.07446
-59.00796, 48.07446
-59.00797, 48.07446
-59.00797, 48.07446
-59.00797, 48.07446
-59.00797, 48.07446
-59.00797, 48.07446
-59.00797, 48.07446
-59.00797, 48.07446
-59.00797, 48.07446
-59.00797, 48.07445
-59.00797, 48.07445
-59.02696, 48.061
-59.1046, 48.0054
-59.18584, 47.94709
-59.26707, 47.88879
-59.3483, 47.83048
-59.42953, 47.77217
-59.51076, 47.71386
-59.59199, 47.65554
-59.67322, 47.59723
-59.75443, 47.5389
-59.83597, 47.48039
-59.91751, 47.42209
-59.99886, 47.36395
-60.08021, 47.30579
-60.16155, 47.24762
-60.24287, 47.18943
-60.32418, 47.13123
-60.40547, 47.07301
-60.48675, 47.01476
-60.56801, 46.95648
-60.64925, 46.89816
-60.73047, 46.83981
-60.81165, 46.78141
-60.89279, 46.72295
-60.97386, 46.66441
-61.03386, 46.62094
-61.03606, 46.61934
-61.03606, 46.61934
-61.03606, 46.61934
-61.03606, 46.61934
-61.03606, 46.61934
-61.03606, 46.61934
-61.03606, 46.61934
-61.03606, 46.61934
-61.06501, 46.64621
-61.13821, 46.71414
-61.21151, 46.78215
-61.28482, 46.85017
-61.35812, 46.91819
-61.43143, 46.98621
-61.50472, 47.05423
-61.57802, 47.12226
-61.65131, 47.19029
-61.72462, 47.25831
-61.79793, 47.32633
-61.87122, 47.39434
-61.94452, 47.46236
-62.01781, 47.53039
-62.09111, 47.59842
-62.16439, 47.66645
-62.23771, 47.73447
-62.31101, 47.80247
-62.35499, 47.84329
-62.35499, 47.84329
-62.35499, 47.84329
-62.35499, 47.84329
-62.35499, 47.8433
-62.35499, 47.8433
-62.35498, 47.8433
-62.35497, 47.8433
-62.35497, 47.8433
-62.35498, 47.8433
-62.35497, 47.8433
-62.35498, 47.8433
-62.35498, 47.84331
-62.35498, 47.84332
-62.35498, 47.84332
-62.35498, 47.84332
-62.35498, 47.84332
-62.35499, 47.84332
-62.35499, 47.84332
-62.35499, 47.84331
-62.35498, 47.84332
-62.35499, 47.84332
-62.35499, 47.84332
-62.355, 47.84332
-62.35734, 47.84549
-62.41061, 47.89506
-62.48378, 47.96322
-62.55696, 48.03139
-62.63016, 48.09957
-62.70334, 48.16774
-62.77652, 48.23591
-62.84972, 48.30406
-62.92292, 48.37222
-62.99612, 48.44037
-63.06932, 48.50852
-63.14252, 48.57666
-63.21573, 48.64477
-63.28895, 48.71288
-63.36217, 48.78099
-63.43539, 48.8491
-63.50861, 48.9172
-63.58186, 48.98529
-63.6551, 49.05339
-63.72834, 49.12147
-63.80159, 49.18954
-63.87484, 49.25762
-63.94809, 49.32568
-64.02136, 49.39373
-64.09483, 49.46161
-64.1684, 49.52935
-64.24196, 49.5971
-64.3155, 49.66486
-64.38904, 49.73262
-64.46259, 49.8004
-64.53609, 49.86819
-64.6096, 49.936
-64.68309, 50.00385
-64.75652, 50.07171
-64.82994, 50.13961
-64.90334, 50.20753
-64.97668, 50.27551
-65.04999, 50.34353
-65.12088, 50.40948
-65.14085, 50.4281
-65.14085, 50.4281
-65.14085, 50.4281
-65.14085, 50.4281
-65.14085, 50.4281
-65.14085, 50.4281
-65.14085, 50.4281
-65.14085, 50.4281
-65.18895, 50.39968
-65.27511, 50.34892
-65.36125, 50.29815
-65.44739, 50.24738
-65.53352, 50.19657
-65.58804, 50.16441
-65.58876, 50.16399
-65.58876, 50.16399
-65.58877, 50.16399
-65.58878, 50.16399
-65.58876, 50.16399
-65.58876, 50.16399
-65.58876, 50.164
-65.58876, 50.164
-65.58877, 50.164
-65.58878, 50.164
-65.58877, 50.164
-65.58877, 50.164
-65.58878, 50.164
-65.58878, 50.164
-65.58878, 50.16401
-65.58878, 50.16401
-65.58878, 50.164
-65.58878, 50.164
-65.58878, 50.164
-65.58878, 50.164
-65.58878, 50.164
-65.58878, 50.164
-65.58878, 50.164
-65.59996, 50.15737
-65.67694, 50.11172
-65.76295, 50.06071
-65.84898, 50.00971
-65.93499, 49.9587
-66.02099, 49.90769
-66.10701, 49.85669
-66.19303, 49.80568
-66.27905, 49.75465
-66.36507, 49.70362
-66.45109, 49.65261
-66.53334, 49.60384
-66.55547, 49.59072
-66.55557, 49.59066
-66.55557, 49.59066
-66.55557, 49.59066
-66.55557, 49.59066
-66.55557, 49.59066
-66.55557, 49.59066
-66.55557, 49.59066
-66.55557, 49.59066
-66.55557, 49.59066
-66.55557, 49.59066
-66.55557, 49.59066
-66.55557, 49.59066
-66.55557, 49.59066
-66.55557, 49.59066
-66.55557, 49.59066
-66.55557, 49.59066
-66.55557, 49.59066
-66.55557, 49.59066
-66.55557, 49.59066
-66.55557, 49.59066
-66.55557, 49.59066
-66.55557, 49.59066
-66.55557, 49.59066
-66.55557, 49.59066
-66.55557, 49.59066
-66.55557, 49.59066
-66.55557, 49.59066
-66.55557, 49.59066
-66.55557, 49.59066
-66.55557, 49.59066
-66.55557, 49.59066
-66.55557, 49.59066
-66.55557, 49.59066
-66.55557, 49.59066
-66.55557, 49.59066
-66.55557, 49.59066
-66.55557, 49.59066
-66.55557, 49.59066
-66.55557, 49.59066
-66.55557, 49.59066
-66.55557, 49.59066
-66.55557, 49.59066
-66.55557, 49.59066
-66.55557, 49.59066
-66.55557, 49.59066
-66.55557, 49.59066
-66.55557, 49.59066
