-3, -3
-3, -3
-3, -3
-3, -3
-3, -3
-3, -3
-3, -3
-3, -3
-3, -3
-3, -3
-3, -3
-3, -3
-3, -3
-3, -3
-3, -3
-3, -3
-3, -3
-2.999978, -2.963302
-2.999775, -2.854128
-2.999522, -2.734128
-2.999276, -2.614129
-2.999034, -2.49413
-2.998798, -2.374132
-2.998564, -2.254133
-2.998336, -2.134134
-2.998114, -2.014135
-2.997897, -1.894137
-2.997716, -1.792075
-2.997695, -1.780011
-2.997696, -1.780009
-2.997696, -1.780009
-2.997696, -1.780008
-2.997696, -1.780006
-2.997696, -1.780004
-2.997696, -1.780003
-2.997696, -1.780003
-2.997695, -1.780002
-2.997695, -1.780001
-2.997694, -1.78
-2.997694, -1.779999
-2.997694, -1.779999
-2.997693, -1.779998
-2.997692, -1.779998
-2.99769, -1.779998
-2.997689, -1.779997
-2.997689, -1.779997
-2.99769, -1.779997
-2.99769, -1.779997
-2.997689, -1.779997
-2.997691, -1.771164
-2.997726, -1.673493
-2.997771, -1.55349
-2.997815, -1.433484
-2.99786, -1.313479
-2.997905, -1.193477
-2.997951, -1.073472
-2.997996, -0.9534683
-2.998044, -0.8334653
-2.998092, -0.7134595
-2.998139, -0.593453
-2.998187, -0.4734441
-2.998234, -0.3534378
-2.998281, -0.2334331
-2.998328, -0.113428
-2.998376, 0.006579558
-2.998423, 0.1265872
-2.99847, 0.2465948
-2.998513, 0.3566006
-2.998554, 0.4566068
-2.998594, 0.5566122
-2.998636, 0.6566184
-2.998677, 0.7566261
-2.998718, 0.8566324
-2.99876, 0.956637
-2.998801, 1.056641
-2.998844, 1.156646
-2.998887, 1.256655
-2.998929, 1.356661
-2.998971, 1.45667
-2.999014, 1.556677
-2.999056, 1.656685
-2.999098, 1.756692
-2.999141, 1.856695
-2.999185, 1.956701
-2.999227, 2.05671
-2.999265, 2.156953
-2.99919, 2.257314
-2.999075, 2.357319
-2.998969, 2.457326
-2.998872, 2.557329
-2.998784, 2.657331
-2.998705, 2.757333
-2.998637, 2.857338
-2.998578, 2.957348
-2.998534, 3.057352
-2.998506, 3.158024
-2.998552, 3.259034
-2.998639, 3.359038
-2.998729, 3.459047
-2.998837, 3.559056
-2.998951, 3.659064
-2.99908, 3.759068
-2.999224, 3.859071
-2.999387, 3.959077
-2.999578, 4.059084
-2.999788, 4.148736
-2.999827, 4.163214
-2.999827, 4.163214
-2.999827, 4.163214
-2.999827, 4.163214
-2.999827, 4.163214
-2.999827, 4.163214
-2.999827, 4.163214
-2.999827, 4.163214
-2.97867, 4.167177
-2.925213, 4.176984
-2.925212, 4.176984
-2.925214, 4.176985
-2.925213, 4.176984
-2.925211, 4.176984
-2.92521, 4.176985
-2.92521, 4.176985
-2.925209, 4.176986
-2.925209, 4.176986
-2.925208, 4.176986
-2.925208, 4.176986
-2.925206, 4.176986
-2.925205, 4.176987
-2.925205, 4.176987
-2.925203, 4.176989
-2.925202, 4.17699
-2.925202, 4.17699
-2.9252, 4.176992
-2.925199, 4.176994
-2.925198, 4.176997
-2.925197, 4.177
-2.925196, 4.177001
-2.925196, 4.177002
-2.925195, 4.177003
-2.925196, 4.177004
-2.925196, 4.177004
-2.925195, 4.177007
-2.925195, 4.177011
-2.921937, 4.177556
-2.849848, 4.190316
-2.75143, 4.208028
-2.653016, 4.225756
-2.554597, 4.243465
-2.45618, 4.261174
-2.357761, 4.278886
-2.259343, 4.296598
-2.160924, 4.314307
-2.062505, 4.332016
-1.964086, 4.349733
-1.86567, 4.367466
-1.767252, 4.385177
-1.668833, 4.402892
-1.570413, 4.420603
-1.471993, 4.438313
-1.373573, 4.456021
-1.275154, 4.473731
-1.176594, 4.491488
-1.07811, 4.509387
-0.9797257, 4.527291
-0.8813393, 4.545183
-0.7829509, 4.563059
-0.6845606, 4.580925
-0.5861676, 4.598777
-0.487773, 4.616615
-0.3893747, 4.63444
-0.2909731, 4.652244
-0.1924184, 4.670044
-0.09396658, 4.687781
0.004450703, 4.705488
0.1028727, 4.723175
0.2012983, 4.740845
0.29973, 4.758489
0.3981664, 4.776103
0.4966094, 4.793676
0.5950619, 4.811199
0.6935282, 4.82864
0.750496, 4.83867
0.7499652, 4.838577
0.7499652, 4.838577
0.7499652, 4.838577
0.7499652, 4.838577
0.7499652, 4.838577
0.7499652, 4.838577
0.7499652, 4.838577
0.7499652, 4.838577
0.7499652, 4.838577
0.7499652, 4.838577
0.7499652, 4.838577
0.7499652, 4.838577
0.7499652, 4.838577
0.7499652, 4.838577
0.7499652, 4.838577
0.7499652, 4.838577
0.7499652, 4.838577
0.7499652, 4.838577
0.7499652, 4.838577
0.691969, 4.830138
0.593026, 4.815638
0.553449, 4.809836
0.5534483, 4.80984
0.5534479, 4.809843
0.5534467, 4.809844
0.5534463, 4.809846
0.5534459, 4.809848
0.5534452, 4.80985
0.5534449, 4.809853
0.5534439, 4.809855
0.5534436, 4.809856
0.5534428, 4.809857
0.5534422, 4.809859
0.5534418, 4.80986
0.5534407, 4.809863
0.5534406, 4.809865
0.5534396, 4.809868
0.5534393, 4.809871
0.553439, 4.809873
0.5534385, 4.809876
0.5534379, 4.809878
0.5534369, 4.80988
0.5534368, 4.809882
0.5534357, 4.809885
0.5534355, 4.809886
0.5534347, 4.809888
0.5534341, 4.809892
0.5534337, 4.809893
0.5534326, 4.809894
0.5534325, 4.809896
0.5534315, 4.809897
0.5534315, 4.809898
0.5534309, 4.809901
0.5534303, 4.809903
0.5534298, 4.809906
0.5534289, 4.80991
0.5534288, 4.809913
0.5534282, 4.809915
0.5534277, 4.809916
0.5534266, 4.809918
0.5534261, 4.80992
0.5171078, 4.804654
0.4189464, 4.790512
0.3199655, 4.776273
0.220984, 4.762029
0.1220027, 4.747785
0.0230238, 4.733537
-0.07595634, 4.719286
-0.1749344, 4.705033
-0.2739123, 4.690778
-0.3728921, 4.676519
-0.4718709, 4.662255
-0.5708481, 4.647987
-0.6698248, 4.633715
-0.7688007, 4.619441
-0.8677756, 4.605165
-0.96675, 4.590887
-1.065727, 4.576604
-1.164701, 4.562317
-1.263676, 4.548027
-1.362649, 4.533734
-1.461622, 4.519436
-1.560595, 4.505135
-1.659567, 4.49083
-1.758539, 4.476524
-1.857511, 4.462214
-1.956481, 4.447898
-2.055452, 4.433575
-2.154418, 4.419249
-2.253382, 4.404916
-2.352351, 4.390578
-2.451318, 4.376234
-2.550285, 4.361887
-2.649251, 4.347532
-2.748214, 4.333171
-2.847177, 4.318806
-2.946138, 4.304435
-3.0451, 4.290058
-3.144062, 4.275674
-3.243024, 4.261281
-3.341983, 4.246882
-3.44094, 4.232478
-3.539896, 4.218068
-3.63885, 4.20365
-3.737788, 4.189099
-3.836695, 4.174335
-3.935601, 4.159577
-4.034507, 4.144829
-4.133414, 4.13009
-4.232326, 4.115362
-4.331239, 4.100649
-4.430156, 4.085947
-4.529073, 4.071255
-4.627993, 4.056578
-4.726915, 4.041917
-4.825839, 4.027273
-4.924767, 4.012652
-5.023696, 3.998053
-5.101336, 3.986614
-5.106926, 3.985787
-5.106926, 3.985784
-5.106926, 3.985781
-5.106925, 3.985778
-5.106924, 3.985775
-5.106923, 3.985774
-5.106921, 3.985772
-5.106918, 3.985771
-5.106916, 3.985771
-5.106914, 3.985769
-5.10691, 3.985768
-5.106907, 3.985767
-5.106904, 3.985769
-5.106901, 3.985768
-5.106897, 3.985769
-5.106894, 3.985771
-5.106892, 3.985773
-5.106889, 3.985775
-5.106886, 3.985778
-5.106886, 3.985778
-5.106887, 3.98578
-5.106885, 3.985781
-5.106885, 3.985783
-5.106886, 3.985783
-5.106886, 3.985783
-5.106886, 3.985783
-5.106886, 3.985783
-5.106886, 3.985783
-5.106886, 3.985783
-5.117139, 3.984386
-5.201766, 3.972111
-5.300681, 3.957493
-5.399613, 3.94294
-5.498553, 3.928465
-5.597508, 3.914113
-5.641179, 3.907831
-5.641179, 3.907831
-5.641179, 3.907831
-5.641179, 3.907831
-5.641179, 3.907831
-5.641179, 3.907831
-5.641179, 3.907831
-5.642673, 3.910632
-5.676812, 3.974813
-5.723683, 4.063146
-5.77055, 4.151474
-5.817424, 4.239803
-5.864306, 4.328129
-5.911189, 4.416453
-5.958076, 4.504777
-6.004964, 4.593099
-6.051858, 4.681417
-6.098754, 4.769733
-6.14565, 4.858049
-6.192552, 4.946363
-6.23946, 5.034677
-6.286369, 5.122986
-6.333282, 5.211292
-6.380196, 5.299597
-6.427114, 5.387897
-6.474036, 5.476193
-6.520965, 5.564491
-6.567899, 5.65279
-6.614834, 5.741082
-6.661773, 5.829376
-6.708714, 5.917666
-6.755666, 6.005954
-6.802623, 6.09424
-6.84958, 6.182521
-6.896547, 6.270799
-6.943515, 6.359075
-6.990489, 6.447345
-7.037472, 6.535614
-7.084462, 6.623883
-7.131452, 6.712148
-7.17845, 6.800408
-7.225453, 6.888669
-7.27246, 6.976926
-7.319475, 7.065177
-7.366496, 7.15343
-7.413526, 7.241677
-7.46057, 7.329923
-7.507617, 7.41816
-7.554672, 7.506394
-7.601737, 7.594627
-7.648806, 7.682856
-7.695884, 7.771079
-7.742974, 7.859296
-7.790078, 7.947511
-7.837185, 8.035719
-7.884299, 8.123921
-7.93143, 8.21212
-7.97857, 8.300314
-8.02572, 8.388498
-8.044584, 8.423769
-8.044583, 8.423769
-8.044582, 8.423768
-8.044582, 8.423769
-8.044582, 8.423767
-8.044581, 8.423769
-8.044581, 8.42377
-8.044582, 8.423769
-8.044582, 8.423769
-8.044583, 8.423768
-8.044584, 8.423767
-8.044584, 8.423767
-8.044584, 8.423767
-8.044584, 8.423767
-8.044584, 8.423765
-8.044584, 8.423764
-8.044584, 8.423765
-8.044584, 8.423765
-8.044584, 8.423766
-8.044584, 8.423766
-8.044584, 8.423767
-8.044585, 8.423765
-8.044586, 8.423766
-8.044586, 8.423767
-8.044586, 8.423767
-8.044586, 8.423767
-8.044586, 8.423767
-8.071043, 8.47298
-8.118228, 8.561147
-8.165416, 8.649312
-8.212623, 8.73747
-8.25985, 8.825614
-8.307093, 8.913748
-8.35436, 9.001871
-8.401651, 9.089978
-8.448973, 9.17807
-8.496333, 9.266146
-8.543741, 9.354193
-8.591213, 9.442205
-8.638777, 9.530169
-8.668955, 9.585811
-8.669348, 9.586535
-8.669348, 9.586535
-8.669107, 9.590022
-8.663144, 9.663759
-8.654675, 9.763401
-8.646213, 9.863042
-8.637756, 9.962684
-8.629303, 10.06233
-8.620857, 10.16197
-8.612419, 10.26161
-8.60399, 10.36125
-8.595568, 10.4609
-8.587151, 10.56055
-8.578741, 10.6602
-8.570341, 10.75985
-8.561948, 10.8595
-8.553564, 10.95915
-8.545187, 11.0588
-8.536822, 11.15845
-8.528467, 11.25811
-8.520119, 11.35776
-8.511839, 11.45768
-8.503819, 11.55743
-8.495813, 11.65711
-8.487802, 11.75678
-8.479781, 11.85646
-8.471756, 11.95613
-8.463736, 12.05579
-8.455786, 12.15546
-8.447828, 12.25515
-8.439855, 12.35483
-8.431859, 12.45451
-8.423842, 12.55418
-8.415802, 12.65386
-8.407735, 12.75353
-8.399637, 12.8532
-8.3915, 12.95288
-8.383322, 13.05254
-8.375084, 13.1522
-8.36677, 13.25185
-8.358329, 13.3515
-8.354965, 13.39067
-8.354965, 13.39067
-8.354965, 13.39067
-8.354965, 13.39067
-8.354965, 13.39067
-8.354965, 13.39067
-8.354965, 13.39067
-8.354965, 13.39067
-8.354965, 13.39067
-8.354965, 13.39067
-8.354965, 13.39067
-8.354965, 13.39067
-8.354965, 13.39067
-8.354965, 13.39067
-8.375025, 13.37675
-8.454158, 13.32191
-8.536357, 13.26496
-8.618547, 13.208
-8.700735, 13.15104
-8.782916, 13.09406
-8.865091, 13.03708
-8.947344, 12.98004
-9.029511, 12.92305
-9.111676, 12.86605
-9.193834, 12.80904
-9.275986, 12.75201
-9.358124, 12.69498
-9.44025, 12.63792
-9.522365, 12.58085
-9.604465, 12.52376
-9.68655, 12.46665
-9.768613, 12.4095
-9.850649, 12.35232
-9.932645, 12.29508
-9.993868, 12.25225
-9.996443, 12.25045
-9.996443, 12.25045
-9.996443, 12.25045
-9.996443, 12.25045
-9.996443, 12.25045
-9.996443, 12.25045
-9.996443, 12.25045
-10.01361, 12.26343
-10.08878, 12.32045
-10.16842, 12.38093
-10.24805, 12.44141
-10.2832, 12.4681
-10.2832, 12.4681
-10.2832, 12.4681
-10.28319, 12.4681
-10.28319, 12.4681
-10.28319, 12.46811
-10.28319, 12.46811
-10.28319, 12.46811
-10.28319, 12.46811
-10.28318, 12.46811
-10.28318, 12.46811
-10.28318, 12.46811
-10.28318, 12.46811
-10.28317, 12.46811
-10.28317, 12.46811
-10.28317, 12.46811
-10.28317, 12.46811
-10.28317, 12.46811
-10.28317, 12.46811
-10.28317, 12.4681
-10.28317, 12.4681
-10.28317, 12.4681
-10.28317, 12.46809
-10.28317, 12.46809
-10.28317, 12.46809
-10.28317, 12.46809
-10.32779, 12.50189
-10.40743, 12.56236
-10.48707, 12.62283
-10.56671, 12.6833
-10.64635, 12.74377
-10.726, 12.80423
-10.80564, 12.86469
-10.88529, 12.92515
-10.96494, 12.9856
-11.0446, 13.04605
-11.12425, 13.10649
-11.20391, 13.16694
-11.28359, 13.22737
-11.36326, 13.2878
-11.44293, 13.34823
-11.52261, 13.40866
-11.60228, 13.46908
-11.68197, 13.5295
-11.76165, 13.58991
-11.84134, 13.65032
-11.92103, 13.71073
-12.00072, 13.77112
-12.08042, 13.83152
-12.16012, 13.8919
-12.23983, 13.95228
-12.31954, 14.01266
-12.39926, 14.07303
-12.47898, 14.1334
-12.55871, 14.19376
-12.63844, 14.25411
-12.71818, 14.31446
-12.79792, 14.3748
-12.87766, 14.43513
-12.9574, 14.49546
-13.03716, 14.55578
-13.11692, 14.61608
-13.19672, 14.67632
-13.27655, 14.73654
-13.35638, 14.79675
-13.43622, 14.85696
-13.51606, 14.91716
-13.59591, 14.97736
-13.67576, 15.03761
-13.75558, 15.09787
-13.83539, 15.1581
-13.91521, 15.21833
-13.99505, 15.27853
-14.0749, 15.33872
-14.15478, 15.39889
-14.23466, 15.45904
-14.31457, 15.51916
-14.3945, 15.57924
-14.47446, 15.63928
-14.55447, 15.69928
-14.63453, 15.75919
-14.70639, 15.81279
-14.718, 15.82143
-14.75455, 15.86369
-14.81987, 15.9394
-14.88519, 16.01512
-14.95052, 16.09082
-15.01586, 16.16653
-15.0812, 16.24222
-15.14447, 16.31551
-15.16232, 16.33617
-15.16232, 16.33617
-15.16232, 16.33617
-15.16231, 16.33617
-15.16231, 16.33617
-15.16231, 16.33617
-15.16231, 16.33617
-15.16231, 16.33617
-15.16231, 16.33617
-15.16231, 16.33617
-15.16231, 16.33617
-15.16231, 16.33617
-15.16231, 16.33617
-15.16231, 16.33617
-15.16231, 16.33617
-15.16231, 16.33617
-15.16231, 16.33617
-15.16231, 16.33617
-15.16231, 16.33617
-15.16231, 16.33617
-15.16479, 16.33904
-15.22306, 16.40624
-15.30168, 16.49691
-15.38031, 16.58756
-15.45925, 16.67868
-15.53776, 16.76958
-15.6162, 16.86039
-15.69466, 16.95119
-15.77314, 17.04198
-15.85201, 17.13297
-15.93094, 17.22346
-16.00981, 17.3139
-16.08866, 17.40437
-16.16749, 17.49485
-16.24628, 17.58536
-16.32505, 17.67589
-16.40378, 17.76646
-16.48247, 17.85706
-16.56111, 17.94771
-16.63967, 18.03842
-16.7181, 18.12924
-16.74917, 18.16532
-16.74917, 18.16532
-16.74917, 18.16532
-16.74917, 18.16532
-16.74917, 18.16532
-16.74917, 18.16532
-16.74917, 18.16532
-16.74917, 18.16532
-16.74917, 18.16532
-16.74917, 18.16532
-16.74917, 18.16532
-16.74917, 18.16532
-16.74917, 18.16532
-16.74917, 18.16532
-16.74917, 18.16532
-16.74917, 18.16532
-16.74917, 18.16531
-16.74917, 18.16531
-16.74917, 18.16531
-16.74917, 18.16531
-16.74917, 18.16531
-16.74916, 18.16531
-16.74916, 18.16531
-16.74916, 18.16531
-16.74916, 18.16531
-16.74916, 18.1653
-16.74916, 18.1653
-16.74916, 18.1653
-16.74916, 18.1653
-16.73192, 18.19056
-16.66685, 18.28574
-16.5991, 18.38478
-16.53135, 18.48383
-16.46361, 18.58288
-16.39587, 18.68193
-16.32813, 18.78098
-16.2604, 18.88003
-16.19267, 18.97909
-16.12494, 19.07815
-16.05722, 19.17721
-15.9895, 19.27627
-15.92178, 19.37533
-15.85407, 19.47439
-15.78635, 19.57346
-15.71865, 19.67253
-15.65095, 19.7716
-15.58326, 19.87068
-15.51556, 19.96977
-15.44788, 20.06887
-15.38019, 20.16796
-15.31252, 20.26706
-15.24485, 20.36617
-15.17719, 20.46527
-15.10953, 20.56438
-15.04187, 20.66348
-14.97422, 20.7626
-14.90658, 20.86172
-14.83895, 20.96084
-14.77132, 21.05996
-14.7037, 21.15909
-14.63609, 21.25822
-14.56848, 21.35737
-14.50089, 21.45652
-14.4333, 21.55568
-14.36572, 21.65484
-14.29814, 21.754
-14.23058, 21.85317
-14.16454, 21.95018
-14.14388, 21.9806
-14.14388, 21.98059
-14.14388, 21.9806
-14.14388, 21.9806
-14.14388, 21.9806
-14.14388, 21.98059
-14.14388, 21.9806
-14.14387, 21.9806
-14.14387, 21.9806
-14.14387, 21.9806
-14.14387, 21.9806
-14.14387, 21.9806
-14.14387, 21.9806
-14.14387, 21.9806
-14.14387, 21.9806
-14.14387, 21.9806
-14.14387, 21.9806
-14.14387, 21.9806
-14.14387, 21.9806
-14.14387, 21.9806
-14.14387, 21.9806
-14.14387, 21.9806
-14.14387, 21.9806
-14.13182, 21.99835
-14.06925, 22.09058
-14.00187, 22.18989
-13.93449, 22.2892
-13.86711, 22.3885
-13.79974, 22.4877
-13.73225, 22.58693
-13.66478, 22.68617
-13.59733, 22.78542
-13.5299, 22.88469
-13.46248, 22.98396
-13.39509, 23.08325
-13.32773, 23.18258
-13.26041, 23.28193
-13.19317, 23.38132
-13.16621, 23.42124
-13.16621, 23.42124
-13.15688, 23.47104
-13.1349, 23.58915
-13.11297, 23.70712
-13.09103, 23.82511
-13.06908, 23.94309
-13.04713, 24.06108
-13.02517, 24.17905
-13.0032, 24.29701
-12.98123, 24.41498
-12.95924, 24.53295
-12.93725, 24.65092
-12.91525, 24.7689
-12.89324, 24.88687
-12.87124, 25.00483
-12.84922, 25.12279
-12.82719, 25.24075
-12.80514, 25.35871
-12.78309, 25.47667
-12.76103, 25.59463
-12.73896, 25.71258
-12.71687, 25.83052
-12.69477, 25.94848
-12.67266, 26.06642
-12.65054, 26.18437
-12.62841, 26.30231
-12.60626, 26.42025
-12.5841, 26.53819
-12.56193, 26.65613
-12.53974, 26.77406
-12.51745, 26.8924
-12.49492, 27.01114
-12.47248, 27.12903
-12.45004, 27.24692
-12.42759, 27.36481
-12.40512, 27.4827
-12.38266, 27.60059
-12.36018, 27.71848
-12.35081, 27.76761
-12.35081, 27.76761
-12.35081, 27.76761
-12.35081, 27.76761
-12.3508, 27.76761
-12.3508, 27.76762
-12.3508, 27.76762
-12.3508, 27.76762
-12.3508, 27.76762
-12.3508, 27.76762
-12.3508, 27.76763
-12.3508, 27.76763
-12.3508, 27.76763
-12.3508, 27.76764
-12.3508, 27.76764
-12.3508, 27.76764
-12.3508, 27.76764
-12.3508, 27.76764
-12.35081, 27.76764
-12.35081, 27.76764
-12.35081, 27.76764
-12.33747, 27.83579
-12.31496, 27.95366
-12.29241, 28.07152
-12.26986, 28.18938
-12.24732, 28.30723
-12.22477, 28.4251
-12.20222, 28.54296
-12.1797, 28.66082
-12.15719, 28.77869
-12.14502, 28.83647
-12.11455, 28.92808
-12.07684, 29.04108
-12.03912, 29.15409
-12.0014, 29.2671
-11.96368, 29.3801
-11.92595, 29.4931
-11.88822, 29.60611
-11.8505, 29.71912
-11.81278, 29.83212
-11.77506, 29.94513
-11.73733, 30.05814
-11.6996, 30.17114
-11.66187, 30.28415
-11.62414, 30.39716
-11.58641, 30.51016
-11.54868, 30.62316
-11.51094, 30.73617
-11.47319, 30.84916
-11.43543, 30.96216
-11.3977, 31.07516
-11.35995, 31.18816
-11.32203, 31.30159
-11.28391, 31.41538
-11.2458, 31.52917
-11.2077, 31.64296
-11.1696, 31.75675
-11.13151, 31.87055
-11.09343, 31.98435
-11.05542, 32.09818
-11.01748, 32.21202
-10.97954, 32.32586
-10.94159, 32.43969
-10.90363, 32.55351
-10.86565, 32.66733
-10.82765, 32.78116
-10.78963, 32.89498
-10.75158, 33.00879
-10.71431, 33.12007
-10.70262, 33.15493
-10.70262, 33.15493
-10.70262, 33.15493
-10.70262, 33.15493
-10.70262, 33.15493
-10.70262, 33.15493
-10.70262, 33.15493
-10.70262, 33.15493
-10.70262, 33.15493
-10.70262, 33.15493
-10.70262, 33.15493
-10.70262, 33.15493
-10.70262, 33.15493
-10.70262, 33.15493
-10.70262, 33.15493
-10.70541, 33.13413
-10.72008, 33.02412
-10.73591, 32.90517
-10.75175, 32.78621
-10.76759, 32.66726
-10.78343, 32.54831
-10.79928, 32.42936
-10.81513, 32.31041
-10.83098, 32.19146
-10.84684, 32.07251
-10.8627, 31.95355
-10.87856, 31.83462
-10.89443, 31.71568
-10.9103, 31.59674
-10.92617, 31.47779
-10.94205, 31.35884
-10.95793, 31.2399
-10.97382, 31.12097
-10.98972, 31.00203
-11.00563, 30.88309
-11.02154, 30.76415
-11.03745, 30.6452
-11.05337, 30.52627
-11.06487, 30.44038
-11.06532, 30.43707
-11.06532, 30.43707
-11.06532, 30.43707
-11.06532, 30.43707
-11.06532, 30.43707
-11.06532, 30.43707
-11.06532, 30.43707
-11.06532, 30.43707
-11.06533, 30.43707
-11.06533, 30.43707
-11.06533, 30.43707
-11.06533, 30.43707
-11.06533, 30.43707
-11.06533, 30.43707
-11.06533, 30.43707
-11.06533, 30.43707
-11.06533, 30.43707
-11.06794, 30.41872
-11.08262, 30.31119
-11.09868, 30.19228
-11.11477, 30.07338
-11.13086, 29.95448
-11.14695, 29.83558
-11.16304, 29.71668
-11.17913, 29.59779
-11.19522, 29.47889
-11.21128, 29.35973
-11.22717, 29.24075
-11.24306, 29.12182
-11.25896, 29.00288
-11.27488, 28.88396
-11.29081, 28.76504
-11.30677, 28.64607
-11.32301, 28.52695
-11.33939, 28.40807
-11.35575, 28.28919
-11.37208, 28.1703
-11.38838, 28.05141
-11.40463, 27.93253
-11.42085, 27.81363
-11.437, 27.69472
-11.45308, 27.57581
-11.46903, 27.45688
-11.47812, 27.38838
-11.47809, 27.38856
-11.47809, 27.38856
-11.47809, 27.38856
-11.47809, 27.38856
-11.47809, 27.38856
-11.47809, 27.38856
-11.47809, 27.38856
-11.47809, 27.38856
-11.47809, 27.38856
-11.47809, 27.38856
-11.4781, 27.38857
-11.4781, 27.38857
-11.4781, 27.38857
-11.4781, 27.38857
-11.4781, 27.38857
-11.4781, 27.38857
-11.4781, 27.38857
-11.4781, 27.38857
-11.4781, 27.38857
-11.4781, 27.38857
-11.47811, 27.38857
-11.47811, 27.38857
-11.47811, 27.38858
-11.47811, 27.38858
-11.47811, 27.38858
-11.47811, 27.38858
-11.47811, 27.38858
-11.47811, 27.38858
-11.47811, 27.38857
-11.47811, 27.38858
-11.47811, 27.38858
-11.47812, 27.38858
-11.47073, 27.41826
-11.44292, 27.53016
-11.41398, 27.64663
-11.38504, 27.76309
-11.3561, 27.87955
-11.32715, 27.996
-11.2982, 28.11247
-11.26925, 28.22893
-11.24029, 28.34538
-11.21133, 28.46185
-11.18237, 28.57831
-11.15341, 28.69476
-11.12443, 28.81123
-11.09545, 28.92769
-11.06646, 29.04415
-11.03747, 29.16062
-11.00848, 29.27708
-10.97949, 29.39354
-10.95049, 29.50998
-10.92148, 29.62643
-10.89248, 29.74289
-10.86346, 29.85934
-10.83443, 29.97579
-10.8054, 30.09223
-10.77636, 30.20868
-10.74732, 30.32513
-10.71826, 30.44158
-10.6892, 30.55802
-10.66014, 30.67446
-10.63107, 30.79089
-10.60198, 30.90732
-10.57289, 31.02375
-10.54379, 31.14018
-10.51467, 31.25661
-10.48555, 31.37303
-10.45641, 31.48945
-10.42721, 31.60586
-10.39798, 31.72226
-10.36873, 31.83864
-10.33947, 31.95502
-10.3102, 32.0714
-10.28091, 32.18777
-10.25156, 32.30424
-10.22215, 32.42065
-10.19359, 32.53366
-10.18556, 32.56541
-10.18556, 32.56541
-10.18556, 32.56541
-10.18556, 32.56541
-10.15857, 32.57979
-10.05686, 32.63409
-9.951007, 32.69064
-9.845153, 32.74717
-9.739289, 32.8037
-9.66283, 32.84453
-9.65989, 32.8461
-9.659889, 32.8461
-9.659886, 32.84609
-9.659885, 32.8461
-9.659883, 32.8461
-9.659882, 32.8461
-9.659883, 32.8461
-9.659885, 32.84609
-9.659886, 32.84609
-9.659885, 32.84609
-9.659884, 32.8461
-9.659884, 32.8461
-9.659884, 32.8461
-9.659884, 32.8461
-9.659884, 32.8461
-9.659883, 32.8461
-9.659884, 32.8461
-9.659883, 32.8461
-9.659883, 32.8461
-9.659883, 32.8461
-9.659884, 32.8461
-9.65079, 32.85091
-9.561939, 32.89804
-9.455946, 32.95431
-9.349954, 33.01057
-9.24396, 33.06683
-9.137969, 33.12309
-9.031979, 33.17936
-8.925961, 33.2356
-8.819923, 33.29178
-8.713895, 33.34798
-8.607878, 33.40419
-8.501868, 33.46043
-8.395865, 33.51667
-8.289844, 33.57297
-8.183812, 33.62931
-8.07787, 33.68567
-8.017647, 33.71775
-8.017959, 33.71759
-8.017959, 33.71759
-8.017959, 33.71759
-8.017959, 33.71759
-8.017959, 33.71759
-8.017959, 33.71759
-8.017959, 33.71759
-8.017959, 33.71759
-8.017959, 33.71759
-8.009722, 33.67176
-7.98874, 33.55432
-7.967651, 33.4362
-7.946556, 33.31807
-7.925456, 33.19995
-7.90435, 33.08183
-7.883241, 32.9637
-7.862126, 32.84558
-7.841007, 32.72745
-7.819881, 32.60933
-7.79875, 32.49119
-7.777612, 32.37307
-7.756472, 32.25493
-7.735327, 32.13681
-7.714766, 32.02196
-7.70889, 31.98915
-7.708892, 31.98915
-7.708893, 31.98915
-7.708893, 31.98915
-7.708893, 31.98916
-7.708893, 31.98916
-7.708893, 31.98917
-7.708893, 31.98917
-7.70889, 31.98917
-7.708889, 31.98918
-7.708886, 31.98918
-7.708885, 31.98918
-7.708883, 31.98918
-7.70888, 31.98919
-7.708878, 31.98919
-7.708874, 31.98919
-7.708869, 31.98919
-7.708866, 31.98919
-7.708864, 31.98919
-7.70886, 31.98919
-7.708858, 31.98919
-7.708858, 31.98919
-7.708378, 31.98659
-7.693575, 31.90466
-7.672408, 31.78655
-7.651239, 31.66844
-7.630063, 31.55033
-7.608882, 31.43222
-7.587697, 31.31412
-7.566504, 31.19601
-7.545306, 31.0779
-7.524095, 30.95979
-7.502878, 30.84168
-7.481654, 30.72358
-7.460419, 30.60548
-7.439172, 30.48738
-7.417922, 30.36928
-7.396665, 30.25117
-7.375396, 30.13308
-7.354118, 30.01497
-7.33283, 29.89687
-7.311531, 29.77878
-7.290224, 29.66069
-7.268904, 29.54259
-7.247576, 29.42451
-7.226234, 29.30642
-7.204878, 29.18833
-7.18351, 29.07024
-7.162122, 28.95217
-7.14072, 28.8341
-7.119304, 28.71603
-7.097865, 28.59796
-7.07641, 28.47988
-7.054937, 28.36183
-7.033442, 28.24377
-7.011915, 28.12571
-6.990363, 28.00765
-6.968781, 27.88961
-6.947168, 27.77157
-6.925512, 27.65355
-6.903804, 27.53553
-6.883851, 27.42735
-6.865655, 27.32901
-6.847379, 27.2307
-6.829558, 27.13552
-6.824507, 27.10869
-6.824507, 27.10869
-6.824507, 27.10869
-6.824507, 27.10869
-6.824507, 27.10869
-6.826688, 27.10639
-6.876656, 27.05358
-6.94535, 26.98092
-7.014046, 26.90826
-7.082746, 26.8356
-7.15145, 26.76295
-7.220154, 26.69029
-7.288869, 26.61764
-7.342795, 26.56063
-7.346677, 26.55653
-7.346678, 26.55653
-7.346678, 26.55653
-7.346681, 26.55653
-7.346681, 26.55653
-7.346681, 26.55653
-7.346681, 26.55653
-7.346682, 26.55653
-7.346681, 26.55653
-7.346681, 26.55653
-7.346683, 26.55653
-7.346682, 26.55653
-7.346683, 26.55653
-7.346684, 26.55653
-7.346684, 26.55653
-7.346685, 26.55653
-7.346684, 26.55653
-7.346686, 26.55653
-7.346687, 26.55653
-7.346687, 26.55653
-7.346686, 26.55653
-7.346686, 26.55653
-7.346686, 26.55653
-7.346686, 26.55653
-7.372355, 26.52973
-7.440765, 26.45778
-7.509639, 26.38528
-7.578504, 26.31277
-7.647382, 26.24026
-7.716254, 26.16776
-7.785108, 26.09524
-7.853969, 26.02273
-7.922845, 25.95022
-7.991728, 25.87773
-8.060614, 25.80523
-8.129478, 25.73272
-8.198355, 25.66023
-8.26722, 25.58772
-8.336093, 25.51521
-8.404968, 25.44271
-8.473846, 25.3702
-8.542723, 25.29769
-8.611601, 25.22518
-8.68048, 25.15268
-8.749362, 25.08018
-8.818242, 25.00767
-8.887106, 24.93516
-8.955915, 24.8626
-9.024723, 24.79004
-9.093535, 24.71749
-9.162358, 24.64494
-9.231193, 24.5724
-9.300036, 24.49987
-9.368898, 24.42736
-9.437778, 24.35486
-9.50667, 24.28238
-9.575603, 24.20993
-9.629527, 24.15335
-9.633282, 24.14942
-9.633282, 24.14942
-9.633282, 24.14942
-9.633282, 24.14942
-9.633282, 24.14942
-9.633282, 24.14942
-9.633282, 24.14942
-9.633282, 24.14942
-9.633282, 24.14942
-9.633282, 24.14942
-9.633282, 24.14942
-9.633282, 24.14942
-9.633282, 24.14942
-9.62271, 24.1482
-9.537311, 24.13841
-9.437961, 24.12703
-9.338611, 24.11566
-9.239261, 24.10429
-9.13991, 24.09293
-9.040558, 24.08157
-8.94121, 24.0702
-8.84186, 24.05883
-8.742508, 24.04747
-8.643158, 24.0361
-8.543807, 24.02472
-8.444459, 24.01334
-8.34511, 24.00196
-8.245759, 23.99059
-8.14641, 23.97921
-8.04706, 23.96784
-7.947707, 23.95647
-7.848357, 23.94508
-7.748971, 23.93368
-7.649485, 23.92215
-7.550161, 23.91055
-7.450835, 23.89896
-7.351504, 23.88741
-7.252172, 23.87588
-7.152838, 23.86438
-7.053496, 23.85292
-6.95415, 23.8415
-6.854797, 23.83015
-6.755437, 23.81887
-6.659216, 23.80807
-6.632082, 23.80506
-6.632082, 23.80506
-6.632082, 23.80506
-6.632082, 23.80506
-6.632082, 23.80506
-6.632082, 23.80506
-6.632082, 23.80506
-6.632082, 23.80506
-6.632082, 23.80506
-6.632082, 23.80506
-6.632082, 23.80506
-6.632082, 23.80506
-6.642905, 23.84351
-6.670448, 23.93963
-6.698039, 24.03576
-6.725633, 24.13188
-6.753227, 24.22799
-6.780826, 24.32412
-6.808427, 24.42023
-6.836028, 24.51635
-6.863633, 24.61247
-6.89124, 24.70859
-6.918848, 24.80471
-6.946458, 24.90082
-6.974074, 24.99694
-7.001691, 25.09305
-7.029306, 25.18916
-7.056929, 25.28527
-7.084551, 25.38138
-7.112179, 25.47749
-7.139811, 25.5736
-7.167445, 25.66971
-7.19508, 25.76582
-7.222718, 25.86193
-7.250359, 25.95804
-7.278001, 26.05415
-7.305647, 26.15026
-7.333296, 26.24636
-7.360947, 26.34246
-7.388601, 26.43856
-7.416258, 26.53466
-7.443922, 26.63076
-7.471587, 26.72686
-7.499257, 26.82296
-7.520288, 26.896
-7.521394, 26.89984
-7.521393, 26.89985
-7.52139, 26.89985
-7.521388, 26.89985
-7.521388, 26.89985
-7.521385, 26.89985
-7.521385, 26.89985
-7.521384, 26.89985
-7.521382, 26.89985
-7.52138, 26.89985
-7.521379, 26.89985
-7.521379, 26.89985
-7.521378, 26.89985
-7.521376, 26.89985
-7.521375, 26.89985
-7.521376, 26.89985
-7.521376, 26.89985
-7.521376, 26.89984
-7.521375, 26.89984
-7.521376, 26.89984
-7.521375, 26.89984
-7.521375, 26.89984
-7.521375, 26.89984
-7.521374, 26.89984
-7.521373, 26.89984
-7.521374, 26.89984
-7.537047, 26.95383
-7.564882, 27.04988
-7.592712, 27.14593
-7.620544, 27.24198
-7.648378, 27.33803
-7.676214, 27.43408
-7.704041, 27.53014
-7.731866, 27.62619
-7.759701, 27.72224
-7.787536, 27.81829
-7.815369, 27.91434
-7.843198, 28.0104
-7.871024, 28.10645
-7.898852, 28.2025
-7.926684, 28.29855
-7.954532, 28.3946
-7.982374, 28.49065
-8.010205, 28.58671
-8.038038, 28.68276
-8.065867, 28.77881
-8.093714, 28.87486
-8.121557, 28.97091
-8.149384, 29.06696
-8.177208, 29.16301
-8.205047, 29.25906
-8.232866, 29.35511
-8.260684, 29.45117
-8.288503, 29.54722
-8.316328, 29.64327
-8.344147, 29.73932
-8.371967, 29.83538
-8.3998, 29.93142
-8.427653, 30.02747
-8.455484, 30.12352
-8.483311, 30.21957
-8.511133, 30.31564
-8.538862, 30.41179
-8.566515, 30.50788
-8.594191, 30.60398
-8.621892, 30.70007
-8.649618, 30.79615
-8.67738, 30.89221
-8.705182, 30.98827
-8.73303, 31.08431
-8.760946, 31.18034
-8.788953, 31.27634
-8.811035, 31.35164
-8.812631, 31.35707
-8.812631, 31.35707
-8.812631, 31.35707
-8.812631, 31.35707
-8.812631, 31.35707
-8.812631, 31.35707
-8.812631, 31.35707
-8.812631, 31.35707
-8.8492, 31.35403
-8.948037, 31.34595
-9.047701, 31.33783
-9.147365, 31.32971
-9.247029, 31.32157
-9.346697, 31.31344
-9.446363, 31.30531
-9.546029, 31.29717
-9.645693, 31.28903
-9.745356, 31.28089
-9.845022, 31.27275
-9.944689, 31.26459
-10.04435, 31.25644
-10.14402, 31.24828
-10.24368, 31.24011
-10.34334, 31.23195
-10.443, 31.22377
-10.54267, 31.21561
-10.64232, 31.20743
-10.74199, 31.19925
-10.84165, 31.19107
-10.94131, 31.18288
-11.04097, 31.17469
-11.14063, 31.1665
-11.24029, 31.15831
-11.33995, 31.15012
-11.43961, 31.14192
-11.53926, 31.13371
-11.57912, 31.13042
-11.57912, 31.13042
-11.57912, 31.13042
-11.57912, 31.13042
-11.57913, 31.13042
-11.57913, 31.13042
-11.57913, 31.13041
-11.57913, 31.13041
-11.57913, 31.13041
-11.57913, 31.13041
-11.57913, 31.13041
-11.57913, 31.13041
-11.57913, 31.13041
-11.57913, 31.13041
-11.57913, 31.13041
-11.57913, 31.13041
-11.57913, 31.13041
-11.57914, 31.13041
-11.57914, 31.13041
-11.57914, 31.13041
-11.57914, 31.13041
-11.57914, 31.13041
-11.57914, 31.13041
-11.57914, 31.13041
-11.61574, 31.12729
-11.71458, 31.1191
-11.81425, 31.1109
-11.91391, 31.10267
-12.01357, 31.09446
-12.11322, 31.08623
-12.21288, 31.078
-12.31254, 31.06977
-12.4122, 31.06153
-12.51186, 31.05329
-12.61151, 31.04504
-12.71117, 31.03677
-12.81083, 31.0285
-12.91049, 31.02022
-13.01015, 31.01194
-13.10981, 31.00366
-13.20947, 30.99537
-13.30912, 30.98707
-13.40877, 30.97877
-13.50843, 30.97046
-13.60808, 30.96216
-13.70773, 30.95384
-13.80738, 30.94552
-13.90703, 30.93719
-14.00669, 30.92886
-14.10634, 30.92052
-14.206, 30.91216
-14.30565, 30.90378
-14.40529, 30.89541
-14.50494, 30.88702
-14.60458, 30.87863
-14.70422, 30.87023
-14.80387, 30.86183
-14.90352, 30.85341
-15.00316, 30.84499
-15.1028, 30.83654
-15.20244, 30.82807
-15.30208, 30.81959
-15.40172, 30.8111
-15.50136, 30.8026
-15.60099, 30.79408
-15.70063, 30.78554
-15.80027, 30.77697
-15.8999, 30.76839
-15.99952, 30.75978
-16.09915, 30.75115
-16.19877, 30.74247
-16.29839, 30.73375
-16.398, 30.72497
-16.49761, 30.71614
-16.5972, 30.70719
-16.67536, 30.70004
-16.68098, 30.69952
-16.68098, 30.69952
-16.68098, 30.69952
-16.68098, 30.69952
-16.68098, 30.69952
-16.68098, 30.69952
-16.68098, 30.69952
-16.68098, 30.69952
-16.69855, 30.75256
-16.7301, 30.84745
-16.76166, 30.94235
-16.79322, 31.03725
-16.82477, 31.13215
-16.85632, 31.22705
-16.88786, 31.32195
-16.91938, 31.41686
-16.9509, 31.51177
-16.98242, 31.60667
-17.01393, 31.70158
-17.04542, 31.7965
-17.07691, 31.89142
-17.1084, 31.98634
-17.13987, 32.08126
-17.15979, 32.14135
-17.16005, 32.14214
-17.16005, 32.14214
-17.16005, 32.14214
-17.16005, 32.14214
-17.16005, 32.14214
-17.16005, 32.14214
-17.16005, 32.14214
-17.16005, 32.14214
-17.16005, 32.14213
-17.16004, 32.14213
-17.16004, 32.14212
-17.16004, 32.14212
-17.16004, 32.14212
-17.16004, 32.14212
-17.16003, 32.14212
-17.16003, 32.14212
-17.16003, 32.14212
-17.16004, 32.14212
-17.16003, 32.14212
-17.16003, 32.14213
-17.16003, 32.14213
-17.16003, 32.14213
-17.16003, 32.14213
-17.16003, 32.14212
-17.16003, 32.14213
-17.16003, 32.14213
-17.16003, 32.14213
-17.16754, 32.16544
-17.19756, 32.25696
-17.22882, 32.35195
-17.2601, 32.44693
-17.29138, 32.54191
-17.32268, 32.63689
-17.35397, 32.73186
-17.38523, 32.82684
-17.41649, 32.92183
-17.44776, 33.01682
-17.47902, 33.11181
-17.51025, 33.20691
-17.54128, 33.302
-17.57231, 33.39706
-17.60338, 33.4921
-17.63449, 33.58714
-17.66563, 33.68217
-17.69683, 33.77717
-17.72814, 33.87212
-17.75959, 33.96705
-17.7911, 34.06197
-17.82142, 34.15301
-17.82898, 34.17564
-17.82898, 34.17564
-17.82898, 34.17564
-17.82898, 34.17564
-17.82898, 34.17564
-17.82898, 34.17564
-17.82898, 34.17564
-17.82898, 34.17564
-17.82898, 34.17564
-17.82898, 34.17564
-17.82898, 34.17564
-17.82898, 34.17564
-17.82898, 34.17564
-17.82898, 34.17564
-17.82898, 34.17564
-17.82582, 34.17339
-17.76436, 34.12951
-17.68294, 34.07144
-17.60153, 34.01337
-17.52011, 33.9553
-17.43869, 33.89723
-17.35727, 33.83915
-17.27586, 33.78106
-17.19445, 33.72297
-17.11304, 33.66489
-17.03163, 33.60682
-16.95022, 33.54873
-16.86881, 33.49065
-16.7874, 33.43256
-16.70599, 33.37447
-16.62458, 33.31639
-16.54317, 33.2583
-16.46177, 33.20022
-16.38036, 33.14213
-16.29896, 33.08405
-16.22733, 33.03294
-16.21756, 33.02597
-16.21755, 33.02596
-16.21755, 33.02596
-16.21755, 33.02597
-16.21755, 33.02597
-16.21755, 33.02597
-16.21755, 33.02597
-16.21755, 33.02597
-16.21756, 33.02597
-16.21756, 33.02598
-16.21756, 33.02598
-16.21756, 33.02598
-16.21756, 33.02597
-16.21756, 33.02597
-16.21757, 33.02597
-16.21757, 33.02597
-16.21757, 33.02597
-16.21757, 33.02597
-16.21757, 33.02597
-16.21757, 33.02597
-16.21757, 33.02597
-16.20888, 33.01966
-16.1389, 32.96949
-16.05755, 32.91133
-15.97621, 32.85317
-15.89487, 32.79501
-15.81353, 32.73686
-15.73218, 32.67871
-15.65084, 32.62055
-15.5695, 32.5624
-15.48815, 32.50424
-15.4068, 32.44608
-15.32545, 32.38794
-15.2441, 32.32978
-15.16275, 32.27163
-15.0814, 32.21347
-15.00006, 32.15532
-14.91871, 32.09716
-14.83736, 32.03901
-14.75603, 31.98083
-14.67469, 31.92266
-14.59335, 31.86451
-14.51201, 31.80634
-14.43067, 31.74818
-14.34933, 31.69002
-14.26799, 31.63185
-14.18665, 31.57369
-14.10531, 31.51553
-14.02398, 31.45736
-13.94265, 31.39918
-13.8613, 31.34103
-13.77996, 31.28286
-13.69862, 31.2247
-13.61727, 31.16655
-13.53592, 31.10839
-13.45458, 31.05024
-13.37323, 30.99207
-13.29189, 30.93392
-13.21055, 30.87574
-13.12921, 30.81759
-13.04786, 30.75942
-12.96652, 30.70126
-12.88518, 30.6431
-12.80383, 30.58495
-12.72248, 30.5268
-12.64113, 30.46864
-12.55956, 30.41035
-12.47817, 30.35225
-12.3968, 30.29414
-12.31542, 30.23603
-12.23405, 30.1779
-12.15269, 30.11976
-12.07133, 30.06162
-11.98999, 30.00345
-11.90866, 29.94528
-11.82734, 29.88708
-11.76354, 29.84138
-11.75894, 29.83809
-11.75894, 29.83809
-11.75894, 29.83809
-11.75894, 29.83809
-11.75894, 29.83809
-11.75894, 29.83809
-11.75894, 29.83809
-11.75894, 29.83809
-11.75894, 29.83809
-11.75894, 29.83809
-11.75894, 29.83809
-11.75894, 29.83809
-11.75894, 29.83809
-11.77982, 29.83094
-11.86942, 29.80022
-11.96401, 29.76777
-12.05861, 29.73533
-12.1532, 29.70289
-12.24779, 29.67046
-12.34239, 29.63804
-12.437, 29.60561
-12.53159, 29.57317
-12.62619, 29.54074
-12.72078, 29.50829
-12.81537, 29.47585
-12.90996, 29.44341
-13.00455, 29.41096
-13.09915, 29.37852
-13.19374, 29.34608
-13.28834, 29.31365
-13.38293, 29.28122
-13.47752, 29.24878
-13.57212, 29.21634
-13.66671, 29.1839
-13.76131, 29.15146
-13.85591, 29.11904
-13.95051, 29.08661
-14.04511, 29.05418
-14.13972, 29.02176
-14.23431, 28.98932
-14.32891, 28.95689
-14.42351, 28.92446
-14.5181, 28.89202
-14.6127, 28.85958
-14.70729, 28.82714
-14.80189, 28.79471
-14.89649, 28.76228
-14.99109, 28.72984
-15.08569, 28.69741
-15.18029, 28.66498
-15.27488, 28.63254
-15.36948, 28.60011
-15.46407, 28.56766
-15.55866, 28.53521
-15.59649, 28.52224
-15.59649, 28.52224
-15.59649, 28.52224
-15.59649, 28.52224
-15.59649, 28.52225
-15.59649, 28.52224
-15.59649, 28.52224
-15.59649, 28.52225
-15.59649, 28.52225
-15.59649, 28.52225
-15.59649, 28.52225
-15.59649, 28.52225
-15.5965, 28.52225
-15.5965, 28.52225
-15.5965, 28.52225
-15.59649, 28.52225
-15.5965, 28.52225
-15.5965, 28.52225
-15.5965, 28.52225
-15.5965, 28.52225
-15.5965, 28.52225
-15.5965, 28.52225
-15.5965, 28.52225
-15.5965, 28.52224
-15.5965, 28.52224
-15.5965, 28.52224
-15.63418, 28.50933
-15.72874, 28.47689
-15.82334, 28.44447
-15.91795, 28.41203
-16.01255, 28.37959
-16.10715, 28.34716
-16.20175, 28.31471
-16.29634, 28.28226
-16.39095, 28.24983
-16.48554, 28.2174
-16.58014, 28.18496
-16.67474, 28.15252
-16.76933, 28.12008
-16.86393, 28.08764
-16.95853, 28.05519
-17.05313, 28.02275
-17.14772, 27.99031
-17.24251, 27.9578
-17.33784, 27.92498
-17.43237, 27.89237
-17.52691, 27.85978
-17.62146, 27.82722
-17.71602, 27.79468
-17.81059, 27.76217
-17.90517, 27.72971
-17.99977, 27.6973
-18.09439, 27.66496
-18.18904, 27.63272
-18.24899, 27.61239
-18.24977, 27.61213
-18.24977, 27.61213
-18.24977, 27.61213
-18.24977, 27.61213
-18.24977, 27.61213
-18.24977, 27.61213
-18.24977, 27.61213
-18.24977, 27.61213
-18.24977, 27.61213
-18.24977, 27.61213
-18.24977, 27.61213
-18.24977, 27.61213
-18.24977, 27.61213
-18.24977, 27.61213
-18.24977, 27.61213
-18.23613, 27.63004
-18.17823, 27.70538
-18.11721, 27.7846
-18.0562, 27.86382
-17.99519, 27.94304
-17.93419, 28.02226
-17.87319, 28.1015
-17.8122, 28.18075
-17.75122, 28.25999
-17.69008, 28.33945
-17.62894, 28.4188
-17.56792, 28.49803
-17.50692, 28.57726
-17.44594, 28.65651
-17.38499, 28.73579
-17.32407, 28.81509
-17.26318, 28.89441
-17.20234, 28.97378
-17.14157, 29.05319
-17.08283, 29.13015
-17.06629, 29.15188
-17.06629, 29.15188
-17.06629, 29.15188
-17.06629, 29.15188
-17.06629, 29.15188
-17.06629, 29.15188
-17.06629, 29.15188
-17.06629, 29.15188
-17.06629, 29.15188
-17.06629, 29.15188
-17.06629, 29.15188
-17.08613, 29.16021
-17.1732, 29.19656
-17.26549, 29.23508
-17.35778, 29.27359
-17.45007, 29.3121
-17.54236, 29.35061
-17.63466, 29.38912
-17.72696, 29.42762
-17.81925, 29.46611
-17.91155, 29.50459
-18.00385, 29.54307
-18.09614, 29.58155
-18.18844, 29.62002
-18.28074, 29.65849
-18.37304, 29.69695
-18.46534, 29.73542
-18.55764, 29.77389
-18.64995, 29.81236
-18.74225, 29.85082
-18.83456, 29.88928
-18.92687, 29.92773
-19.01917, 29.96619
-19.11148, 30.00463
-19.20379, 30.04308
-19.29611, 30.08152
-19.38843, 30.11997
-19.48075, 30.15841
-19.57308, 30.19684
-19.6654, 30.23527
-19.75773, 30.2737
-19.85006, 30.31212
-19.94239, 30.35054
-20.03472, 30.38895
-20.12705, 30.42735
-20.21939, 30.46574
-20.31172, 30.50413
-20.40406, 30.54251
-20.4964, 30.58089
-20.58874, 30.61927
-20.67, 30.65305
-20.68108, 30.65765
-20.68108, 30.65765
-20.68108, 30.65765
-20.68108, 30.65765
-20.68108, 30.65765
-20.68108, 30.65765
-20.68108, 30.65765
-20.68108, 30.65765
-20.68108, 30.65765
-20.68108, 30.65765
-20.68108, 30.65765
-20.68108, 30.65765
-20.68108, 30.65765
-20.68108, 30.65765
-20.68108, 30.65765
-20.68108, 30.65765
-20.68108, 30.65765
-20.68108, 30.65765
-20.68108, 30.65765
-20.68109, 30.65764
-20.68109, 30.65764
-20.68109, 30.65764
-20.68109, 30.65764
-20.68109, 30.65765
-20.68109, 30.65765
-20.68407, 30.65887
-20.75147, 30.68666
-20.84389, 30.72485
-20.93632, 30.76305
-21.02874, 30.80124
-21.12116, 30.83943
-21.21359, 30.87763
-21.30601, 30.91582
-21.39844, 30.95401
-21.49087, 30.99219
-21.58329, 31.03038
-21.67572, 31.06856
-21.76814, 31.10676
-21.86057, 31.14495
-21.953, 31.18315
-22.04544, 31.22133
-22.13787, 31.25951
-22.23031, 31.29769
-22.32274, 31.33587
-22.41518, 31.37405
-22.50762, 31.41224
-22.60005, 31.45042
-22.69249, 31.4886
-22.78492, 31.52678
-22.87736, 31.56495
-22.9698, 31.60313
-23.06223, 31.64132
-23.15466, 31.67951
-23.24709, 31.71769
-23.33941, 31.75586
-23.43181, 31.79412
-23.52421, 31.83235
-23.61661, 31.87058
-23.70902, 31.9088
-23.80144, 31.947
-23.89386, 31.9852
-23.98628, 32.02338
-24.07873, 32.06153
-24.17118, 32.09965
-24.22914, 32.12349
-24.22975, 32.12374
-24.22975, 32.12374
-24.22975, 32.12374
-24.22975, 32.12374
-24.22975, 32.12374
-24.22975, 32.12374
-24.22975, 32.12374
-24.22975, 32.12374
-24.23114, 32.12089
-24.26252, 32.05531
-24.30555, 31.96505
-24.34858, 31.87479
-24.39159, 31.78451
-24.4346, 31.69424
-24.47758, 31.60395
-24.52056, 31.51366
-24.56353, 31.42336
-24.60647, 31.33306
-24.64941, 31.24274
-24.69232, 31.15242
-24.73522, 31.06211
-24.7781, 30.97177
-24.82095, 30.88142
-24.86377, 30.79106
-24.90656, 30.70068
-24.94931, 30.61029
-24.99203, 30.51989
-25.03467, 30.42944
-25.07722, 30.33894
-25.11049, 30.26788
-25.11288, 30.26276
-25.11288, 30.26276
-25.11288, 30.26276
-25.11288, 30.26276
-25.11288, 30.26276
-25.11288, 30.26276
-25.11288, 30.26276
-25.11288, 30.26276
-25.11288, 30.26276
-25.11288, 30.26276
-25.1154, 30.2647
-25.17258, 30.3096
-25.25113, 30.37148
-25.32969, 30.43337
-25.40824, 30.49526
-25.4868, 30.55717
-25.56534, 30.61907
-25.64388, 30.68097
-25.72241, 30.74287
-25.80095, 30.80477
-25.87006, 30.85925
-25.87948, 30.86668
-25.87948, 30.86668
-25.87948, 30.86668
-25.87948, 30.86668
-25.87947, 30.86668
-25.87948, 30.86668
-25.87948, 30.86669
-25.87948, 30.86669
-25.87948, 30.86669
-25.87947, 30.86669
-25.87948, 30.86669
-25.87948, 30.86669
-25.87948, 30.86669
-25.87948, 30.8667
-25.87948, 30.8667
-25.87948, 30.8667
-25.87949, 30.86671
-25.87949, 30.86671
-25.87949, 30.86671
-25.87949, 30.86672
-25.87949, 30.86672
-25.87949, 30.86672
-25.8795, 30.86672
-25.8795, 30.86672
-25.8795, 30.86673
-25.8795, 30.86672
-25.8795, 30.86672
-25.8795, 30.86672
-25.8795, 30.86672
-25.88771, 30.87338
-25.9549, 30.92684
-26.03331, 30.98892
-26.11172, 31.05099
-26.19013, 31.11305
-26.26855, 31.17512
-26.34696, 31.23719
-26.42537, 31.29926
-26.50379, 31.36133
-26.5822, 31.4234
-26.66061, 31.48546
-26.73903, 31.54753
-26.81743, 31.60959
-26.89585, 31.67166
-26.97426, 31.73372
-27.05267, 31.79579
-27.13108, 31.85786
-27.20949, 31.91993
-27.28791, 31.98199
-27.36633, 32.04405
-27.44474, 32.10611
-27.52315, 32.16818
-27.60156, 32.23024
-27.67997, 32.29231
-27.75838, 32.35437
-27.8368, 32.41644
-27.9152, 32.47851
-27.99358, 32.54059
-28.07197, 32.60267
-28.15037, 32.66474
-28.22878, 32.72681
-28.30719, 32.78888
-28.38558, 32.85096
-28.46398, 32.91303
-28.54239, 32.9751
-28.62079, 33.03716
-28.6992, 33.09924
-28.7776, 33.1613
-28.85601, 33.22337
-28.93442, 33.28543
-29.01284, 33.3475
-29.09127, 33.40958
-29.16984, 33.47163
-29.24836, 33.53355
-29.32688, 33.59548
-29.40537, 33.65744
-29.48384, 33.71943
-29.5623, 33.78144
-29.6219, 33.82859
-29.62504, 33.83107
-29.62504, 33.83107
-29.62504, 33.83107
-29.62504, 33.83108
-29.62504, 33.83107
-29.62504, 33.83107
-29.62504, 33.83107
-29.62504, 33.83107
-29.62504, 33.83107
-29.62504, 33.83107
-29.62504, 33.83107
-29.62504, 33.83107
-29.62504, 33.83107
-29.62504, 33.83107
-29.62504, 33.83107
-29.62504, 33.83107
-29.62504, 33.83107
-29.62504, 33.83107
-29.62504, 33.83107
-29.62505, 33.83107
-29.62505, 33.83107
-29.62504, 33.83107
-29.62504, 33.83107
-29.62504, 33.83107
-29.62504, 33.83107
-29.62504, 33.83107
-29.62504, 33.83107
-29.62504, 33.83107
-29.62504, 33.83107
-29.62504, 33.83107
-29.62504, 33.83107
-29.62504, 33.83107
-29.64292, 33.84529
-29.7178, 33.90485
-29.79612, 33.9672
-29.87439, 34.02945
-29.92395, 34.06884
-29.92459, 34.06935
-29.92459, 34.06935
-29.92459, 34.06935
-29.92459, 34.06935
-29.92459, 34.06935
-29.92459, 34.06935
-29.92459, 34.06935
-29.92459, 34.06935
-29.92459, 34.06935
-29.92459, 34.06935
-29.92459, 34.06934
-29.92459, 34.06934
-29.92459, 34.06934
-29.92458, 34.06934
-29.92459, 34.06934
-29.92459, 34.06934
-29.92459, 34.06934
-29.92459, 34.06934
-29.92459, 34.06934
-29.92459, 34.06934
-29.92459, 34.06934
-29.92459, 34.06934
-29.92459, 34.06934
-29.92459, 34.06934
-29.9246, 34.06934
-29.92459, 34.06934
-29.92459, 34.06933
-29.92459, 34.06933
-29.92459, 34.06933
-29.92459, 34.06933
-29.92459, 34.06933
-29.92459, 34.06933
-29.9246, 34.06933
-29.9246, 34.06932
-29.9246, 34.06932
-29.92459, 34.06932
-29.92459, 34.06932
-29.92459, 34.06932
-29.92459, 34.06932
-29.91704, 34.07708
-29.85688, 34.13888
-29.78712, 34.21053
-29.71737, 34.28219
-29.6476, 34.35386
-29.57784, 34.42551
-29.50807, 34.49717
-29.4383, 34.56884
-29.36853, 34.6405
-29.29876, 34.71215
-29.229, 34.78382
-29.15924, 34.85549
-29.08947, 34.92715
-29.01971, 34.99882
-28.94996, 35.07049
-28.88021, 35.14217
-28.81045, 35.21384
-28.74069, 35.2855
-28.67088, 35.35722
-28.60087, 35.42897
-28.53097, 35.50049
-28.46109, 35.57202
-28.39122, 35.64357
-28.32136, 35.71513
-28.25153, 35.78671
-28.18173, 35.85832
-28.11195, 35.92995
-28.04221, 36.00161
-27.97251, 36.07332
-27.90288, 36.1451
-27.84055, 36.20953
-27.83049, 36.21994
-27.83049, 36.21994
-27.83049, 36.21994
-27.83049, 36.21994
-27.83049, 36.21994
-27.83049, 36.21994
-27.83049, 36.21994
-27.83049, 36.21994
-27.83049, 36.21994
-27.83049, 36.21994
-27.83049, 36.21994
-27.83049, 36.21994
-27.83049, 36.21994
-27.83049, 36.21994
-27.88937, 36.22382
-27.98919, 36.22969
-28.08901, 36.23557
-28.18885, 36.24143
-28.28867, 36.2473
-28.38849, 36.25317
-28.48832, 36.25906
-28.58815, 36.26495
-28.68798, 36.27084
-28.7878, 36.27674
-28.88763, 36.28264
-28.98746, 36.28855
-29.08729, 36.29446
-29.18712, 36.30038
-29.28695, 36.3063
-29.38677, 36.31224
-29.4866, 36.31816
-29.58643, 36.3241
-29.68625, 36.33005
-29.78608, 36.336
-29.8859, 36.34196
-29.98573, 36.34793
-30.08556, 36.35389
-30.18538, 36.35987
-30.2852, 36.36586
-30.38501, 36.37185
-30.48484, 36.37787
-30.58466, 36.3839
-30.62458, 36.38631
-30.62458, 36.38632
-30.62458, 36.38632
-30.62458, 36.38633
-30.62458, 36.38633
-30.62458, 36.38633
-30.62458, 36.38633
-30.62458, 36.38633
-30.62457, 36.38633
-30.62457, 36.38633
-30.62457, 36.38633
-30.62457, 36.38633
-30.62457, 36.38632
-30.62457, 36.38632
-30.62457, 36.38632
-30.62457, 36.38631
-30.62457, 36.38632
-30.62457, 36.38632
-30.62457, 36.38631
-30.62457, 36.38631
-30.62457, 36.38631
-30.62457, 36.38631
-30.6283, 36.38655
-30.70308, 36.39122
-30.80288, 36.39746
-30.90268, 36.40369
-31.00249, 36.40993
-31.10229, 36.41617
-31.2021, 36.42241
-31.3019, 36.42864
-31.4017, 36.43489
-31.50151, 36.44114
-31.60131, 36.44738
-31.70112, 36.45364
-31.80092, 36.45987
-31.90072, 36.46611
-32.00052, 36.47239
-32.10033, 36.47869
-32.20014, 36.48497
-32.29995, 36.49125
-32.39976, 36.49752
-32.49958, 36.50378
-32.59939, 36.51004
-32.6992, 36.51627
-32.79901, 36.52249
-32.89882, 36.52869
-32.99873, 36.53487
-33.07668, 36.53959
-33.08182, 36.53989
-33.08182, 36.53989
-33.08182, 36.53989
-33.08182, 36.53989
-33.08182, 36.53989
-33.08182, 36.53989
-33.08182, 36.53989
-33.08182, 36.53989
-33.08182, 36.53989
-33.08182, 36.53989
-33.08182, 36.53989
-33.08182, 36.53989
-33.08182, 36.53989
-33.08182, 36.53989
-33.0513, 36.56954
-32.97903, 36.63958
-32.90722, 36.70916
-32.83541, 36.77874
-32.76361, 36.84834
-32.70044, 36.90961
-32.69183, 36.91796
-32.69183, 36.91796
-32.69183, 36.91796
-32.69183, 36.91797
-32.69183, 36.91797
-32.69182, 36.91797
-32.69182, 36.91797
-32.69182, 36.91797
-32.69183, 36.91797
-32.69182, 36.91796
-32.69182, 36.91796
-32.69183, 36.91796
-32.69182, 36.91796
-32.69182, 36.91797
-32.69182, 36.91797
-32.69182, 36.91798
-32.69182, 36.91798
-32.69182, 36.91798
-32.69181, 36.91798
-32.69182, 36.91798
-32.69182, 36.91797
-32.69182, 36.91797
-32.69182, 36.91797
-32.69182, 36.91797
-32.69182, 36.91797
-32.69182, 36.91797
-32.69182, 36.91797
-32.69182, 36.91797
-32.69182, 36.91797
-32.69182, 36.91797
-32.68357, 36.92601
-32.62104, 36.98689
-32.5494, 37.05666
-32.47776, 37.12643
-32.40612, 37.19621
-32.33396, 37.26653
-32.26235, 37.33633
-32.19074, 37.40615
-32.11913, 37.47595
-32.04751, 37.54576
-31.97589, 37.61555
-31.90427, 37.68533
-31.83264, 37.75511
-31.761, 37.82488
-31.68935, 37.89465
-31.61768, 37.96439
-31.55338, 38.02687
-31.543, 38.03696
-31.543, 38.03696
-31.543, 38.03696
-31.543, 38.03696
-31.543, 38.03697
-31.543, 38.03697
-31.543, 38.03697
-31.543, 38.03697
-31.543, 38.03697
-31.543, 38.03697
-31.543, 38.03697
-31.543, 38.03697
-31.543, 38.03697
-31.543, 38.03696
-31.543, 38.03697
-31.543, 38.03696
-31.54299, 38.03696
-31.54299, 38.03696
-31.54299, 38.03696
-31.54299, 38.03696
-31.54299, 38.03696
-31.54299, 38.03696
-31.54299, 38.03696
-31.54299, 38.03696
-31.54299, 38.03696
-31.54299, 38.03696
-31.54299, 38.03696
-31.54299, 38.03696
-31.54299, 38.03696
-31.50826, 38.02509
-31.41433, 37.99327
-31.3196, 37.96123
-31.22487, 37.92916
-31.13015, 37.89709
-31.03543, 37.86501
-30.94071, 37.83291
-30.846, 37.80081
-30.75129, 37.76869
-30.6566, 37.73655
-30.56191, 37.7044
-30.46724, 37.67223
-30.37256, 37.64003
-30.2779, 37.60781
-30.18325, 37.57557
-30.0886, 37.5433
-29.99319, 37.51056
-29.89869, 37.47785
-29.80416, 37.44519
-29.7096, 37.41262
-29.61502, 37.38015
-29.57804, 37.36752
-29.57804, 37.36752
-29.57804, 37.36752
-29.57804, 37.36752
-29.57804, 37.36752
-29.57804, 37.36752
-29.57804, 37.36752
-29.57804, 37.36752
-29.57804, 37.36752
-29.57804, 37.36752
-29.57804, 37.36752
-29.57804, 37.36752
-29.57804, 37.36752
-29.57804, 37.36752
-29.57804, 37.36752
-29.58831, 37.36347
-29.66878, 37.33164
-29.76174, 37.29481
-29.8547, 37.25799
-29.94767, 37.22118
-30.04063, 37.18436
-30.1336, 37.14756
-30.22657, 37.11076
-30.31956, 37.07397
-30.41254, 37.03719
-30.50552, 37.00041
-30.59852, 36.96363
-30.69151, 36.92688
-30.78451, 36.89012
-30.84031, 36.86808
-30.84032, 36.86807
-30.84032, 36.86807
-30.84032, 36.86807
-30.84032, 36.86807
-30.84032, 36.86807
-30.84033, 36.86807
-30.84033, 36.86806
-30.84033, 36.86806
-30.84033, 36.86806
-30.84033, 36.86806
-30.84033, 36.86806
-30.84033, 36.86806
-30.84033, 36.86806
-30.84033, 36.86806
-30.84033, 36.86806
-30.84033, 36.86806
-30.84033, 36.86806
-30.84033, 36.86806
-30.84033, 36.86806
-30.84033, 36.86806
-30.84033, 36.86806
-30.84033, 36.86806
-30.84033, 36.86805
-30.84033, 36.86805
-30.84033, 36.86805
-30.85783, 36.86126
-30.95911, 36.82159
-31.07082, 36.77772
-31.18252, 36.73387
-31.29423, 36.69001
-31.40592, 36.64614
-31.51762, 36.60229
-31.62933, 36.55843
-31.74103, 36.51458
-31.85274, 36.47071
-31.96444, 36.42686
-32.07615, 36.38301
-32.18787, 36.33915
-32.29984, 36.29519
-32.41165, 36.25122
-32.52333, 36.20732
-32.63503, 36.16346
-32.71827, 36.13082
-32.72266, 36.1291
-32.72266, 36.1291
-32.72266, 36.1291
-32.72266, 36.1291
-32.72266, 36.1291
-32.72464, 36.13137
-32.78033, 36.1957
-32.85876, 36.28652
-32.93718, 36.37733
-33.01561, 36.46816
-33.09401, 36.55899
-33.17241, 36.64984
-33.25078, 36.7407
-33.32914, 36.83157
-33.40748, 36.92247
-33.48579, 37.01339
-33.56409, 37.10434
-33.64236, 37.19531
-33.7206, 37.2863
-33.7992, 37.37775
-33.87737, 37.4688
-33.95547, 37.5599
-34.02047, 37.63591
-34.02696, 37.64351
-34.02696, 37.6435
-34.02696, 37.64349
-34.02696, 37.64349
-34.02696, 37.64349
-34.02697, 37.64349
-34.02697, 37.64348
-34.02697, 37.64348
-34.02698, 37.64348
-34.02698, 37.64348
-34.02699, 37.64348
-34.027, 37.64348
-34.027, 37.64348
-34.027, 37.64348
-34.027, 37.64348
-34.02701, 37.64349
-34.02701, 37.64349
-34.02701, 37.64349
-34.02701, 37.64349
-34.02701, 37.64349
-34.02701, 37.64349
-34.02701, 37.64349
-34.02701, 37.64349
-34.02701, 37.64349
-34.02701, 37.64349
-34.02701, 37.64349
-34.02701, 37.64349
-34.02701, 37.64349
-34.02701, 37.64349
-34.02701, 37.64349
-34.02701, 37.64349
-34.0598, 37.68199
-34.12573, 37.75075
-34.20982, 37.83635
-34.29391, 37.92195
-34.37802, 38.00754
-34.46213, 38.09311
-34.54624, 38.17867
-34.63037, 38.26422
-34.70049, 38.3355
-34.7075, 38.34263
-34.7075, 38.34263
-34.70751, 38.34262
-34.7075, 38.34262
-34.7075, 38.34262
-34.7075, 38.34262
-34.7075, 38.34262
-34.7075, 38.34262
-34.7075, 38.34262
-34.7075, 38.34262
-34.70749, 38.34262
-34.70749, 38.34262
-34.70749, 38.34262
-34.70749, 38.34262
-34.70748, 38.34262
-34.70749, 38.34262
-34.70749, 38.34261
-34.70748, 38.34262
-34.70747, 38.34262
-34.70747, 38.34261
-34.70747, 38.34261
-34.70748, 38.34261
-34.70748, 38.34261
-34.70747, 38.34261
-34.70747, 38.3426
-34.70747, 38.3426
-34.70747, 38.34259
-34.70747, 38.34259
-34.70747, 38.34259
-34.70747, 38.34259
-34.70747, 38.34259
-34.70747, 38.34259
-34.73135, 38.36677
-34.81354, 38.45004
-34.89786, 38.53542
-34.98218, 38.6208
-35.0665, 38.70618
-35.15082, 38.79156
-35.23515, 38.87693
-35.31944, 38.96235
-35.40364, 39.04788
-35.48786, 39.13335
-35.57219, 39.21872
-35.62062, 39.26761
-35.62046, 39.26744
-35.62046, 39.26744
-35.63846, 39.27052
-35.74518, 39.28882
-35.86345, 39.30913
-35.98172, 39.32943
-36.10001, 39.3497
-36.21829, 39.36998
-36.33657, 39.39026
-36.45485, 39.41054
-36.57312, 39.43082
-36.69141, 39.45109
-36.80968, 39.47136
-36.92795, 39.49163
-37.04623, 39.51189
-37.16451, 39.53215
-37.28279, 39.55239
-37.40105, 39.57262
-37.51933, 39.59285
-37.63761, 39.61308
-37.75589, 39.63329
-37.87417, 39.6535
-37.99246, 39.67369
-38.11077, 39.69387
-38.22907, 39.71403
-38.34739, 39.73417
-38.46569, 39.75428
-38.584, 39.7744
-38.7023, 39.79451
-38.82063, 39.81454
-38.93896, 39.83451
-38.99179, 39.84337
-38.99179, 39.84337
-38.99179, 39.84337
-38.99179, 39.84337
-38.99179, 39.84337
-38.99179, 39.84337
-38.99179, 39.84337
-38.99179, 39.84337
-38.99179, 39.84337
-38.99179, 39.84337
-38.99179, 39.84337
-38.98421, 39.82712
-38.93813, 39.72951
-38.88678, 39.62104
-38.84398, 39.53066
-38.83969, 39.52162
-38.83969, 39.52162
-38.83969, 39.52162
-38.83969, 39.52162
-38.83969, 39.52163
-38.83969, 39.52163
-38.83969, 39.52163
-38.83969, 39.52164
-38.83969, 39.52164
-38.83969, 39.52164
-38.83969, 39.52164
-38.83969, 39.52164
-38.83969, 39.52164
-38.83969, 39.52164
-38.83969, 39.52165
-38.83969, 39.52164
-38.83969, 39.52164
-38.83969, 39.52164
-38.83969, 39.52164
-38.83969, 39.52165
-38.83969, 39.52165
-38.83969, 39.52165
-38.83969, 39.52165
-38.83969, 39.52166
-38.83969, 39.52166
-38.83969, 39.52165
-38.83969, 39.52166
-38.83969, 39.52166
-38.81789, 39.47592
-38.76626, 39.36747
-38.71467, 39.25914
-38.66308, 39.15081
-38.61149, 39.04248
-38.55991, 38.93414
-38.50832, 38.82581
-38.45674, 38.71747
-38.40517, 38.60912
-38.3536, 38.50079
-38.30201, 38.39246
-38.25042, 38.28412
-38.19893, 38.1757
-38.14755, 38.06726
-38.09607, 37.95887
-38.04593, 37.85377
-38.032, 37.82471
-38.032, 37.82471
-38.032, 37.82471
-38.032, 37.82471
-38.032, 37.82471
-38.032, 37.82471
-38.032, 37.82471
-38.032, 37.82471
-38.032, 37.82471
-38.032, 37.82471
-38.032, 37.82471
-38.032, 37.82471
-38.03994, 37.82808
-38.12939, 37.86623
-38.23975, 37.91338
-38.35011, 37.96051
-38.46048, 38.00763
-38.57084, 38.05475
-38.68121, 38.10185
-38.79158, 38.14895
-38.90196, 38.19601
-39.01234, 38.24307
-39.12274, 38.29011
-39.23312, 38.33713
-39.34353, 38.38414
-39.45397, 38.43113
-39.56441, 38.4781
-39.67485, 38.52503
-39.78531, 38.57195
-39.89577, 38.61884
-40.00624, 38.66569
-40.11674, 38.7125
-40.22725, 38.75927
-40.33778, 38.80597
-40.44836, 38.8526
-40.55898, 38.89912
-40.64148, 38.93363
-40.64582, 38.93544
-40.64582, 38.93544
-40.64582, 38.93544
-40.64582, 38.93544
-40.64582, 38.93544
-40.64582, 38.93544
-40.64582, 38.93544
-40.64582, 38.93544
-40.64582, 38.93544
-40.64582, 38.93544
-40.61977, 38.95636
-40.52873, 39.02939
-40.43512, 39.10449
-40.34151, 39.17959
-40.24791, 39.25468
-40.15431, 39.32979
-40.0607, 39.40489
-39.9671, 39.48
-39.87351, 39.55511
-39.77991, 39.63021
-39.68631, 39.70532
-39.5927, 39.78042
-39.4991, 39.85553
-39.40549, 39.93064
-39.31189, 40.00574
-39.21829, 40.08086
-39.12471, 40.15597
-39.03111, 40.23108
-38.93752, 40.30619
-38.85952, 40.36878
-38.85172, 40.37503
-38.85172, 40.37503
-38.85171, 40.37503
-38.85171, 40.37503
-38.85171, 40.37503
-38.8517, 40.37503
-38.8517, 40.37503
-38.85171, 40.37503
-38.85171, 40.37503
-38.85171, 40.37503
-38.85171, 40.37503
-38.85172, 40.37503
-38.85171, 40.37503
-38.85172, 40.37503
-38.85171, 40.37503
-38.85172, 40.37503
-38.8517, 40.37503
-38.8517, 40.37503
-38.85171, 40.37503
-38.85171, 40.37503
-38.85171, 40.37503
-38.85171, 40.37503
-38.85171, 40.37503
-38.83755, 40.38626
-38.75322, 40.45384
-38.65965, 40.52898
-38.56608, 40.60412
-38.47252, 40.67926
-38.37895, 40.75441
-38.2854, 40.82957
-38.19183, 40.90471
-38.09829, 40.97988
-38.00473, 41.05503
-37.91117, 41.13018
-37.81761, 41.20533
-37.72407, 41.28049
-37.63053, 41.35566
-37.53697, 41.43081
-37.44341, 41.50596
-37.34984, 41.5811
-37.25628, 41.65625
-37.16275, 41.73143
-37.06922, 41.8066
-36.97567, 41.88176
-36.88212, 41.95692
-36.78856, 42.03207
-36.69499, 42.10721
-36.60143, 42.18237
-36.50788, 42.25754
-36.41436, 42.33272
-36.3208, 42.40788
-36.22725, 42.48304
-36.13369, 42.5582
-36.04012, 42.63334
-35.94658, 42.70851
-35.85305, 42.7837
-35.75951, 42.85888
-35.66597, 42.93404
-35.57241, 43.0092
-35.4789, 43.0844
-35.38538, 43.15959
-35.29185, 43.23477
-35.19832, 43.30997
-35.1048, 43.38515
-35.01128, 43.46035
-34.91775, 43.53553
-34.82425, 43.61085
-34.73083, 43.68618
-34.63733, 43.76139
-34.56757, 43.81734
-34.56389, 43.82028
-34.56389, 43.82028
-34.56389, 43.82028
-34.56389, 43.82028
-34.56389, 43.82028
-34.56389, 43.82028
-34.56389, 43.82028
-34.56389, 43.82028
-34.56389, 43.82028
-34.56389, 43.82028
-34.62288, 43.84958
-34.73037, 43.90294
-34.83784, 43.95629
-34.94532, 44.00965
-35.0528, 44.063
-35.16027, 44.11636
-35.26776, 44.16971
-35.37524, 44.22306
-35.48273, 44.27642
-35.59021, 44.32978
-35.6977, 44.38314
-35.80518, 44.43649
-35.91265, 44.48986
-36.02013, 44.54321
-36.12761, 44.59658
-36.2351, 44.64993
-36.34258, 44.7033
-36.45005, 44.75667
-36.55754, 44.81004
-36.66501, 44.86342
-36.7725, 44.9168
-36.87997, 44.97018
-36.98745, 45.02357
-37.09491, 45.07697
-37.20239, 45.13037
-37.30986, 45.18376
-37.41732, 45.23716
-37.52478, 45.29057
-37.63224, 45.34398
-37.73971, 45.3974
-37.84718, 45.45082
-37.95464, 45.50425
-38.0621, 45.55768
-38.16658, 45.60964
-38.19643, 45.62448
-38.19643, 45.62448
-38.19642, 45.62448
-38.19643, 45.62448
-38.19642, 45.62448
-38.19642, 45.62448
-38.19643, 45.62448
-38.19642, 45.62448
-38.19642, 45.62448
-38.19641, 45.62448
-38.19641, 45.62448
-38.19641, 45.62448
-38.19641, 45.62448
-38.19641, 45.62448
-38.19641, 45.62448
-38.19641, 45.62448
-38.1964, 45.62448
-38.1964, 45.62448
-38.1964, 45.62448
-38.1964, 45.62448
-38.1964, 45.62448
-38.19923, 45.62589
-38.27605, 45.66416
-38.38346, 45.71765
-38.49088, 45.77114
-38.59828, 45.82466
-38.70568, 45.87818
-38.81308, 45.93169
-38.9205, 45.98517
-39.02855, 46.03891
-39.13615, 46.09229
-39.24361, 46.14569
-39.33239, 46.18998
-39.34064, 46.19411
-39.34064, 46.19411
-39.34064, 46.19411
-39.34064, 46.19411
-39.34064, 46.19411
-39.34064, 46.19411
-39.34064, 46.19411
-39.34064, 46.19411
-39.34064, 46.19411
-39.34064, 46.19411
-39.34064, 46.19411
-39.34064, 46.19411
-39.34064, 46.19411
-39.32418, 46.16834
-39.26223, 46.0711
-39.19777, 45.96986
-39.13332, 45.86863
-39.06887, 45.7674
-39.04202, 45.72522
-39.04202, 45.72522
-39.04202, 45.72521
-39.04202, 45.72521
-39.04202, 45.72521
-39.04201, 45.72521
-39.04201, 45.72521
-39.04201, 45.72521
-39.04201, 45.72521
-39.04202, 45.7252
-39.04201, 45.7252
-39.04201, 45.72519
-39.04201, 45.72519
-39.04201, 45.72519
-39.04201, 45.72519
-39.04202, 45.72519
-39.04202, 45.72519
-39.04202, 45.72518
-39.04202, 45.72519
-39.03233, 45.71009
-38.97426, 45.61913
-38.90978, 45.51796
-38.84529, 45.41678
-38.78081, 45.31559
-38.71632, 45.21442
-38.65184, 45.11325
-38.58735, 45.01207
-38.52283, 44.9109
-38.4583, 44.80972
-38.39378, 44.70855
-38.32925, 44.60738
-38.26473, 44.50621
-38.20021, 44.40505
-38.13568, 44.30389
-38.07115, 44.20273
-38.0066, 44.10157
-37.94205, 44.00041
-37.8775, 43.89925
-37.81295, 43.7981
-37.74841, 43.69693
-37.68384, 43.59578
-37.61926, 43.49463
-37.55469, 43.39351
-37.49011, 43.29237
-37.42553, 43.19124
-37.36094, 43.0901
-37.29633, 42.98897
-37.23172, 42.88784
-37.1671, 42.78672
-37.10249, 42.68561
-37.03785, 42.58449
-36.97321, 42.48338
-36.90858, 42.38227
-36.84393, 42.28115
-36.77926, 42.18006
-36.7146, 42.07898
-36.64994, 41.97791
-36.58526, 41.87683
-36.52057, 41.77577
-36.45587, 41.67471
-36.39115, 41.57366
-36.32641, 41.47261
-36.26166, 41.37157
-36.1969, 41.27053
-36.13213, 41.1695
-36.06734, 41.06847
-36.00253, 40.96747
-35.93772, 40.86647
-35.87288, 40.76548
-35.80801, 40.66453
-35.74313, 40.56358
-35.67821, 40.46265
-35.61325, 40.36174
-35.54825, 40.26085
-35.48322, 40.16001
-35.41812, 40.05919
-35.35472, 39.96125
-35.33657, 39.93329
-35.33657, 39.93329
-35.33657, 39.93329
-35.33657, 39.93329
-35.33657, 39.93329
-35.33657, 39.93329
-35.33657, 39.93329
-35.33657, 39.93328
-35.33656, 39.93328
-35.33656, 39.93328
-35.33656, 39.93328
-35.33656, 39.93328
-35.33657, 39.93327
-35.33657, 39.93327
-35.33657, 39.93327
-35.33656, 39.93327
-35.33656, 39.93327
-35.33656, 39.93327
-35.33656, 39.93327
-35.33656, 39.93327
-35.32816, 39.9205
-35.3146, 39.89985
-35.3146, 39.89985
-35.3146, 39.89985
-35.3146, 39.89985
-35.3146, 39.89985
-35.3146, 39.89985
-35.3146, 39.89985
-35.3146, 39.89985
-35.3146, 39.89985
-35.3146, 39.89985
-35.3146, 39.89985
-35.3146, 39.89985
-35.3146, 39.89985
-35.3146, 39.89985
-35.3146, 39.89985
-35.32318, 39.92498
-35.32621, 39.93379
-35.32621, 39.93379
-35.32621, 39.93378
-35.32621, 39.93379
-35.32621, 39.93378
-35.32621, 39.93378
-35.32621, 39.93379
-35.32621, 39.93379
-35.32621, 39.93378
-35.3262, 39.93378
-35.3262, 39.93378
-35.3262, 39.93378
-35.3262, 39.93378
-35.3262, 39.93378
-35.3262, 39.93378
-35.3262, 39.93378
-35.3262, 39.93378
-35.3262, 39.93378
-35.3262, 39.93378
-35.3262, 39.93378
-35.3262, 39.93378
-35.3262, 39.93378
-35.3262, 39.93378
-35.3262, 39.93378
-35.3262, 39.93378
-35.3262, 39.93378
-35.3262, 39.93378
-35.3262, 39.93378
-35.3262, 39.93378
-35.32724, 39.93689
-35.35562, 40.01846
-35.39544, 40.13164
-35.43526, 40.24483
-35.47509, 40.35801
-35.51492, 40.47119
-35.55474, 40.58437
-35.59459, 40.69755
-35.63454, 40.81096
-35.67447, 40.92413
-35.71438, 41.0373
-35.7543, 41.15046
-35.7942, 41.26364
-35.8341, 41.37682
-35.874, 41.49
-35.91389, 41.60318
-35.95376, 41.71637
-35.99361, 41.82957
-36.03345, 41.94276
-36.07328, 42.05597
-36.11309, 42.16917
-36.1529, 42.28238
-36.19267, 42.39562
-36.23145, 42.50615
-36.24322, 42.53976
-36.24322, 42.53976
-36.24322, 42.53976
-36.25263, 42.54499
-36.34172, 42.59368
-36.44712, 42.65105
-36.55251, 42.70843
-36.6579, 42.7658
-36.76329, 42.82319
-36.86868, 42.88057
-36.97408, 42.93795
-37.07946, 42.99533
-37.18485, 43.0527
-37.29024, 43.11006
-37.39564, 43.16745
-37.50105, 43.22482
-37.60645, 43.28218
-37.71186, 43.33954
-37.81433, 43.39532
-37.84361, 43.41126
-37.84361, 43.41125
-37.84361, 43.41125
-37.84361, 43.41125
-37.8436, 43.41124
-37.8436, 43.41124
-37.8436, 43.41124
-37.8436, 43.41124
-37.8436, 43.41124
-37.8436, 43.41124
-37.8436, 43.41125
-37.84359, 43.41125
-37.84359, 43.41125
-37.84359, 43.41125
-37.84359, 43.41126
-37.84359, 43.41126
-37.84359, 43.41126
-37.84359, 43.41126
-37.90142, 43.44298
-38.00673, 43.50054
-38.11204, 43.55808
-38.21735, 43.61562
-38.32265, 43.67316
-38.42796, 43.7307
-38.53328, 43.78821
-38.63861, 43.8457
-38.74394, 43.9032
-38.84927, 43.96068
-38.9546, 44.01815
-39.05993, 44.07562
-39.16526, 44.13309
-39.27062, 44.19054
-39.37598, 44.24799
-39.48134, 44.30542
-39.58669, 44.36285
-39.69207, 44.42026
-39.79747, 44.47765
-39.90288, 44.53505
-40.00829, 44.5924
-40.11368, 44.64975
-40.2191, 44.70708
-40.32455, 44.76439
-40.42999, 44.82167
-40.53546, 44.87893
-40.64093, 44.93617
-40.74641, 44.9934
-40.85191, 45.05059
-40.95742, 45.10774
-41.06296, 45.16485
-41.16853, 45.22191
-41.27414, 45.2789
-41.3798, 45.33578
-41.46974, 45.38402
-41.48037, 45.38971
-41.48037, 45.38971
-41.48037, 45.38971
-41.48037, 45.38971
-41.48037, 45.38971
-41.48037, 45.38971
-41.48037, 45.38971
-41.48037, 45.38971
-41.48037, 45.38971
-41.48037, 45.38971
-41.47734, 45.39147
-41.40162, 45.43531
-41.29779, 45.49544
-41.19395, 45.55558
-41.09012, 45.61571
-40.98629, 45.67584
-40.88246, 45.73598
-40.77863, 45.79611
-40.67479, 45.85624
-40.57096, 45.91637
-40.47001, 45.97482
-40.44117, 45.99152
-40.44117, 45.99153
-40.44117, 45.99152
-40.44117, 45.99152
-40.44117, 45.99152
-40.44117, 45.99152
-40.44117, 45.99152
-40.44117, 45.99152
-40.44117, 45.99152
-40.44117, 45.99152
-40.44117, 45.9915
-40.44117, 45.9915
-40.44117, 45.9915
-40.44117, 45.9915
-40.44117, 45.9915
-40.44117, 45.9915
-40.44117, 45.99149
-40.44117, 45.99149
-40.44116, 45.99149
-40.44116, 45.99149
-40.44117, 45.99149
-40.44117, 45.99149
-40.44116, 45.99149
-40.44117, 45.99149
-40.44117, 45.99148
-40.44117, 45.99148
-40.44117, 45.99148
-40.44116, 45.99147
-40.44116, 45.99147
-40.44116, 45.99147
-40.39994, 46.01524
-40.29648, 46.07509
-40.19263, 46.13521
-40.08876, 46.19531
-39.9849, 46.25541
-39.88104, 46.31552
-39.77717, 46.37563
-39.67331, 46.43573
-39.56945, 46.49585
-39.4656, 46.55596
-39.36173, 46.61607
-39.25787, 46.67618
-39.154, 46.73628
-39.05014, 46.79639
-38.94627, 46.85649
-38.8424, 46.91658
-38.73853, 46.97667
-38.63465, 47.03675
-38.53078, 47.09684
-38.42691, 47.15694
-38.32305, 47.21705
-38.2192, 47.27718
-38.11535, 47.33729
-38.01149, 47.39742
-37.90763, 47.45752
-37.80377, 47.51764
-37.69992, 47.57774
-37.59606, 47.63785
-37.4922, 47.69796
-37.38834, 47.75807
-37.28447, 47.81816
-37.18062, 47.87825
-37.07674, 47.93833
-36.97286, 47.99841
-36.86897, 48.05846
-36.76508, 48.1185
-36.67657, 48.16963
-36.66599, 48.17574
-36.66599, 48.17574
-36.66599, 48.17574
-36.66599, 48.17574
-36.66599, 48.17574
-36.66599, 48.17574
-36.66599, 48.17574
-36.66599, 48.17574
-36.66599, 48.17574
-36.66599, 48.17574
-36.66599, 48.17574
-36.66599, 48.17574
-36.66599, 48.17574
-36.66599, 48.17574
-36.66599, 48.17574
-36.6828, 48.16262
-36.77068, 48.09426
-36.86543, 48.02063
-36.96016, 47.94698
-37.05488, 47.8733
-37.14959, 47.79962
-37.24427, 47.72591
-37.33896, 47.65218
-37.43364, 47.57843
-37.52829, 47.50465
-37.62294, 47.43087
-37.71755, 47.35706
-37.81213, 47.28321
-37.90669, 47.20933
-38.00121, 47.1354
-38.0957, 47.06143
-38.19014, 46.98739
-38.28451, 46.91327
-38.37877, 46.839
-38.43745, 46.79258
-38.43796, 46.79218
-38.43796, 46.79218
-38.43796, 46.79218
-38.43796, 46.79218
-38.43796, 46.79218
-38.43796, 46.79218
-38.43796, 46.79218
-38.43796, 46.79218
-38.43796, 46.79218
-38.43796, 46.79218
-38.43796, 46.79218
-38.3924, 46.78262
-38.27567, 46.75801
-38.15828, 46.73324
-38.04089, 46.70848
-37.92349, 46.68371
-37.80609, 46.65894
-37.68866, 46.6342
-37.57122, 46.60946
-37.45378, 46.58471
-37.33635, 46.55997
-37.21891, 46.53525
-37.10147, 46.51053
-36.98403, 46.48581
-36.86659, 46.4611
-36.74915, 46.4364
-36.63171, 46.41171
-36.52406, 46.38908
-36.50449, 46.38498
-36.50449, 46.38498
-36.50449, 46.38498
-36.50449, 46.38497
-36.50449, 46.38497
-36.50449, 46.38496
-36.50449, 46.38496
-36.50449, 46.38497
-36.50449, 46.38496
-36.50449, 46.38496
-36.50449, 46.38497
-36.50448, 46.38497
-36.50448, 46.38496
-36.50448, 46.38495
-36.50447, 46.38495
-36.50447, 46.38496
-36.50447, 46.38495
-36.50448, 46.38496
-36.50448, 46.38496
-36.50448, 46.38496
-36.50189, 46.38438
-36.42042, 46.3672
-36.30293, 46.34277
-36.18542, 46.31835
-36.06792, 46.29394
-35.95042, 46.26954
-35.83292, 46.24516
-35.71543, 46.22073
-35.59793, 46.19631
-35.48042, 46.17188
-35.36269, 46.14746
-35.24493, 46.12323
-35.12738, 46.09907
-35.00984, 46.07489
-34.89231, 46.0507
-34.77477, 46.02648
-34.65723, 46.00224
-34.53972, 45.97797
-34.4222, 45.95366
-34.30468, 45.92933
-34.18719, 45.90496
-34.06971, 45.88056
-33.95222, 45.85609
-33.83475, 45.83155
-33.7173, 45.80693
-33.59986, 45.78219
-33.51092, 45.76323
-33.50632, 45.76222
-33.50632, 45.76222
-33.50632, 45.76222
-33.50632, 45.76222
-33.50632, 45.76222
-33.50632, 45.76222
-33.50632, 45.76222
-33.50632, 45.76222
-33.50632, 45.76222
-33.50632, 45.76222
-33.50632, 45.76222
-33.50632, 45.76222
-33.50632, 45.76222
-33.50632, 45.76222
-33.50632, 45.76221
-33.50632, 45.76221
-33.50632, 45.76221
-33.50631, 45.76221
-33.50631, 45.76221
-33.50631, 45.76221
-33.50631, 45.7622
-33.5063, 45.7622
-33.5063, 45.7622
-33.5063, 45.7622
-33.5063, 45.7622
-33.5063, 45.7622
-33.50629, 45.76219
-33.50629, 45.7622
-33.50629, 45.76219
-33.50629, 45.76219
-33.50629, 45.76218
-33.50629, 45.76218
-33.50629, 45.76218
-33.50629, 45.76218
-33.52558, 45.71981
-33.57508, 45.61127
-33.62487, 45.5021
-33.67467, 45.39294
-33.72447, 45.28379
-33.77427, 45.17461
-33.82408, 45.06544
-33.87387, 44.95628
-33.92366, 44.84711
-33.97345, 44.73794
-34.02323, 44.62877
-34.07301, 44.51959
-34.1228, 44.41042
-34.17256, 44.30124
-34.22231, 44.19206
-34.27205, 44.08285
-34.32179, 43.97365
-34.37152, 43.86444
-34.42125, 43.75524
-34.47097, 43.64603
-34.52068, 43.53683
-34.57039, 43.42761
-34.6201, 43.31841
-34.66979, 43.20921
-34.71948, 43.09999
-34.76917, 42.99076
-34.81884, 42.88153
-34.8685, 42.77229
-34.91811, 42.66304
-34.9677, 42.55378
-35.01728, 42.44451
-35.06686, 42.33524
-35.11644, 42.22597
-35.166, 42.11669
-35.21556, 42.0074
-35.26511, 41.89811
-35.31463, 41.78883
-35.36414, 41.67953
-35.41362, 41.5702
-35.46308, 41.46086
-35.51141, 41.3539
-35.52654, 41.32039
-35.52654, 41.32039
-35.52654, 41.32039
-35.52654, 41.32039
-35.52654, 41.32039
-35.52654, 41.32039
-35.52654, 41.32039
-35.52654, 41.32039
-35.52397, 41.3196
-35.44401, 41.29585
-35.32893, 41.26191
-35.21385, 41.22796
-35.09875, 41.19403
-34.98364, 41.16009
-34.86853, 41.12616
-34.75343, 41.09222
-34.68628, 41.07243
-34.68629, 41.07243
-34.68628, 41.07243
-34.68628, 41.07243
-34.68628, 41.07244
-34.68628, 41.07243
-34.68628, 41.07244
-34.68628, 41.07244
-34.68628, 41.07245
-34.68628, 41.07245
-34.68628, 41.07245
-34.68628, 41.07245
-34.68628, 41.07246
-34.68628, 41.07246
-34.68628, 41.07246
-34.68628, 41.07246
-34.68628, 41.07246
-34.68628, 41.07246
-34.68628, 41.07246
-34.68628, 41.07246
-34.68628, 41.07246
-34.68628, 41.07246
-34.68628, 41.07246
-34.68628, 41.07246
-34.65694, 41.06384
-34.54631, 41.03141
-34.43116, 40.9977
-34.31601, 40.96398
-34.20085, 40.93026
-34.08569, 40.89654
-33.97054, 40.8628
-33.85538, 40.82906
-33.74023, 40.79533
-33.62508, 40.76158
-33.50993, 40.72784
-33.39477, 40.69409
-33.27961, 40.66034
-33.16446, 40.62657
-33.0493, 40.59281
-32.93415, 40.55906
-32.819, 40.52529
-32.70386, 40.4915
-32.58871, 40.45769
-32.47356, 40.42388
-32.35842, 40.39006
-32.24329, 40.35626
-32.12815, 40.32243
-32.01302, 40.2886
-31.89789, 40.25478
-31.78276, 40.22094
-31.66763, 40.18709
-31.55251, 40.15323
-31.43738, 40.11938
-31.32224, 40.08551
-31.20712, 40.05162
-31.092, 40.01773
-30.97688, 39.98383
-30.86176, 39.94991
-30.74663, 39.91599
-30.63151, 39.88206
-30.51641, 39.84811
-30.4013, 39.81417
-30.28619, 39.7802
-30.17109, 39.74623
-30.05601, 39.71223
-29.94091, 39.67822
-29.82581, 39.64418
-29.71075, 39.61009
-29.5957, 39.57594
-29.48065, 39.54179
-29.36561, 39.50763
-29.25058, 39.47346
-29.13554, 39.43927
-29.02051, 39.40506
-28.9055, 39.37083
-28.79047, 39.33657
-28.67544, 39.30228
-28.56043, 39.26796
-28.44545, 39.23359
-28.3305, 39.19915
-28.24486, 39.17339
-28.24035, 39.17203
-28.24035, 39.17203
-28.24035, 39.17203
-28.24035, 39.17203
-28.24035, 39.17203
-28.24035, 39.17203
-28.24035, 39.17203
-28.24035, 39.17203
-28.24035, 39.17203
-28.24035, 39.17203
-28.24035, 39.17203
-28.24035, 39.17203
-28.24035, 39.17203
-28.24035, 39.17203
-28.29149, 39.21355
-28.38456, 39.28927
-28.47764, 39.36501
-28.57071, 39.44073
-28.66379, 39.51647
-28.75688, 39.59219
-28.84995, 39.6679
-28.94304, 39.7436
-29.03613, 39.81931
-29.12923, 39.89501
-29.22232, 39.97071
-29.31542, 40.04641
-29.40854, 40.12211
-29.50165, 40.19779
-29.59476, 40.27346
-29.68789, 40.34913
-29.78101, 40.4248
-29.87416, 40.50046
-29.96729, 40.57612
-30.06042, 40.65179
-30.15356, 40.72745
-30.24672, 40.80309
-30.33987, 40.87873
-30.43302, 40.95438
-30.52618, 41.03002
-30.61934, 41.10567
-30.7125, 41.1813
-30.80568, 41.25692
-30.89884, 41.33255
-30.99201, 41.40818
-31.08518, 41.48381
-31.17837, 41.55941
-31.27155, 41.63498
-31.36475, 41.71056
-31.45794, 41.78613
-31.55113, 41.86169
-31.64433, 41.93726
-31.73754, 42.01281
-31.83075, 42.08837
-31.92399, 42.16393
-32.01723, 42.23946
-32.10788, 42.31289
-32.13379, 42.33388
-32.13379, 42.33388
-32.13379, 42.33388
-32.13379, 42.33388
-32.13379, 42.33388
-32.13379, 42.33388
-32.13379, 42.33388
-32.13378, 42.33388
-32.13379, 42.33388
-32.13378, 42.33388
-32.13378, 42.33388
-32.13377, 42.33388
-32.13377, 42.33388
-32.13377, 42.33388
-32.13377, 42.33388
-32.13376, 42.33388
-32.13376, 42.33388
-32.13376, 42.33387
-32.13376, 42.33387
-32.13376, 42.33387
-32.13376, 42.33387
-32.14101, 42.3397
-32.21779, 42.40158
-32.3112, 42.47691
-32.40461, 42.55223
-32.49803, 42.62756
-32.59143, 42.70289
-32.68485, 42.77821
-32.77825, 42.85355
-32.87168, 42.92887
-32.96556, 43.00444
-33.05912, 43.07958
-33.15268, 43.15474
-33.24622, 43.22992
-33.33974, 43.30511
-33.43324, 43.38032
-33.52673, 43.45555
-33.6202, 43.53081
-33.71364, 43.6061
-33.80705, 43.68142
-33.90043, 43.75679
-33.99376, 43.83221
-34.08704, 43.90773
-34.17815, 43.9817
-34.20667, 44.00492
-34.20667, 44.00492
-34.20667, 44.00492
-34.20667, 44.00492
-34.20667, 44.00492
-34.20667, 44.00492
-34.20667, 44.00492
-34.20667, 44.00492
-34.20667, 44.00491
-34.20667, 44.00491
-34.20666, 44.0049
-34.20666, 44.00491
-34.20666, 44.0049
-34.20666, 44.0049
-34.20665, 44.00489
-34.20665, 44.00489
-34.20665, 44.00489
-34.20665, 44.00488
-34.20665, 44.00488
-34.20665, 44.00488
-34.20665, 44.00488
-34.20665, 44.00488
-34.20665, 44.00488
-34.20665, 44.00488
-34.20665, 44.00489
-34.20665, 44.00489
-34.20665, 44.00489
-34.20665, 44.00489
-34.20665, 44.00489
-34.20664, 44.00488
-34.20664, 44.00489
-34.20664, 44.00489
-34.15964, 44.00587
-34.04026, 44.00838
-33.92028, 44.01089
-33.8003, 44.01341
-33.68032, 44.01593
-33.56034, 44.01844
-33.44036, 44.02095
-33.32038, 44.02346
-33.2004, 44.02598
-33.08042, 44.02849
-32.96044, 44.03101
-32.84044, 44.03351
-32.72035, 44.03616
-32.60037, 44.03889
-32.48041, 44.04158
-32.36044, 44.04422
-32.24047, 44.0468
-32.1205, 44.0493
-32.00053, 44.05169
-31.89848, 44.05355
-31.88642, 44.05376
-31.88642, 44.05376
-31.88642, 44.05376
-31.88642, 44.05376
-31.88496, 44.05155
-31.83957, 43.98179
-31.77435, 43.88106
-31.70914, 43.78033
-31.64391, 43.6796
-31.57868, 43.57889
-31.51344, 43.47818
-31.44819, 43.37747
-31.38294, 43.27676
-31.31768, 43.17606
-31.25242, 43.07535
-31.18714, 42.97466
-31.12186, 42.87396
-31.05658, 42.77328
-30.99128, 42.6726
-30.92779, 42.57471
-30.90964, 42.54674
-30.90965, 42.54675
-30.90965, 42.54675
-30.90965, 42.54675
-30.90965, 42.54675
-30.90965, 42.54675
-30.90966, 42.54674
-30.90966, 42.54674
-30.90966, 42.54674
-30.90966, 42.54673
-30.90967, 42.54673
-30.90967, 42.54673
-30.90967, 42.54673
-30.90967, 42.54673
-30.90966, 42.54672
-30.90966, 42.54672
-30.90966, 42.54672
-30.90966, 42.54672
-30.90966, 42.54672
-30.90966, 42.54672
-30.90482, 42.53928
-30.85145, 42.45737
-30.78592, 42.35685
-30.72039, 42.25633
-30.65487, 42.1558
-30.58934, 42.05528
-30.52381, 41.95475
-30.45828, 41.85423
-30.39276, 41.75371
-30.32722, 41.65319
-30.2617, 41.55267
-30.19617, 41.45216
-30.13064, 41.35164
-30.06511, 41.25113
-29.99958, 41.1506
-29.93401, 41.05002
-29.86827, 40.94947
-29.80259, 40.84906
-29.73692, 40.74861
-29.67129, 40.64814
-29.60571, 40.54763
-29.54018, 40.44711
-29.47474, 40.34651
-29.4192, 40.26089
-29.41265, 40.25076
-29.41265, 40.25076
-29.41265, 40.25076
-29.41265, 40.25076
-29.41265, 40.25076
-29.4031, 40.25239
-29.30523, 40.26978
-29.1871, 40.29096
-29.06897, 40.31214
-28.95084, 40.33333
-28.83271, 40.35452
-28.71457, 40.37569
-28.59643, 40.39687
-28.4783, 40.41804
-28.36016, 40.43921
-28.24203, 40.46037
-28.12388, 40.48153
-28.00546, 40.50272
-27.88675, 40.52375
-27.76858, 40.54463
-27.65042, 40.56555
-27.53226, 40.58652
-27.41412, 40.60755
-27.29598, 40.62866
-27.17787, 40.64988
-27.07946, 40.66771
-27.06962, 40.66951
-27.06962, 40.66951
-27.06962, 40.66951
-27.06962, 40.66951
-27.06962, 40.66952
-27.06962, 40.66953
-27.06962, 40.66953
-27.06963, 40.66952
-27.06963, 40.66952
-27.06964, 40.66952
-27.06964, 40.66952
-27.06964, 40.66952
-27.06964, 40.66951
-27.06964, 40.66952
-27.06965, 40.66951
-27.06965, 40.66951
-27.06965, 40.66951
-27.06965, 40.66951
-27.06965, 40.66951
-27.06965, 40.6695
-27.06965, 40.6695
-27.06965, 40.6695
-27.06965, 40.6695
-27.06965, 40.6695
-27.06965, 40.6695
-27.06965, 40.6695
-27.06965, 40.6695
-27.06965, 40.6695
-27.06965, 40.6695
-27.06965, 40.6695
-27.06965, 40.6695
-27.06965, 40.6695
-27.06965, 40.6695
-27.06965, 40.6695
-27.06965, 40.6695
-27.06965, 40.6695
-27.06965, 40.6695
-27.06965, 40.6695
-27.06965, 40.6695
-27.10124, 40.61089
-27.15833, 40.50533
-27.21543, 40.39977
-27.27253, 40.2942
-27.32965, 40.18866
-27.38676, 40.08315
-27.44389, 39.97764
-27.50102, 39.87213
-27.55817, 39.76662
-27.61531, 39.66111
-27.67247, 39.55559
-27.72963, 39.45009
-27.76433, 39.38606
-27.7646, 39.38555
-27.7646, 39.38555
-27.7646, 39.38556
-27.7646, 39.38556
-27.7646, 39.38556
-27.7646, 39.38556
-27.7646, 39.38556
-27.76461, 39.38556
-27.76461, 39.38556
-27.76461, 39.38556
-27.76462, 39.38556
-27.76462, 39.38556
-27.76462, 39.38556
-27.76462, 39.38556
-27.76462, 39.38556
-27.76462, 39.38556
-27.76462, 39.38556
-27.76462, 39.38556
-27.76462, 39.38557
-27.76463, 39.38557
-27.76463, 39.38557
-27.76463, 39.38557
-27.76463, 39.38557
-27.76977, 39.37613
-27.81826, 39.28699
-27.8756, 39.18159
-27.93294, 39.07619
-27.99028, 38.97079
-28.04762, 38.86539
-28.10496, 38.75999
-28.16231, 38.6546
-28.21968, 38.54916
-28.27712, 38.44374
-28.33454, 38.33838
-28.39195, 38.23301
-28.44936, 38.12764
-28.50676, 38.02228
-28.56414, 37.9169
-28.62151, 37.81151
-28.67885, 37.7061
-28.73617, 37.60069
-28.79344, 37.49526
-28.85069, 37.3898
-28.90263, 37.294
-28.91118, 37.27821
-28.91118, 37.27821
-28.91118, 37.27821
-28.91118, 37.27821
-28.91118, 37.27821
-28.91118, 37.27821
-28.91118, 37.27821
-28.91118, 37.27821
-28.89466, 37.27123
-28.79511, 37.22948
-28.68441, 37.18316
-28.57371, 37.13684
-28.46301, 37.09053
-28.35231, 37.0442
-28.2416, 36.99786
-28.13091, 36.95152
-28.02021, 36.90517
-27.90952, 36.85883
-27.79884, 36.81248
-27.68815, 36.76611
-27.57746, 36.71975
-27.46678, 36.67337
-27.3561, 36.627
-27.24543, 36.58061
-27.1655, 36.54709
-27.16242, 36.5458
-27.16242, 36.54581
-27.16242, 36.54581
-27.16243, 36.54581
-27.16243, 36.54581
-27.16243, 36.5458
-27.16243, 36.5458
-27.16243, 36.5458
-27.16243, 36.5458
-27.16242, 36.5458
-27.16243, 36.5458
-27.16243, 36.5458
-27.16243, 36.54579
-27.16242, 36.54578
-27.16242, 36.54579
-27.16242, 36.54579
-27.16242, 36.54579
-27.16242, 36.54579
-27.16242, 36.54579
-27.13408, 36.53383
-27.02778, 36.489
-26.91722, 36.44238
-26.80667, 36.39576
-26.69611, 36.34913
-26.58556, 36.3025
-26.47501, 36.25587
-26.36445, 36.20924
-26.2539, 36.16261
-26.14334, 36.11597
-26.03279, 36.06935
-25.92224, 36.02272
-25.81169, 35.97609
-25.70114, 35.92946
-25.59058, 35.88284
-25.48003, 35.83622
-25.36947, 35.7896
-25.25892, 35.74296
-25.14836, 35.69633
-25.0378, 35.64971
-24.92724, 35.60308
-24.81669, 35.55645
-24.70609, 35.50981
-24.59542, 35.46331
-24.48478, 35.41685
-24.37414, 35.37037
-24.26351, 35.32388
-24.1529, 35.27736
-24.0423, 35.23082
-23.93171, 35.18425
-23.82112, 35.13764
-23.71056, 35.09099
-23.60002, 35.04429
-23.48952, 34.99752
-23.38151, 34.95165
-23.34768, 34.93724
-23.34768, 34.93724
-23.34768, 34.93724
-23.34768, 34.93724
-23.34768, 34.93724
-23.34768, 34.93724
-23.34768, 34.93724
-23.35699, 34.89162
-23.38073, 34.77469
-23.40458, 34.65709
-23.42844, 34.53949
-23.4523, 34.42189
-23.47617, 34.30429
-23.50005, 34.1867
-23.52394, 34.0691
-23.54784, 33.9515
-23.57174, 33.8339
-23.59167, 33.7359
-23.59366, 33.7261
-23.59366, 33.7261
-23.59367, 33.7261
-23.59367, 33.7261
-23.59367, 33.7261
-23.59367, 33.72609
-23.59367, 33.72609
-23.59367, 33.7261
-23.59368, 33.72609
-23.59368, 33.72609
-23.59368, 33.72609
-23.59368, 33.72609
-23.59368, 33.72608
-23.59368, 33.72608
-23.59368, 33.72607
-23.59368, 33.72607
-23.59368, 33.72607
-23.59368, 33.72607
-23.59368, 33.72607
-23.59368, 33.72607
-23.59368, 33.72606
-23.5974, 33.70818
-23.61926, 33.60214
-23.64341, 33.48459
-23.66755, 33.36703
-23.6917, 33.24948
-23.71586, 33.13193
-23.74, 33.01437
-23.76415, 32.89682
-23.7883, 32.77927
-23.81246, 32.66171
-23.83664, 32.54416
-23.86082, 32.42661
-23.88497, 32.30905
-23.90912, 32.1915
-23.93329, 32.07394
-23.95744, 31.95639
-23.98162, 31.83886
-24.00577, 31.72128
-24.03007, 31.60369
-24.05439, 31.48623
-24.0787, 31.36872
-24.10298, 31.25121
-24.12725, 31.1337
-24.1515, 31.01617
-24.17573, 30.89864
-24.19993, 30.78112
-24.22409, 30.66358
-24.24821, 30.54604
-24.27228, 30.42848
-24.29626, 30.3109
-24.31396, 30.2236
-24.31486, 30.21915
-24.31486, 30.21915
-24.30351, 30.18831
-24.26321, 30.07906
-24.22166, 29.96647
-24.18012, 29.85389
-24.13858, 29.7413
-24.09705, 29.62871
-24.05552, 29.51612
-24.01401, 29.40352
-23.97249, 29.29092
-23.93097, 29.17833
-23.88948, 29.06573
-23.84799, 28.95312
-23.8065, 28.8405
-23.76502, 28.72789
-23.72355, 28.61527
-23.6821, 28.50266
-23.64065, 28.39003
-23.59921, 28.2774
-23.55893, 28.1679
-23.54742, 28.13662
-23.54742, 28.13662
-23.54742, 28.13662
-23.54742, 28.13662
-23.54742, 28.13662
-23.54742, 28.13662
-23.54742, 28.13663
-23.54742, 28.13663
-23.54741, 28.13663
-23.54741, 28.13663
-23.54741, 28.13663
-23.54741, 28.13663
-23.54741, 28.13662
-23.54741, 28.13662
-23.54741, 28.13661
-23.54741, 28.13661
-23.54741, 28.13661
-23.54741, 28.13661
-23.54741, 28.13661
-23.52946, 28.08752
-23.4881, 27.9744
-23.4469, 27.86169
-23.4057, 27.74899
-23.36451, 27.63628
-23.32309, 27.52303
-23.28144, 27.40925
-23.24027, 27.29671
-23.19908, 27.184
-23.15788, 27.0713
-23.11668, 26.9586
-23.07549, 26.84589
-23.03429, 26.73319
-22.9931, 26.62048
-22.9519, 26.50777
-22.9107, 26.39507
-22.86951, 26.28237
-22.82832, 26.16966
-22.7961, 26.0851
-22.75126, 25.98636
-22.70144, 25.87718
-22.65161, 25.76802
-22.6018, 25.65885
-22.55198, 25.54968
-22.50216, 25.44052
-22.45235, 25.33135
-22.40253, 25.22219
-22.35272, 25.11302
-22.30292, 25.00385
-22.25311, 24.89468
-22.20331, 24.78551
-22.1535, 24.67632
-22.10369, 24.56715
-22.05389, 24.45797
-22.0041, 24.34878
-21.95431, 24.23959
-21.90451, 24.13041
-21.85472, 24.02122
-21.80492, 23.91203
-21.75513, 23.80284
-21.70534, 23.69366
-21.65555, 23.58447
-21.60576, 23.47528
-21.55598, 23.36609
-21.5062, 23.25691
-21.45643, 23.14771
-21.40666, 23.03852
-21.3569, 22.92932
-21.30713, 22.82013
-21.25737, 22.71093
-21.20762, 22.60173
-21.15787, 22.49253
-21.10813, 22.38332
-21.05838, 22.27412
-21.00864, 22.16491
-20.95892, 22.0557
-20.90922, 21.94648
-20.85974, 21.83716
-20.8103, 21.72781
-20.76083, 21.61848
-20.71135, 21.50916
-20.66183, 21.39986
-20.61229, 21.29056
-20.57012, 21.19761
-20.56514, 21.18662
-20.56514, 21.18662
-20.56515, 21.18662
-20.56515, 21.18663
-20.56515, 21.18663
-20.56516, 21.18663
-20.56516, 21.18663
-20.56516, 21.18662
-20.56516, 21.18662
-20.56516, 21.18662
-20.56516, 21.18662
-20.56516, 21.18662
-20.56516, 21.18662
-20.56516, 21.18661
-20.56516, 21.18661
-20.56516, 21.18661
-20.56516, 21.1866
-20.56516, 21.1866
-20.56516, 21.18659
-20.56516, 21.18659
-20.56516, 21.18659
-20.56084, 21.17696
-20.51894, 21.08494
-20.46907, 20.97579
-20.41919, 20.86663
-20.3693, 20.75749
-20.31942, 20.64835
-20.29933, 20.60439
-20.29933, 20.60439
-20.29933, 20.60439
-20.29933, 20.60439
-20.29933, 20.60439
-20.29933, 20.60439
-20.29933, 20.60439
-20.29933, 20.60439
-20.29933, 20.60439
-20.29933, 20.60439
-20.29933, 20.60439
-20.29933, 20.60439
-20.29933, 20.60439
-20.29933, 20.60439
-20.29982, 20.613
-20.3061, 20.71004
-20.31406, 20.82979
-20.32203, 20.94952
-20.32563, 21.00353
-20.32562, 21.00353
-20.32562, 21.00354
-20.32562, 21.00354
-20.32562, 21.00354
-20.32562, 21.00354
-20.32562, 21.00355
-20.32562, 21.00354
-20.32562, 21.00355
-20.32562, 21.00355
-20.32562, 21.00355
-20.32561, 21.00355
-20.32561, 21.00355
-20.32561, 21.00355
-20.32561, 21.00355
-20.32561, 21.00354
-20.32561, 21.00354
-20.32561, 21.00354
-20.32561, 21.00354
-20.32561, 21.00354
-20.32561, 21.00354
-20.32561, 21.00354
-20.32561, 21.00354
-20.32561, 21.00354
-20.32561, 21.00354
-20.32561, 21.00354
-20.32561, 21.00354
-20.32561, 21.00354
-20.32561, 21.00354
-20.32561, 21.00354
-20.32561, 21.00354
-20.32561, 21.00354
-20.32561, 21.00354
-20.32774, 21.03449
-20.33567, 21.14972
-20.3439, 21.26943
-20.35214, 21.38914
-20.36038, 21.50885
-20.36862, 21.62856
-20.37686, 21.74827
-20.3851, 21.86798
-20.39334, 21.98768
-20.40158, 22.10739
-20.40982, 22.22711
-20.41806, 22.34682
-20.4263, 22.46652
-20.43454, 22.58623
-20.44278, 22.70595
-20.45101, 22.82565
-20.45925, 22.94537
-20.46749, 23.06508
-20.47573, 23.18479
-20.48396, 23.30449
-20.4922, 23.42421
-20.50044, 23.54392
-20.50868, 23.66363
-20.51692, 23.78333
-20.52516, 23.90304
-20.5334, 24.02276
-20.54166, 24.14268
-20.5501, 24.26278
-20.55862, 24.38248
-20.56713, 24.50219
-20.57562, 24.6219
-20.5841, 24.7416
-20.59256, 24.86131
-20.60099, 24.98101
-20.6094, 25.10072
-20.61778, 25.22042
-20.62614, 25.34013
-20.63447, 25.45983
-20.63931, 25.52966
-20.63931, 25.52966
-20.63931, 25.52966
-20.63931, 25.52966
-20.63931, 25.52966
-20.63931, 25.52966
-20.63931, 25.52966
-20.63931, 25.52966
-20.63932, 25.52966
-20.63932, 25.52966
-20.63932, 25.52966
-20.63933, 25.52966
-20.63933, 25.52965
-20.63933, 25.52966
-20.63933, 25.52966
-20.63933, 25.52966
-20.63933, 25.52966
-20.63934, 25.52966
-20.63934, 25.52966
-20.64272, 25.58045
-20.65071, 25.70037
-20.65869, 25.8201
-20.66666, 25.93984
-20.67464, 26.05958
-20.68262, 26.17932
-20.69059, 26.29906
-20.69856, 26.41879
-20.70627, 26.53503
-20.71024, 26.57582
-20.73065, 26.67091
-20.75576, 26.78826
-20.78088, 26.9056
-20.80601, 27.02295
-20.83114, 27.14029
-20.8563, 27.25747
-20.88171, 27.37468
-20.90717, 27.49195
-20.93262, 27.60923
-20.95809, 27.72651
-20.98354, 27.84378
-21.00898, 27.96106
-21.03443, 28.07834
-21.05987, 28.19562
-21.0853, 28.31291
-21.11073, 28.4302
-21.13616, 28.54749
-21.16158, 28.66478
-21.18699, 28.78207
-21.21239, 28.89936
-21.23779, 29.01665
-21.26317, 29.13394
-21.28461, 29.23302
-21.28701, 29.24413
-21.28701, 29.24413
-21.28701, 29.24412
-21.28701, 29.24412
-21.28701, 29.24412
-21.287, 29.24412
-21.28701, 29.24411
-21.28701, 29.24411
-21.28701, 29.24411
-21.28702, 29.2441
-21.28702, 29.24411
-21.28702, 29.24411
-21.28701, 29.24411
-21.28701, 29.24411
-21.28701, 29.24411
-21.28702, 29.2441
-21.28702, 29.2441
-21.28702, 29.2441
-21.28702, 29.2441
-21.28702, 29.2441
-21.28883, 29.25253
-21.30921, 29.34763
-21.33437, 29.46497
-21.35594, 29.56474
-21.3585, 29.57652
-21.3585, 29.57652
-21.3585, 29.57652
-21.3585, 29.57652
-21.3585, 29.57652
-21.3585, 29.57652
-21.3585, 29.57652
-21.3585, 29.57652
-21.3585, 29.57652
-21.3585, 29.57652
-21.3585, 29.57652
-21.3585, 29.57652
-21.3585, 29.57652
-21.35308, 29.56981
-21.29279, 29.49351
-21.21869, 29.39912
-21.14455, 29.30477
-21.11105, 29.26225
-21.11105, 29.26226
-21.11105, 29.26225
-21.11105, 29.26226
-21.11105, 29.26226
-21.11105, 29.26226
-21.11105, 29.26226
-21.11105, 29.26226
-21.11105, 29.26226
-21.11105, 29.26227
-21.11105, 29.26227
-21.11105, 29.26227
-21.11105, 29.26227
-21.11105, 29.26227
-21.11104, 29.26227
-21.11104, 29.26227
-21.11104, 29.26227
-21.11104, 29.26227
-21.11103, 29.26227
-21.11103, 29.26227
-21.11103, 29.26227
-21.11103, 29.26227
-21.11103, 29.26227
-21.11103, 29.26227
-21.09044, 29.23618
-21.01819, 29.14463
-20.94386, 29.05042
-20.86953, 28.95622
-20.7952, 28.86201
-20.72087, 28.7678
-20.64654, 28.67358
-20.57222, 28.57937
-20.49789, 28.48516
-20.42356, 28.39095
-20.34924, 28.29673
-20.27492, 28.20252
-20.20059, 28.10831
-20.12627, 28.01409
-20.05195, 27.91987
-19.97763, 27.82565
-19.90331, 27.73142
-19.829, 27.6372
-19.75468, 27.54298
-19.68244, 27.45134
-19.66174, 27.42507
-19.66174, 27.42507
-19.66174, 27.42507
-19.66174, 27.42507
-19.66174, 27.42507
-19.66174, 27.42507
-19.66174, 27.42507
-19.66174, 27.42507
-19.66174, 27.42507
-19.66174, 27.42507
-19.66174, 27.42507
-19.66174, 27.42507
-19.66174, 27.42507
-19.66174, 27.42507
-19.66174, 27.42507
-19.66174, 27.42507
-19.68159, 27.44833
-19.75633, 27.53613
-19.83192, 27.62499
-19.85352, 27.65037
-19.85352, 27.65038
-19.85352, 27.65037
-19.85352, 27.65037
-19.85351, 27.65038
-19.85352, 27.65038
-19.85351, 27.65038
-19.85351, 27.65038
-19.85351, 27.65038
-19.8535, 27.65038
-19.8535, 27.65039
-19.8535, 27.65039
-19.8535, 27.65039
-19.8535, 27.6504
-19.8535, 27.6504
-19.8535, 27.6504
-19.8535, 27.6504
-19.8535, 27.6504
-19.87329, 27.67373
-19.948, 27.76154
-20.02579, 27.85292
-20.10358, 27.9443
-20.18138, 28.03567
-20.25919, 28.12703
-20.33701, 28.21837
-20.41483, 28.3097
-20.49267, 28.40102
-20.57051, 28.49233
-20.64837, 28.58364
-20.72625, 28.67494
-20.80414, 28.76623
-20.88204, 28.85751
-20.95996, 28.94879
-21.0379, 29.04004
-21.11585, 29.13127
-21.19382, 29.22248
-21.27181, 29.31369
-21.34983, 29.40486
-21.42787, 29.49602
-21.50595, 29.58714
-21.58407, 29.67824
-21.66224, 29.76929
-21.74048, 29.86027
-21.81883, 29.95116
-21.85422, 29.99211
-21.89182, 30.01957
-21.98847, 30.08952
-22.08572, 30.15983
-22.18297, 30.23015
-22.28022, 30.30046
-22.37747, 30.37078
-22.42134, 30.4025
-22.42134, 30.4025
-22.42134, 30.4025
-22.42134, 30.40251
-22.42133, 30.40251
-22.42133, 30.40251
-22.42133, 30.40251
-22.42133, 30.40251
-22.42133, 30.40251
-22.42133, 30.40251
-22.42133, 30.40252
-22.42132, 30.40252
-22.42132, 30.40252
-22.42132, 30.40251
-22.42132, 30.40251
-22.42132, 30.40251
-22.42132, 30.40251
-22.42131, 30.40251
-22.42131, 30.40251
-22.42131, 30.40251
-22.42131, 30.40251
-22.42131, 30.40251
-22.42131, 30.40251
-22.42131, 30.40251
-22.42131, 30.40251
-22.42131, 30.40251
-22.42131, 30.40251
-22.43582, 30.41306
-22.52304, 30.47664
-22.61998, 30.54737
-22.71693, 30.61808
-22.81388, 30.68879
-22.91083, 30.7595
-23.00778, 30.83021
-23.10473, 30.90092
-23.20168, 30.97162
-23.29864, 31.04231
-23.3956, 31.11301
-23.49255, 31.18371
-23.58951, 31.2544
-23.68648, 31.3251
-23.78346, 31.39578
-23.88042, 31.46645
-23.97741, 31.53712
-24.0744, 31.60778
-24.1714, 31.67843
-24.26839, 31.74908
-24.36539, 31.81973
-24.46239, 31.89037
-24.55937, 31.96098
-24.6563, 32.03133
-24.75347, 32.1017
-24.85065, 32.17209
-24.94785, 32.24245
-25.04504, 32.31282
-25.14223, 32.38321
-25.23942, 32.45359
-25.3366, 32.52398
-25.43379, 32.59436
-25.53098, 32.66475
-25.62816, 32.73514
-25.72534, 32.80552
-25.82252, 32.87592
-25.91969, 32.94632
-26.01687, 33.01672
-26.11404, 33.08712
-26.21122, 33.15754
-26.30839, 33.22794
-26.40557, 33.29836
-26.50274, 33.36877
-26.59991, 33.43917
-26.69437, 33.50764
-26.72136, 33.52721
-26.72137, 33.5272
-26.72137, 33.5272
-26.72137, 33.52721
-26.72137, 33.52719
-26.72137, 33.52719
-26.72137, 33.52719
-26.72138, 33.52719
-26.72138, 33.52719
-26.72138, 33.52719
-26.72138, 33.52719
-26.72138, 33.52719
-26.72138, 33.52719
-26.72137, 33.52719
-26.72137, 33.52719
-26.72137, 33.52719
-26.72137, 33.52719
-26.72137, 33.52719
-26.72137, 33.52719
-26.72138, 33.52719
-26.72138, 33.52719
-26.72138, 33.52719
-26.72138, 33.52719
-26.72138, 33.52719
-26.72138, 33.52719
-26.77995, 33.56967
-26.87708, 33.64013
-26.97422, 33.71058
-27.07135, 33.78103
-27.16848, 33.8515
-27.26563, 33.92196
-27.36277, 33.99242
-27.4599, 34.06289
-27.55702, 34.13336
-27.65414, 34.20383
-27.75126, 34.27432
-27.84839, 34.34479
-27.94551, 34.41527
-28.04263, 34.48575
-28.12261, 34.5438
-28.12975, 34.54898
-28.12975, 34.54898
-28.12975, 34.54898
-28.12975, 34.54898
-28.12975, 34.54898
-28.12975, 34.54898
-28.12975, 34.54898
-28.12975, 34.54898
-28.15501, 34.50988
-28.21987, 34.40973
-28.28512, 34.30902
-28.35035, 34.20831
-28.41558, 34.1076
-28.48081, 34.00689
-28.54604, 33.90616
-28.61127, 33.80544
-28.67649, 33.7047
-28.7417, 33.60397
-28.80692, 33.50324
-28.87212, 33.40251
-28.93733, 33.30177
-29.00252, 33.20104
-29.0677, 33.10031
-29.13289, 32.99956
-29.19807, 32.89881
-29.26324, 32.79805
-29.32841, 32.6973
-29.39357, 32.59655
-29.45873, 32.49579
-29.52388, 32.39504
-29.58903, 32.29426
-29.65418, 32.19347
-29.71931, 32.09267
-29.78443, 31.99187
-29.84955, 31.89107
-29.91467, 31.79027
-29.97977, 31.68946
-30.03515, 31.60372
-30.0417, 31.59359
-30.0417, 31.59359
-30.0417, 31.59359
-30.0417, 31.59359
-30.0417, 31.5936
-30.0417, 31.5936
-30.0417, 31.59361
-30.0417, 31.59361
-30.0417, 31.59361
-30.0417, 31.59361
-30.0417, 31.59361
-30.04169, 31.59361
-30.04169, 31.59361
-30.04169, 31.59361
-30.04169, 31.59361
-30.04169, 31.59361
-30.04169, 31.59361
-30.04169, 31.59361
-30.04169, 31.59361
-30.04169, 31.59361
-30.04169, 31.5936
-30.04168, 31.5936
-30.04168, 31.5936
-30.04168, 31.5936
-30.04168, 31.5936
-30.04168, 31.5936
-30.04168, 31.5936
-30.04168, 31.5936
-30.04168, 31.5936
-30.04168, 31.5936
-30.04168, 31.5936
-30.04168, 31.5936
-30.04351, 31.59076
-30.08328, 31.5289
-30.13735, 31.44478
-30.19142, 31.36068
-30.24549, 31.27657
-30.29955, 31.19245
-30.35362, 31.10835
-30.40768, 31.02424
-30.46175, 30.94013
-30.5158, 30.85602
-30.56986, 30.77191
-30.62392, 30.68779
-30.67798, 30.60368
-30.73205, 30.51956
-30.78611, 30.43546
-30.84017, 30.35133
-30.89422, 30.26722
-30.94828, 30.18311
-31.00233, 30.099
-31.05639, 30.0149
-31.11045, 29.93079
-31.16451, 29.84667
-31.21857, 29.76257
-31.27263, 29.67846
-31.32668, 29.59435
-31.38077, 29.51024
-31.43484, 29.42613
-31.48889, 29.34201
-31.54294, 29.25789
-31.59699, 29.17377
-31.65105, 29.08966
-31.70511, 29.00555
-31.75917, 28.92144
-31.8114, 28.84018
-31.82569, 28.81794
-31.82569, 28.81794
-31.82569, 28.81794
-31.82569, 28.81794
-31.82569, 28.81794
-31.82569, 28.81794
-31.82569, 28.81794
-31.82569, 28.81794
-31.82569, 28.81794
-31.82569, 28.81794
-31.82569, 28.81794
-31.82569, 28.81794
-31.82569, 28.81794
-31.82569, 28.81794
-31.82569, 28.81794
-31.82569, 28.81794
-31.82569, 28.81794
-31.82569, 28.81794
-31.79866, 28.84276
-31.72553, 28.90977
-31.65177, 28.97731
-31.57802, 29.04485
-31.50427, 29.1124
-31.43053, 29.17995
-31.35679, 29.2475
-31.28305, 29.31506
-31.20933, 29.38263
-31.1356, 29.4502
-31.06188, 29.51777
-30.98816, 29.58535
-30.91445, 29.65294
-30.84076, 29.72054
-30.76707, 29.78813
-30.69338, 29.85573
-30.61969, 29.92334
-30.54601, 29.99095
-30.47234, 30.05857
-30.39866, 30.12619
-30.32499, 30.19383
-30.25133, 30.26147
-30.17767, 30.32913
-30.10402, 30.39678
-30.03037, 30.46445
-29.95672, 30.53213
-29.8831, 30.59981
-29.80949, 30.6675
-29.7359, 30.73521
-29.66232, 30.80292
-29.58875, 30.87064
-29.51518, 30.93838
-29.44161, 31.00613
-29.37568, 31.06689
-29.36504, 31.0767
-29.36504, 31.0767
-29.36503, 31.0767
-29.36503, 31.0767
-29.36503, 31.0767
-29.36503, 31.0767
-29.36503, 31.0767
-29.36503, 31.0767
-29.36503, 31.0767
-29.36503, 31.07669
-29.36503, 31.0767
-29.36503, 31.0767
-29.36504, 31.0767
-29.36503, 31.0767
-29.36503, 31.0767
-29.36503, 31.0767
-29.36503, 31.0767
-29.36503, 31.0767
-29.36503, 31.0767
-29.36503, 31.0767
-29.36503, 31.0767
-29.36503, 31.07669
-29.34739, 31.09303
-29.27692, 31.15827
-29.20355, 31.22621
-29.13017, 31.29414
-29.05679, 31.36208
-28.98342, 31.43001
-28.91004, 31.49795
-28.83667, 31.56588
-28.77211, 31.62564
-28.76334, 31.63376
-28.76334, 31.63376
-28.76334, 31.63376
-28.76334, 31.63376
-28.76334, 31.63376
-28.76334, 31.63376
-28.76334, 31.63376
-28.76334, 31.63376
-28.76334, 31.63376
-28.76334, 31.63376
-28.76334, 31.63376
-28.76334, 31.63376
-28.76334, 31.63376
-28.76334, 31.63376
-28.76334, 31.63376
-28.76334, 31.63376
-28.7645, 31.6308
-28.79105, 31.56313
-28.82762, 31.47005
-28.86419, 31.37697
-28.90075, 31.2839
-28.93731, 31.19082
-28.97388, 31.09774
-29.01044, 31.00466
-29.047, 30.91158
-29.08355, 30.8185
-29.1201, 30.72542
-29.15665, 30.63234
-29.1932, 30.53926
-29.22975, 30.44618
-29.2663, 30.3531
-29.30284, 30.26001
-29.33937, 30.16692
-29.3759, 30.07383
-29.39902, 30.01491
-29.39932, 30.01414
-29.39932, 30.01414
-29.39932, 30.01414
-29.39932, 30.01414
-29.39932, 30.01413
-29.39932, 30.01413
-29.39932, 30.01413
-29.39932, 30.01413
-29.39932, 30.01413
-29.39932, 30.01413
-29.39932, 30.01414
-29.39932, 30.01414
-29.39932, 30.01414
-29.39932, 30.01414
-29.39932, 30.01414
-29.39932, 30.01414
-29.39932, 30.01414
-29.39932, 30.01414
-29.39932, 30.01414
-29.39932, 30.01414
-29.39932, 30.01413
-29.39932, 30.01413
-29.39932, 30.01413
-29.39932, 30.01413
-29.41991, 29.96149
-29.45632, 29.86837
-29.49274, 29.77525
-29.52916, 29.68214
-29.56558, 29.58903
-29.602, 29.49591
-29.63841, 29.4028
-29.67482, 29.30967
-29.71124, 29.21654
-29.74765, 29.12341
-29.78406, 29.03029
-29.82047, 28.93716
-29.85688, 28.84403
-29.89329, 28.7509
-29.92971, 28.65777
-29.96612, 28.56464
-30.00253, 28.47151
-30.03895, 28.37838
-30.07537, 28.28525
-30.11178, 28.19213
-30.14819, 28.099
-30.18462, 28.00588
-30.22104, 27.91275
-30.25746, 27.81964
-30.29388, 27.72652
-30.3303, 27.63339
-30.36672, 27.54028
-30.40313, 27.44715
-30.43952, 27.35402
-30.47593, 27.26088
-30.51234, 27.16776
-30.54873, 27.07462
-30.58512, 26.98148
-30.6215, 26.88837
-30.65787, 26.79527
-30.69426, 26.70213
-30.73065, 26.60899
-30.7631, 26.52592
-30.76812, 26.51309
-30.76812, 26.51309
-30.76812, 26.51309
-30.76812, 26.51309
-30.76812, 26.51309
-30.76812, 26.51309
-30.76812, 26.51309
-30.72896, 26.47323
-30.65896, 26.40182
-30.58897, 26.33042
-30.51897, 26.25901
-30.44896, 26.1876
-30.37895, 26.1162
-30.30892, 26.0448
-30.23889, 25.97341
-30.16885, 25.90202
-30.09881, 25.83064
-30.02877, 25.75927
-29.95872, 25.6879
-29.88867, 25.61653
-29.81861, 25.54517
-29.74855, 25.47381
-29.67849, 25.40246
-29.60841, 25.33111
-29.53834, 25.25977
-29.46826, 25.18843
-29.39817, 25.11711
-29.32808, 25.04579
-29.25799, 24.97447
-29.18788, 24.90317
-29.11775, 24.83186
-29.04762, 24.76056
-28.97747, 24.68928
-28.90732, 24.61801
-28.83717, 24.54674
-28.76699, 24.47549
-28.69682, 24.40425
-28.62663, 24.33302
-28.55642, 24.26181
-28.48619, 24.19063
-28.41594, 24.11946
-28.34567, 24.04831
-28.27538, 23.97718
-28.20506, 23.90608
-28.1347, 23.83501
-28.0643, 23.764
-27.99382, 23.69306
-27.94914, 23.64821
-27.94855, 23.64763
-27.94855, 23.64763
-27.94855, 23.64763
-27.94855, 23.64763
-27.94855, 23.64763
-27.94855, 23.64763
-27.94855, 23.64763
-27.94855, 23.64763
-27.94855, 23.64763
-27.94855, 23.64763
-27.94855, 23.64763
-27.94855, 23.64763
-27.94855, 23.64763
-27.94855, 23.64763
-27.94855, 23.64763
-27.94855, 23.64763
-27.94855, 23.64763
-27.94855, 23.64764
-27.94856, 23.64764
-27.94856, 23.64764
-27.94856, 23.64764
-27.94856, 23.64764
-27.94856, 23.64764
-27.94856, 23.64764
-27.94856, 23.64764
-27.94856, 23.64765
-27.94856, 23.64765
-27.94856, 23.64765
-27.94857, 23.64765
-27.94856, 23.64765
-27.94856, 23.64765
-27.94856, 23.64766
-27.94857, 23.64766
-27.94857, 23.64766
-27.94857, 23.64766
-27.94857, 23.64766
-27.94857, 23.64766
-28.00466, 23.65011
-28.10456, 23.6545
-28.20447, 23.65887
-28.30437, 23.66325
-28.40427, 23.66763
-28.50417, 23.67201
-28.60407, 23.67638
-28.70398, 23.68075
-28.80388, 23.68513
-28.90378, 23.68951
-29.00368, 23.69389
-29.10359, 23.69826
-29.20349, 23.70263
-29.30339, 23.70701
-29.40329, 23.71138
-29.50319, 23.71576
-29.60309, 23.72014
-29.703, 23.72451
-29.8029, 23.72888
-29.90281, 23.73325
-30.00271, 23.73763
-30.10262, 23.74201
-30.20252, 23.74639
-30.30236, 23.75076
-30.40216, 23.75512
-30.50205, 23.75947
-30.60195, 23.76382
-30.70184, 23.76817
-30.80174, 23.77253
-30.90164, 23.77688
-31.00153, 23.78124
-31.10143, 23.7856
-31.20132, 23.78996
-31.30122, 23.79432
-31.40112, 23.79869
-31.50101, 23.80305
-31.60091, 23.80739
-31.70081, 23.81176
-31.8007, 23.81612
-31.9006, 23.82049
-32.0005, 23.82485
-32.1004, 23.8292
-32.20031, 23.83356
-32.30021, 23.83793
-32.40012, 23.84228
-32.50003, 23.84665
-32.59993, 23.85103
-32.69984, 23.8554
-32.79975, 23.85977
-32.89965, 23.86415
-32.99955, 23.86851
-33.09946, 23.87287
-33.19937, 23.87724
-33.29927, 23.88161
-33.39918, 23.88598
-33.49909, 23.89035
-33.599, 23.89472
-33.6989, 23.8991
-33.79881, 23.90348
-33.89872, 23.90786
-33.99862, 23.91224
-34.09853, 23.91661
-34.19844, 23.92099
-34.29834, 23.92538
-34.39825, 23.92977
-34.49816, 23.93415
-34.59806, 23.93855
-34.65801, 23.9412
-34.65801, 23.9412
-34.65801, 23.9412
-34.65801, 23.9412
-34.65801, 23.94119
-34.658, 23.94119
-34.658, 23.94119
-34.658, 23.94119
-34.658, 23.94119
-34.658, 23.94119
-34.658, 23.94119
-34.658, 23.94118
-34.65799, 23.94118
-34.65799, 23.94118
-34.65799, 23.94118
-34.65799, 23.94118
-34.65799, 23.94118
-34.65799, 23.94118
-34.65799, 23.94118
-34.65799, 23.94118
-34.65799, 23.94118
-34.65799, 23.94118
-34.65799, 23.94118
-34.71381, 23.94369
-34.81371, 23.94827
-34.89436, 23.95337
-34.99311, 23.96241
-35.09268, 23.97162
-35.19224, 23.98083
-35.29181, 23.99004
-35.39137, 23.99925
-35.49093, 24.00845
-35.5905, 24.01765
-35.69006, 24.02685
-35.78963, 24.03605
-35.88919, 24.04524
-35.98876, 24.05443
-36.08832, 24.06362
-36.18789, 24.07281
-36.28745, 24.08199
-36.38701, 24.09117
-36.48658, 24.10035
-36.58614, 24.10951
-36.68571, 24.11867
-36.78529, 24.12783
-36.88488, 24.13699
-36.98446, 24.14614
-37.08404, 24.1553
-37.18362, 24.16445
-37.2832, 24.17359
-37.38278, 24.18274
-37.48236, 24.19187
-37.58195, 24.20101
-37.68153, 24.21014
-37.78087, 24.21921
-37.88045, 24.22825
-37.98003, 24.2373
-38.07962, 24.24634
-38.1792, 24.25538
-38.27878, 24.26441
-38.37836, 24.27345
-38.47794, 24.28247
-38.57753, 24.29149
-38.6771, 24.3005
-38.77669, 24.30951
-38.87627, 24.3185
-38.97586, 24.32751
-39.07546, 24.33651
-39.17506, 24.3455
-39.27466, 24.3545
-39.37426, 24.36349
-39.47386, 24.37247
-39.57347, 24.38144
-39.67307, 24.39042
-39.77268, 24.39938
-39.87228, 24.40834
-39.97189, 24.41731
-40.07148, 24.42626
-40.17108, 24.43521
-40.27068, 24.44415
-40.37028, 24.45307
-40.46988, 24.46199
-40.56948, 24.47091
-40.66908, 24.47981
-40.76868, 24.48871
-40.86828, 24.4976
-40.96788, 24.50648
-41.06749, 24.51536
-41.16709, 24.52422
-41.26669, 24.53306
-41.3663, 24.5419
-41.4659, 24.55072
-41.54303, 24.55753
-41.54796, 24.55797
-41.54796, 24.55797
-41.54796, 24.55797
-41.54796, 24.55797
-41.54796, 24.55796
-41.54796, 24.55796
-41.54796, 24.55796
-41.54796, 24.55796
-41.54796, 24.55796
-41.54796, 24.55796
-41.54796, 24.55796
-41.54797, 24.55796
-41.54797, 24.55796
-41.54797, 24.55795
-41.54797, 24.55795
-41.54797, 24.55796
-41.54797, 24.55796
-41.54797, 24.55795
-41.54796, 24.55796
-41.54796, 24.55796
-41.54796, 24.55795
-41.54796, 24.55795
-41.54796, 24.55795
-41.57273, 24.56011
-41.66896, 24.56848
-41.76859, 24.57714
-41.86823, 24.58578
-41.96786, 24.59446
-42.06748, 24.60314
-42.16711, 24.61179
-42.24199, 24.61829
-42.2454, 24.61858
-42.2454, 24.61858
-42.2454, 24.61858
-42.2454, 24.61858
-42.2454, 24.61858
-42.2454, 24.61858
-42.25056, 24.60962
-42.29266, 24.53518
-42.34166, 24.44802
-42.39066, 24.36085
-42.43968, 24.27369
-42.48869, 24.18652
-42.53771, 24.09937
-42.58673, 24.01222
-42.63575, 23.92507
-42.68477, 23.83792
-42.7338, 23.75076
-42.78284, 23.66361
-42.8319, 23.57646
-42.88096, 23.48932
-42.93002, 23.40219
-42.97908, 23.31504
-43.02813, 23.22789
-43.07721, 23.14076
-43.12629, 23.05363
-43.17536, 22.96651
-43.22444, 22.87938
-43.27352, 22.79225
-43.32259, 22.70514
-43.37169, 22.61802
-43.42078, 22.5309
-43.46988, 22.44379
-43.51898, 22.35668
-43.56808, 22.26957
-43.6172, 22.18246
-43.66631, 22.09535
-43.71543, 22.00826
-43.76457, 21.92117
-43.81372, 21.83408
-43.86287, 21.74699
-43.91204, 21.65992
-43.9612, 21.57284
-44.01037, 21.48577
-44.05955, 21.3987
-44.10873, 21.31163
-44.15792, 21.22457
-44.20712, 21.13751
-44.25632, 21.05045
-44.30553, 20.96341
-44.35321, 20.87913
-44.36665, 20.85537
-44.36665, 20.85537
-44.36665, 20.85537
-44.36665, 20.85538
-44.36666, 20.85538
-44.36666, 20.85538
-44.36667, 20.85538
-44.36666, 20.85538
-44.36666, 20.85538
-44.36667, 20.85538
-44.36666, 20.85538
-44.36667, 20.85539
-44.36666, 20.85539
-44.36667, 20.85539
-44.36667, 20.85539
-44.36667, 20.85539
-44.36667, 20.85539
-44.36668, 20.85539
-44.36668, 20.85539
-44.36668, 20.85539
-44.36668, 20.85539
-44.36668, 20.85539
-44.36668, 20.85539
-44.36669, 20.85539
-44.3667, 20.85539
-44.37908, 20.83361
-44.42687, 20.74953
-44.47629, 20.6626
-44.52571, 20.57566
-44.57513, 20.48873
-44.62456, 20.40179
-44.67398, 20.31486
-44.7234, 20.22792
-44.77282, 20.14098
-44.82228, 20.05406
-44.87192, 19.96727
-44.92153, 19.88046
-44.97111, 19.79362
-45.02064, 19.70674
-45.07008, 19.61982
-45.11942, 19.53284
-45.15634, 19.46747
-45.158, 19.46452
-45.158, 19.46452
-45.158, 19.46452
-45.158, 19.46452
-45.158, 19.46452
-45.158, 19.46452
-45.158, 19.46452
-45.158, 19.46452
-45.158, 19.46452
-45.158, 19.46452
-45.158, 19.46452
-45.158, 19.46452
-45.158, 19.46452
-45.158, 19.46452
-45.158, 19.46452
-45.158, 19.46452
-45.158, 19.46452
-45.15717, 19.46759
-45.13792, 19.53769
-45.11123, 19.63406
-45.08455, 19.73043
-45.05788, 19.82681
-45.03124, 19.92319
-45.0046, 20.01957
-44.97797, 20.11596
-44.95136, 20.21235
-44.92476, 20.30875
-44.89817, 20.40515
-44.8716, 20.50156
-44.84507, 20.59797
-44.81854, 20.69439
-44.79203, 20.79081
-44.76556, 20.88724
-44.73912, 20.98368
-44.71271, 21.08013
-44.68635, 21.17659
-44.66003, 21.27307
-44.6338, 21.36957
-44.61393, 21.44292
-44.61288, 21.44678
-44.61288, 21.44679
-44.61288, 21.44679
-44.61288, 21.44679
-44.61289, 21.44679
-44.61288, 21.44679
-44.61288, 21.44679
-44.61288, 21.44679
-44.61288, 21.44679
-44.61288, 21.44679
-44.61288, 21.44679
-44.61288, 21.44679
-44.61288, 21.44679
-44.61288, 21.44679
-44.61288, 21.44679
-44.61288, 21.44679
-44.61288, 21.44679
-44.61288, 21.44679
-44.61287, 21.44679
-44.61288, 21.4468
-44.61287, 21.4468
-44.61287, 21.4468
-44.61016, 21.45679
-44.59756, 21.50396
-44.59734, 21.50476
-44.59734, 21.50476
-44.59734, 21.50476
-44.59734, 21.50476
-44.59734, 21.50476
-44.59734, 21.50476
-44.63781, 21.54329
-44.7103, 21.61219
-44.78279, 21.68107
-44.85528, 21.74994
-44.92775, 21.81883
-45.00023, 21.88772
-45.07271, 21.95662
-45.14519, 22.02552
-45.21766, 22.09442
-45.29014, 22.16333
-45.36262, 22.23223
-45.4085, 22.27585
-45.4091, 22.27642
-45.4091, 22.27642
-45.4091, 22.27642
-45.4091, 22.27642
-45.4091, 22.27642
-45.4091, 22.27642
-45.4091, 22.27642
-45.4091, 22.27642
-45.4091, 22.27642
-45.4091, 22.27642
-45.4091, 22.27642
-45.4091, 22.27642
-45.4091, 22.27642
-45.4091, 22.27642
-45.4091, 22.27642
-45.40909, 22.27642
-45.40909, 22.27642
-45.40909, 22.27642
-45.40909, 22.27642
-45.40909, 22.27642
-45.40909, 22.27642
-45.40909, 22.27642
-45.40909, 22.27642
-45.40909, 22.27642
-45.40909, 22.27641
-45.4091, 22.27641
-45.4091, 22.27641
-45.4091, 22.27641
-45.4091, 22.27641
-45.4091, 22.27641
-45.4091, 22.27641
-45.4091, 22.27641
-45.4091, 22.27641
-45.4091, 22.27641
-45.4091, 22.27641
-45.4091, 22.27641
-45.41651, 22.28363
-45.47831, 22.34275
-45.55076, 22.41169
-45.62321, 22.48063
-45.69566, 22.54958
-45.7681, 22.61853
-45.84055, 22.68748
-45.91299, 22.75644
-45.98544, 22.82539
-46.05785, 22.89436
-46.13026, 22.96332
-46.20266, 23.03229
-46.27507, 23.10127
-46.34748, 23.17024
-46.41988, 23.23921
-46.49228, 23.3082
-46.56467, 23.37719
-46.63706, 23.44618
-46.70945, 23.51519
-46.78184, 23.58419
-46.85423, 23.65319
-46.92659, 23.7222
-46.99895, 23.79122
-47.07132, 23.86024
-47.14368, 23.92928
-47.21603, 23.99831
-47.28837, 24.06736
-47.36071, 24.13641
-47.43304, 24.20547
-47.50535, 24.27453
-47.57766, 24.34361
-47.64996, 24.41269
-47.72224, 24.48179
-47.79453, 24.5509
-47.86679, 24.62002
-47.93905, 24.68916
-48.01129, 24.75832
-48.08351, 24.82749
-48.15571, 24.89669
-48.22789, 24.96591
-48.30004, 25.03516
-48.37212, 25.10446
-48.44414, 25.17384
-48.47588, 25.20449
-48.47588, 25.20449
-48.47711, 25.20772
-48.50282, 25.27692
-48.53742, 25.37075
-48.57205, 25.46456
-48.60668, 25.55838
-48.6413, 25.6522
-48.67591, 25.74602
-48.71054, 25.83983
-48.74516, 25.93365
-48.77978, 26.02747
-48.8144, 26.12129
-48.84903, 26.2151
-48.88364, 26.30892
-48.91826, 26.40274
-48.95288, 26.49656
-48.98751, 26.59037
-49.02213, 26.68419
-49.05674, 26.77801
-49.09137, 26.87182
-49.126, 26.96564
-49.16061, 27.05946
-49.19522, 27.15328
-49.22567, 27.23584
-49.22983, 27.2471
-49.22982, 27.2471
-49.22983, 27.24711
-49.22984, 27.24711
-49.22984, 27.24711
-49.22983, 27.24711
-49.22984, 27.24711
-49.22984, 27.24711
-49.22984, 27.24711
-49.22984, 27.24711
-49.22984, 27.24711
-49.22984, 27.24711
-49.22983, 27.24711
-49.22983, 27.24711
-49.22983, 27.24711
-49.22983, 27.2471
-49.22983, 27.2471
-49.22982, 27.2471
-49.22982, 27.2471
-49.22982, 27.2471
-49.22982, 27.2471
-49.22983, 27.2471
-49.22983, 27.24711
-49.22983, 27.24711
-49.22983, 27.24711
-49.22983, 27.24711
-49.22983, 27.24711
-49.22983, 27.24711
-49.23093, 27.25009
-49.25601, 27.31836
-49.29042, 27.41224
-49.32483, 27.50611
-49.35924, 27.6
-49.39367, 27.69388
-49.42823, 27.78772
-49.46301, 27.88147
-49.4978, 27.97521
-49.53257, 28.06896
-49.56735, 28.16271
-49.60212, 28.25646
-49.63689, 28.35022
-49.67166, 28.44397
-49.70643, 28.53772
-49.74118, 28.63148
-49.77593, 28.72523
-49.81069, 28.81899
-49.84544, 28.91276
-49.88018, 29.00654
-49.90658, 29.07781
-49.90797, 29.08156
-49.90797, 29.08156
-49.90797, 29.08156
-49.90797, 29.08156
-49.90798, 29.08156
-49.90798, 29.08156
-49.90798, 29.08156
-49.90798, 29.08156
-49.90798, 29.08156
-49.90799, 29.08156
-49.90799, 29.08155
-49.90798, 29.08155
-49.90798, 29.08155
-49.90798, 29.08155
-49.90798, 29.08155
-49.90799, 29.08155
-49.90799, 29.08155
-49.90799, 29.08155
-49.90799, 29.08155
-49.908, 29.08155
-49.908, 29.08155
-49.908, 29.08155
-49.908, 29.08155
-49.908, 29.08154
-49.908, 29.08154
-49.908, 29.08154
-49.908, 29.08154
-49.90801, 29.08154
-49.90801, 29.08154
-49.908, 29.08154
-49.908, 29.08154
-49.908, 29.08154
-49.908, 29.08154
-49.908, 29.08154
-49.908, 29.08154
-49.908, 29.08154
-49.908, 29.08153
-49.92083, 29.11639
-49.95514, 29.20956
-49.9897, 29.30341
-50.02426, 29.39725
-50.05883, 29.49109
-50.0934, 29.58493
-50.12796, 29.67877
-50.16253, 29.77261
-50.19709, 29.86645
-50.23166, 29.96029
-50.26622, 30.05413
-50.30079, 30.14797
-50.33534, 30.24181
-50.36991, 30.33565
-50.40449, 30.42949
-50.43905, 30.52333
-50.47361, 30.61718
-50.5082, 30.71101
-50.54279, 30.80485
-50.57737, 30.89868
-50.61195, 30.99252
-50.64651, 31.08636
-50.68107, 31.1802
-50.71567, 31.27403
-50.75024, 31.36787
-50.78481, 31.46171
-50.81938, 31.55555
-50.85398, 31.64938
-50.88857, 31.74322
-50.92315, 31.83706
-50.95769, 31.93105
-50.99212, 32.02494
-51.02666, 32.11878
-51.04195, 32.16018
-51.04195, 32.16018
-51.04195, 32.16018
-51.04195, 32.16018
-51.04195, 32.16018
-51.04195, 32.16018
-51.04195, 32.16018
-51.04195, 32.16018
-51.04195, 32.16018
-51.04195, 32.16018
-51.04195, 32.16018
-51.05044, 32.15427
-51.12038, 32.10506
-51.2021, 32.04742
-51.28381, 31.98977
-51.36552, 31.9321
-51.44723, 31.87444
-51.52893, 31.81678
-51.61062, 31.75911
-51.69231, 31.70144
-51.77401, 31.64375
-51.85569, 31.58606
-51.93737, 31.52836
-52.01903, 31.47066
-52.10069, 31.41294
-52.18234, 31.35521
-52.26398, 31.29746
-52.34562, 31.23971
-52.42725, 31.18195
-52.50889, 31.12418
-52.5905, 31.06641
-52.67212, 31.00862
-52.75373, 30.95082
-52.83533, 30.89301
-52.91692, 30.83518
-52.99848, 30.77733
-53.08002, 30.71946
-53.16156, 30.66158
-53.24308, 30.60368
-53.32458, 30.54573
-53.40607, 30.48776
-53.48752, 30.42974
-53.56892, 30.37167
-53.63075, 30.32747
-53.63401, 30.32514
-53.63401, 30.32514
-53.63401, 30.32514
-53.63401, 30.32514
-53.63401, 30.32515
-53.63401, 30.32515
-53.63401, 30.32515
-53.63401, 30.32515
-53.63402, 30.32516
-53.63403, 30.32516
-53.63403, 30.32516
-53.63403, 30.32516
-53.63403, 30.32516
-53.63403, 30.32516
-53.63402, 30.32516
-53.63402, 30.32516
-53.63402, 30.32516
-53.63402, 30.32516
-53.63402, 30.32516
-53.63402, 30.32517
-53.63402, 30.32516
-53.63402, 30.32516
-53.6424, 30.3191
-53.69427, 30.28161
-53.69885, 30.27831
-53.69885, 30.27831
-53.69885, 30.27831
-53.69885, 30.27831
-53.69885, 30.27831
-53.69885, 30.27831
-53.69885, 30.27831
-53.72895, 30.2993
-53.80992, 30.35658
-53.8915, 30.41441
-53.97309, 30.47224
-54.05468, 30.53007
-54.13628, 30.58791
-54.21788, 30.64574
-54.29948, 30.70357
-54.38107, 30.76139
-54.46267, 30.81921
-54.54426, 30.87704
-54.62586, 30.93487
-54.70747, 30.99269
-54.78905, 31.05052
-54.87065, 31.10833
-54.95225, 31.16615
-55.03385, 31.22397
-55.11218, 31.27947
-55.13176, 31.29335
-55.13176, 31.29335
-55.13177, 31.29335
-55.13176, 31.29335
-55.13176, 31.29335
-55.13176, 31.29335
-55.13177, 31.29335
-55.13176, 31.29335
-55.13176, 31.29335
-55.13176, 31.29335
-55.13176, 31.29335
-55.13176, 31.29335
-55.13176, 31.29335
-55.13176, 31.29335
-55.13176, 31.29335
-55.13177, 31.29335
-55.13177, 31.29335
-55.13177, 31.29335
-55.13177, 31.29335
-55.13177, 31.29335
-55.13177, 31.29335
-55.13177, 31.29335
-55.13177, 31.29335
-55.13177, 31.29335
-55.13177, 31.29336
-55.13177, 31.29336
-55.13177, 31.29336
-55.13177, 31.29336
-55.13177, 31.29336
-55.13177, 31.29336
-55.13177, 31.29336
-55.13177, 31.29336
-55.13177, 31.29336
-55.17858, 31.32648
-55.2602, 31.38425
-55.34182, 31.44203
-55.42344, 31.49979
-55.50505, 31.55757
-55.58668, 31.61534
-55.6683, 31.67311
-55.74992, 31.73089
-55.83157, 31.78865
-55.91319, 31.84642
-55.99482, 31.90418
-56.07647, 31.96194
-56.15809, 32.0197
-56.23974, 32.07747
-56.32136, 32.13524
-56.40298, 32.19302
-56.48462, 32.25079
-56.56624, 32.30856
-56.64789, 32.36631
-56.72953, 32.42407
-56.81117, 32.48182
-56.89282, 32.53957
-56.97446, 32.59734
-57.05611, 32.6551
-57.13777, 32.71284
-57.2194, 32.77059
-57.30106, 32.82833
-57.38274, 32.88605
-57.4555, 32.93745
-57.46661, 32.94529
-57.46661, 32.94529
-57.46661, 32.94529
-57.46661, 32.94529
-57.46661, 32.94529
-57.46661, 32.94529
-57.46661, 32.94529
-57.46661, 32.94529
-57.46661, 32.94529
-57.46661, 32.94529
-57.46661, 32.94529
-57.46661, 32.94529
-57.46661, 32.94529
-57.46661, 32.94529
-57.46661, 32.94529
-57.41104, 32.95124
-57.31158, 32.96176
-57.21214, 32.97227
-57.11268, 32.9828
-57.01323, 32.99333
-56.91384, 33.00386
-56.81441, 33.01448
-56.71492, 33.02511
-56.6155, 33.03574
-56.51606, 33.04636
-56.41663, 33.05699
-56.31719, 33.06762
-56.21775, 33.07825
-56.11832, 33.08889
-56.01889, 33.09953
-55.91946, 33.11015
-55.82003, 33.12079
-55.72059, 33.13145
-55.62115, 33.14209
-55.52172, 33.15274
-55.42228, 33.16339
-55.32284, 33.17406
-55.22341, 33.18473
-55.12397, 33.19539
-55.02454, 33.20606
-54.9251, 33.21673
-54.82567, 33.22741
-54.72623, 33.23811
-54.68645, 33.24238
-54.68645, 33.24238
-54.68645, 33.24238
-54.68645, 33.24238
-54.68645, 33.24237
-54.68645, 33.24238
-54.68646, 33.24238
-54.68647, 33.24238
-54.68647, 33.24238
-54.68648, 33.24237
-54.68649, 33.24237
-54.68649, 33.24237
-54.68649, 33.24237
-54.68649, 33.24236
-54.68649, 33.24236
-54.68649, 33.24236
-54.68649, 33.24236
-54.68649, 33.24236
-54.68649, 33.24236
-54.68649, 33.24236
-54.68649, 33.24236
-54.68649, 33.24236
-54.68649, 33.24236
-54.68649, 33.24236
-54.68649, 33.24236
-54.68649, 33.24236
-54.64994, 33.24634
-54.55132, 33.25708
-54.45189, 33.26792
-54.35246, 33.27875
-54.25303, 33.28959
-54.15359, 33.30042
-54.05417, 33.31125
-53.95474, 33.32209
-53.85531, 33.33292
-53.75588, 33.34374
-53.65645, 33.35455
-53.55702, 33.36536
-53.45759, 33.37619
-53.35815, 33.38703
-53.25873, 33.39786
-53.1593, 33.4087
-53.05986, 33.41953
-52.96044, 33.43035
-52.86101, 33.44115
-52.76158, 33.45197
-52.66215, 33.4628
-52.56271, 33.47364
-52.46329, 33.48447
-52.36386, 33.49529
-52.26443, 33.50609
-52.22063, 33.51085
-52.22063, 33.51085
-52.22063, 33.51085
-52.22063, 33.51085
-52.22063, 33.51085
-52.22063, 33.51085
-52.22063, 33.51085
-52.21988, 33.51394
-52.20292, 33.58462
-52.1796, 33.68186
-52.15626, 33.7791
-52.13294, 33.87634
-52.10962, 33.97357
-52.0863, 34.07081
-52.063, 34.16805
-52.03969, 34.26528
-52.01638, 34.36251
-51.99306, 34.45975
-51.96976, 34.55699
-51.94646, 34.65422
-51.92316, 34.75146
-51.89986, 34.84872
-51.87658, 34.94597
-51.85329, 35.04322
-51.83, 35.14048
-51.80671, 35.23773
-51.78344, 35.33499
-51.76016, 35.43224
-51.73689, 35.5295
-51.71362, 35.62676
-51.69036, 35.72402
-51.66711, 35.82128
-51.64387, 35.91854
-51.62064, 36.01579
-51.5974, 36.11304
-51.57418, 36.2103
-51.55096, 36.30755
-51.52775, 36.4048
-51.50454, 36.50206
-51.48133, 36.59932
-51.45813, 36.69658
-51.43494, 36.79385
-51.41175, 36.89112
-51.39355, 36.96746
-51.39223, 36.97296
-51.39223, 36.97296
-51.39223, 36.97296
-51.39223, 36.97296
-51.39223, 36.97296
-51.39223, 36.97296
-51.39223, 36.97296
-51.39223, 36.97296
-51.39223, 36.97296
-51.39224, 36.97296
-51.39224, 36.97296
-51.39223, 36.97296
-51.39223, 36.97296
-51.39223, 36.97296
-51.39223, 36.97296
-51.39224, 36.97296
-51.39223, 36.97296
-51.39223, 36.97296
-51.39223, 36.97296
-51.39223, 36.97296
-51.39223, 36.97296
-51.39223, 36.97296
-51.39223, 36.97296
-51.39223, 36.97296
-51.39223, 36.97296
-51.39223, 36.97296
-51.39223, 36.97296
-51.39223, 36.97296
-51.38677, 36.99609
-51.36477, 37.08938
-51.3418, 37.18671
-51.31884, 37.28405
-51.29587, 37.38137
-51.27289, 37.4787
-51.24993, 37.57604
-51.22697, 37.67337
-51.204, 37.7707
-51.18103, 37.86803
-51.15806, 37.96537
-51.13509, 38.0627
-51.11212, 38.16003
-51.08915, 38.25736
-51.06618, 38.35469
-51.04322, 38.45203
-51.02024, 38.54936
-50.99728, 38.64669
-50.9743, 38.74402
-50.95134, 38.84136
-50.92836, 38.93868
-50.90538, 39.03601
-50.8824, 39.13335
-50.85941, 39.23068
-50.83643, 39.32801
-50.81345, 39.42535
-50.79047, 39.52268
-50.7675, 39.62002
-50.74451, 39.71735
-50.72424, 39.80314
-50.72142, 39.81504
-50.72142, 39.81504
-50.72142, 39.81504
-50.72142, 39.81504
-50.72142, 39.81504
-50.72142, 39.81504
-50.72142, 39.81504
-50.72142, 39.81504
-50.66557, 39.81643
-50.56557, 39.81878
-50.46559, 39.82113
-50.3656, 39.82347
-50.26562, 39.82583
-50.16563, 39.8282
-50.06564, 39.83058
-49.96564, 39.83296
-49.86565, 39.83534
-49.76566, 39.83772
-49.66567, 39.84011
-49.56567, 39.84251
-49.46569, 39.84492
-49.36569, 39.84732
-49.2657, 39.84972
-49.16571, 39.85213
-49.06572, 39.85454
-48.96572, 39.85696
-48.86573, 39.85938
-48.76575, 39.8618
-48.66575, 39.86422
-48.56575, 39.86667
-48.46576, 39.86912
-48.36577, 39.87159
-48.26579, 39.87404
-48.1658, 39.87651
-48.06583, 39.87899
-47.96584, 39.88147
-47.86586, 39.88395
-47.76586, 39.88644
-47.66587, 39.88894
-47.5659, 39.89144
-47.46592, 39.89394
-47.36595, 39.89645
-47.26597, 39.89897
-47.16599, 39.90149
-47.066, 39.90403
-46.96601, 39.90658
-46.86604, 39.90914
-46.78757, 39.91116
-46.78192, 39.91131
-46.78192, 39.9113
-46.78192, 39.9113
-46.78192, 39.9113
-46.78192, 39.9113
-46.78192, 39.9113
-46.78193, 39.9113
-46.78193, 39.9113
-46.78194, 39.9113
-46.78194, 39.9113
-46.78194, 39.91129
-46.78194, 39.91129
-46.78194, 39.91129
-46.78194, 39.91129
-46.78194, 39.91129
-46.78195, 39.9113
-46.78194, 39.9113
-46.78195, 39.91129
-46.78195, 39.9113
-46.78195, 39.9113
-46.78195, 39.91131
-46.78195, 39.91131
-46.78196, 39.91132
-46.78196, 39.91132
-46.78196, 39.91132
-46.78196, 39.91132
-46.78196, 39.91132
-46.78196, 39.91132
-46.78196, 39.91132
-46.78196, 39.91132
-46.78196, 39.91132
-46.78196, 39.91132
-46.78196, 39.91132
-46.78196, 39.91132
-46.78196, 39.91132
-46.78196, 39.91132
-46.78196, 39.91132
-46.78196, 39.91132
-46.78196, 39.91132
-46.72111, 39.91301
-46.62115, 39.91581
-46.52118, 39.91859
-46.42122, 39.92136
-46.32125, 39.92414
-46.22129, 39.92693
-46.12133, 39.9297
-46.02136, 39.93248
-45.9214, 39.93526
-45.82143, 39.93804
-45.72147, 39.9408
-45.62151, 39.94358
-45.52154, 39.94636
-45.42158, 39.94913
-45.32161, 39.9519
-45.22165, 39.95469
-45.12169, 39.95747
-45.02172, 39.96021
-44.92176, 39.96296
-44.8218, 39.96571
-44.78267, 39.96677
-44.78267, 39.96677
-44.78267, 39.96677
-44.78267, 39.96677
-44.78267, 39.96677
-44.78267, 39.96677
-44.78267, 39.96677
-44.78267, 39.96677
-44.78267, 39.96677
-44.78267, 39.96677
-44.78267, 39.96677
-44.78267, 39.96677
-44.78267, 39.96677
-44.78267, 39.96677
-44.78267, 39.96677
-44.78267, 39.96677
-44.78267, 39.96677
-44.79221, 39.96275
-44.87122, 39.93001
-44.96367, 39.89186
-45.05612, 39.85375
-45.14858, 39.81564
-45.24102, 39.77753
-45.33347, 39.73943
-45.42592, 39.70134
-45.51837, 39.66325
-45.61082, 39.62516
-45.70329, 39.58709
-45.79576, 39.54902
-45.88823, 39.51095
-45.98071, 39.47289
-46.07317, 39.43484
-46.16564, 39.3968
-46.25812, 39.35879
-46.35063, 39.32078
-46.40614, 39.29797
-46.40613, 39.29797
-46.40613, 39.29797
-46.40613, 39.29797
-46.40613, 39.29797
-46.40613, 39.29797
-46.40613, 39.29797
-46.40612, 39.29797
-46.40613, 39.29797
-46.40613, 39.29797
-46.40613, 39.29797
-46.40613, 39.29797
-46.40612, 39.29797
-46.40612, 39.29796
-46.40612, 39.29797
-46.40612, 39.29797
-46.40612, 39.29796
-46.40613, 39.29796
-46.40613, 39.29797
-46.40613, 39.29797
-46.40613, 39.29797
-46.40613, 39.29797
-46.40613, 39.29797
-46.40613, 39.29797
-46.40994, 39.29644
-46.48073, 39.26764
-46.57331, 39.22982
-46.66587, 39.19202
-46.75845, 39.15422
-46.85101, 39.11641
-46.94358, 39.07859
-47.03614, 39.04077
-47.12872, 39.00297
-47.22127, 38.96515
-47.31383, 38.92733
-47.4064, 38.88952
-47.49897, 38.85172
-47.59156, 38.81393
-47.68412, 38.7761
-47.77674, 38.7382
-47.8694, 38.70016
-47.96198, 38.66226
-48.01522, 38.64059
-48.01463, 38.64083
-48.01463, 38.64083
-48.01463, 38.64083
-48.01463, 38.64083
-48.01463, 38.64083
-48.01463, 38.64083
-48.01463, 38.64083
-48.01463, 38.64083
-48.01463, 38.64083
-48.02245, 38.66185
-48.05552, 38.75085
-48.09033, 38.84459
-48.12514, 38.93833
-48.15995, 39.03206
-48.19476, 39.1258
-48.22958, 39.21952
-48.26441, 39.31325
-48.29923, 39.40697
-48.33405, 39.5007
-48.36887, 39.59443
-48.40369, 39.68815
-48.43853, 39.78188
-48.47337, 39.87561
-48.50821, 39.96933
-48.54304, 40.06306
-48.57789, 40.15679
-48.61274, 40.25051
-48.6476, 40.34424
-48.68245, 40.43797
-48.71732, 40.53168
-48.75218, 40.62539
-48.78706, 40.7191
-48.82193, 40.81281
-48.85682, 40.90652
-48.8917, 41.00023
-48.92663, 41.09394
-48.96156, 41.18764
-48.99651, 41.28134
-49.03146, 41.37503
-49.06501, 41.46497
-49.0734, 41.48746
-49.07341, 41.48746
-49.07341, 41.48746
-49.07341, 41.48745
-49.0734, 41.48746
-49.0734, 41.48745
-49.0734, 41.48745
-49.0734, 41.48745
-49.0734, 41.48745
-49.0734, 41.48745
-49.07339, 41.48745
-49.07339, 41.48745
-49.07339, 41.48745
-49.07339, 41.48745
-49.07338, 41.48745
-49.07339, 41.48744
-49.07339, 41.48744
-49.07338, 41.48744
-49.07338, 41.48744
-49.07338, 41.48744
-49.07338, 41.48743
-49.07338, 41.48743
-49.07338, 41.48743
-49.07338, 41.48743
-49.07338, 41.48743
-49.07338, 41.48743
-49.07338, 41.48743
-49.07338, 41.48743
-49.08142, 41.50906
-49.11485, 41.59839
-49.14992, 41.69203
-49.18501, 41.78568
-49.21878, 41.87587
-49.22763, 41.89951
-49.22763, 41.89951
-49.22763, 41.89951
-49.22763, 41.89951
-49.25939, 41.91792
-49.34526, 41.96757
-49.4291, 42.01603
-49.45274, 42.02969
-49.45274, 42.02969
-49.45274, 42.02969
-49.45274, 42.02969
-49.45273, 42.02969
-49.45273, 42.02969
-49.45272, 42.02968
-49.45272, 42.02969
-49.45272, 42.02969
-49.45272, 42.0297
-49.45272, 42.0297
-49.45272, 42.0297
-49.45272, 42.02971
-49.45272, 42.0297
-49.45272, 42.0297
-49.45272, 42.0297
-49.45273, 42.0297
-49.45274, 42.02971
-49.45274, 42.02971
-49.45274, 42.02971
-49.45274, 42.02972
-49.45274, 42.02972
-49.45274, 42.02972
-49.45274, 42.02972
-49.45274, 42.02972
-49.45274, 42.02972
-49.45274, 42.02972
-49.45274, 42.02972
-49.45274, 42.02972
-49.45274, 42.02972
-49.45274, 42.02972
-49.45274, 42.02972
-49.45274, 42.02972
-49.45274, 42.02972
-49.45274, 42.02972
-49.45274, 42.02972
-49.45274, 42.02972
-49.45274, 42.02972
-49.45274, 42.02972
-49.45274, 42.02972
-49.48523, 42.04864
-49.57118, 42.09857
-49.65767, 42.14878
-49.74415, 42.19899
-49.83063, 42.24921
-49.91711, 42.29943
-50.00359, 42.34964
-50.09007, 42.39985
-50.17655, 42.45007
-50.26303, 42.50029
-50.34951, 42.55051
-50.43599, 42.60072
-50.52247, 42.65094
-50.60895, 42.70116
-50.69543, 42.75138
-50.78191, 42.80161
-50.86839, 42.85182
-50.95487, 42.90204
-51.04136, 42.95226
-51.12783, 43.00248
-51.21431, 43.05269
-51.30079, 43.10291
-51.38728, 43.15313
-51.47375, 43.20335
-51.56023, 43.25357
-51.64672, 43.30378
-51.7332, 43.354
-51.81968, 43.40422
-51.90615, 43.45444
-51.99263, 43.50466
-52.07911, 43.55488
-52.16559, 43.6051
-52.25207, 43.65532
-52.33855, 43.70552
-52.42502, 43.75574
-52.51149, 43.80596
-52.59797, 43.85616
-52.68444, 43.90638
-52.77092, 43.9566
-52.8574, 44.00682
-52.94387, 44.05704
-53.03035, 44.10726
-53.06754, 44.12886
-53.0952, 44.15296
-53.16985, 44.21827
-53.24509, 44.28414
-53.32034, 44.35002
-53.39558, 44.4159
-53.47083, 44.48177
-53.54607, 44.54763
-53.62132, 44.61347
-53.69656, 44.67931
-53.77181, 44.74516
-53.84706, 44.811
-53.92233, 44.87684
-53.99758, 44.94268
-54.07285, 45.00851
-54.14812, 45.07433
-54.22338, 45.14016
-54.29865, 45.20598
-54.37393, 45.27181
-54.44923, 45.33763
-54.52454, 45.40344
-54.59984, 45.46925
-54.67515, 45.53505
-54.75045, 45.60085
-54.80954, 45.6525
-54.81379, 45.65621
-54.81379, 45.65621
-54.81379, 45.65621
-54.8138, 45.65621
-54.8138, 45.65621
-54.8138, 45.65621
-54.8138, 45.65621
-54.8138, 45.65621
-54.81379, 45.65621
-54.81379, 45.65621
-54.81379, 45.65621
-54.81379, 45.65622
-54.81379, 45.65622
-54.81379, 45.65622
-54.81379, 45.65622
-54.81379, 45.65622
-54.81379, 45.65622
-54.81379, 45.65622
-54.81378, 45.65622
-54.81379, 45.65622
-54.81379, 45.65622
-54.81379, 45.65622
-54.81379, 45.65622
-54.81379, 45.65622
-54.81379, 45.65622
-54.81379, 45.65622
-54.81379, 45.65622
-54.81379, 45.65622
-54.81379, 45.65622
-54.81379, 45.65622
-54.81379, 45.65622
-54.81379, 45.65622
-54.81379, 45.65622
-54.81379, 45.65622
-54.81379, 45.65622
-54.83052, 45.67078
-54.90205, 45.73301
-54.9775, 45.79865
-55.05294, 45.86431
-55.12837, 45.92997
-55.20381, 45.99562
-55.27924, 46.06127
-55.35468, 46.12691
-55.43012, 46.19257
-55.50558, 46.25821
-55.58104, 46.32384
-55.65649, 46.38948
-55.73195, 46.45512
-55.80738, 46.52077
-55.88284, 46.58641
-55.95831, 46.65205
-56.03377, 46.71767
-56.10923, 46.7833
-56.18469, 46.84894
-56.26015, 46.91457
-56.33561, 46.98022
-56.41107, 47.04584
-56.48652, 47.11149
-56.56196, 47.17715
-56.63741, 47.24278
-56.71288, 47.30841
-56.78834, 47.37405
-56.8638, 47.43969
-56.93926, 47.50533
-57.01472, 47.57096
-57.09024, 47.63662
-57.16581, 47.70248
-57.24117, 47.7682
-57.30041, 47.81966
-57.30468, 47.82336
-57.30468, 47.82336
-57.30468, 47.82336
-57.30468, 47.82336
-57.30468, 47.82336
-57.30468, 47.82336
-57.30468, 47.82336
-57.30468, 47.82336
-57.30468, 47.82336
-57.30468, 47.82336
-57.30468, 47.82336
-57.30468, 47.82336
-57.30468, 47.82336
-57.30468, 47.82336
-57.30468, 47.82336
-57.30369, 47.82008
-57.28227, 47.74953
-57.25303, 47.65391
-57.22379, 47.55829
-57.19454, 47.46266
-57.16531, 47.36703
-57.13609, 47.2714
-57.10688, 47.17576
-57.07768, 47.08013
-57.04847, 46.98451
-57.01928, 46.88887
-56.99007, 46.79324
-56.9609, 46.69759
-56.93171, 46.60195
-56.90255, 46.50629
-56.87338, 46.41064
-56.84422, 46.31499
-56.81506, 46.21934
-56.78591, 46.12371
-56.75679, 46.02805
-56.72766, 45.93239
-56.70554, 45.85969
-56.70436, 45.85586
-56.70436, 45.85586
-56.70436, 45.85585
-56.70436, 45.85585
-56.70435, 45.85585
-56.70435, 45.85586
-56.70435, 45.85586
-56.70436, 45.85586
-56.70436, 45.85585
-56.70436, 45.85585
-56.70437, 45.85585
-56.70437, 45.85585
-56.70437, 45.85585
-56.70438, 45.85585
-56.70438, 45.85585
-56.70438, 45.85585
-56.70438, 45.85585
-56.70438, 45.85585
-56.70438, 45.85585
-56.70438, 45.85585
-56.70438, 45.85585
-56.70438, 45.85585
-56.69777, 45.83404
-56.67017, 45.74293
-56.64118, 45.64722
-56.61219, 45.55152
-56.58322, 45.45581
-56.55422, 45.36012
-56.52522, 45.26442
-56.49625, 45.1687
-56.46725, 45.07301
-56.43825, 44.9773
-56.4204, 44.91833
-56.42028, 44.91794
-56.42028, 44.91794
-56.42028, 44.91794
-56.42028, 44.91794
-56.42028, 44.91794
-56.42028, 44.91794
-56.42028, 44.91794
-56.45012, 44.89658
-56.5307, 44.83876
-56.61193, 44.78043
-56.69317, 44.72211
-56.7744, 44.6638
-56.85564, 44.6055
-56.93689, 44.54719
-57.01815, 44.48888
-57.0994, 44.43057
-57.18065, 44.37226
-57.26191, 44.31396
-57.34316, 44.25568
-57.42441, 44.19741
-57.50566, 44.13912
-57.58691, 44.08085
-57.66817, 44.02257
-57.74945, 43.9643
-57.83072, 43.90604
-57.91199, 43.8478
-57.99326, 43.78954
-58.07454, 43.73129
-58.15581, 43.67305
-58.23708, 43.61481
-58.31839, 43.55658
-58.39971, 43.49835
-58.48102, 43.44011
-58.56232, 43.38187
-58.64364, 43.32365
-58.72495, 43.26544
-58.80628, 43.20723
-58.8876, 43.14901
-58.96894, 43.09082
-59.05026, 43.03265
-59.13158, 42.97448
-59.16747, 42.9488
-59.16747, 42.9488
-59.16747, 42.94881
-59.16747, 42.94881
-59.16747, 42.94881
-59.16747, 42.94881
-59.16747, 42.94881
-59.16747, 42.9488
-59.16747, 42.94881
-59.16747, 42.9488
-59.16747, 42.94881
-59.16747, 42.94881
-59.16747, 42.94881
-59.16747, 42.94881
-59.16747, 42.94881
-59.16747, 42.94881
-59.16747, 42.94881
-59.16747, 42.94881
-59.16747, 42.94881
-59.16747, 42.9488
-59.16747, 42.9488
-59.16747, 42.9488
-59.16747, 42.9488
-59.16747, 42.9488
-59.1782, 42.94117
-59.25132, 42.88912
-59.3328, 42.83112
-59.41426, 42.77312
-59.49573, 42.71512
-59.57719, 42.65712
-59.65867, 42.59913
-59.74015, 42.54114
-59.82161, 42.48314
-59.90308, 42.42514
-59.98455, 42.36714
-60.06602, 42.30914
-60.14747, 42.25114
-60.22893, 42.19316
-60.31038, 42.13515
-60.39185, 42.07717
-60.47332, 42.01917
-60.55476, 41.96117
-60.63621, 41.90317
-60.71766, 41.84515
-60.79912, 41.78716
-60.88058, 41.72918
-60.96206, 41.6712
-61.0328, 41.62083
-61.04115, 41.61488
-61.04115, 41.61488
-61.04115, 41.61488
-61.04115, 41.61488
-61.04115, 41.61488
-61.04115, 41.61488
-61.04115, 41.61488
-61.04115, 41.61488
-61.06819, 41.6397
-61.14079, 41.70727
-61.21392, 41.77548
-61.28706, 41.8437
-61.36019, 41.9119
-61.43331, 41.98011
-61.50645, 42.04832
-61.57993, 42.11683
-61.65308, 42.18502
-61.72623, 42.25322
-61.79939, 42.32141
-61.87255, 42.38961
-61.94572, 42.4578
-62.01888, 42.52599
-62.09206, 42.59418
-62.16523, 42.66238
-62.2384, 42.73057
-62.31156, 42.79874
-62.38473, 42.86693
-62.4579, 42.93511
-62.51351, 42.98692
-62.51644, 42.98965
-62.51644, 42.98965
-62.51644, 42.98965
-62.51644, 42.98965
-62.51644, 42.98965
-62.51644, 42.98965
-62.51645, 42.98966
-62.51645, 42.98965
-62.51646, 42.98965
-62.51646, 42.98966
-62.51645, 42.98965
-62.51645, 42.98966
-62.51644, 42.98965
-62.51644, 42.98966
-62.51644, 42.98966
-62.51643, 42.98966
-62.51644, 42.98966
-62.51644, 42.98965
-62.51644, 42.98965
-62.51643, 42.98964
-62.51643, 42.98964
-62.51643, 42.98964
-62.51643, 42.98964
-62.52425, 42.99689
-62.58727, 43.05542
-62.66053, 43.12349
-62.73378, 43.19157
-62.80703, 43.25965
-62.88026, 43.32773
-62.9535, 43.39581
-63.02674, 43.46388
-63.09999, 43.53195
-63.17323, 43.60003
-63.24648, 43.66809
-63.31973, 43.73617
-63.39296, 43.80424
-63.46623, 43.87232
-63.53949, 43.94042
-63.61275, 44.00851
-63.68602, 44.0766
-63.75927, 44.14469
-63.83252, 44.21278
-63.90579, 44.28084
-63.97906, 44.34892
-64.05233, 44.41698
-64.12562, 44.48507
-64.1989, 44.55315
-64.27218, 44.62123
-64.34546, 44.68932
-64.41874, 44.75741
-64.49202, 44.82551
-64.5653, 44.8936
-64.63857, 44.96169
-64.71186, 45.02978
-64.78514, 45.09788
-64.85842, 45.16597
-64.93169, 45.23407
-65.00493, 45.30216
-65.07819, 45.37026
-65.13531, 45.42337
-65.13923, 45.427
-65.13923, 45.427
-65.13923, 45.427
-65.13923, 45.427
-65.13923, 45.427
-65.13923, 45.427
-65.13923, 45.427
-65.1504, 45.42041
-65.22733, 45.37479
-65.31332, 45.32373
-65.39929, 45.27268
-65.48528, 45.22165
-65.57126, 45.17064
-65.65727, 45.11966
-65.74329, 45.06869
-65.82935, 45.01775
-65.91541, 44.96684
-66.00149, 44.91595
-66.08759, 44.8651
-66.17372, 44.8143
-66.25989, 44.76355
-66.34609, 44.71286
-66.43237, 44.66228
