2, 2
2, 2
2, 2
2, 2
2, 2
2, 2
2, 2
2, 2
2, 2.002645
1.999771, 2.071428
1.998561, 2.166657
1.996138, 2.261863
1.992502, 2.35703
1.987655, 2.452143
1.981596, 2.547187
1.974327, 2.642146
1.965849, 2.737004
1.957032, 2.823858
1.947173, 2.910599
1.935277, 3.00509
1.922179, 3.099421
1.907879, 3.193578
1.892382, 3.287545
1.87569, 3.381308
1.857803, 3.47485
1.838726, 3.568156
1.818459, 3.661211
1.798867, 3.746284
1.795216, 3.761731
1.795216, 3.761731
1.795216, 3.761731
1.795216, 3.761731
1.795216, 3.761731
1.795216, 3.761731
1.795216, 3.761731
1.795216, 3.761731
1.795216, 3.761731
1.795216, 3.761731
1.795216, 3.761732
1.795216, 3.761732
1.795216, 3.761732
1.795216, 3.761732
1.795216, 3.761731
1.795216, 3.761731
1.795216, 3.761732
1.795216, 3.761732
1.795216, 3.761731
1.795215, 3.761731
1.795215, 3.761731
1.80322, 3.748025
1.847717, 3.672918
1.896876, 3.591352
1.946648, 3.510156
1.997025, 3.429335
2.048005, 3.348893
2.099585, 3.268834
2.151764, 3.189164
2.204541, 3.10989
2.257911, 3.031013
2.311872, 2.952538
2.366421, 2.874471
2.421554, 2.796817
2.477267, 2.719577
2.533559, 2.642757
2.590425, 2.566361
2.647866, 2.490396
2.705876, 2.414866
2.759543, 2.346008
2.808747, 2.283737
2.858341, 2.221777
2.908323, 2.160128
2.95869, 2.098793
3.009438, 2.037773
3.060568, 1.977074
3.112077, 1.916696
3.163962, 1.85664
3.216225, 1.796913
3.268863, 1.737517
3.321878, 1.678455
3.375262, 1.619726
3.429017, 1.561337
3.483138, 1.503287
3.537621, 1.445577
3.592468, 1.388213
3.64768, 1.331198
3.703244, 1.274526
3.759094, 1.218136
3.81514, 1.161942
3.871379, 1.10594
3.927803, 1.050125
3.984416, 0.9945008
4.041218, 0.9390725
4.098212, 0.8838404
4.155397, 0.8288051
4.21278, 0.7739761
4.256525, 0.7324449
4.258831, 0.7302629
4.258831, 0.7302629
4.258831, 0.7302629
4.258831, 0.7302629
4.258831, 0.7302629
4.258831, 0.7302629
4.258831, 0.7302629
4.258831, 0.7302629
4.241405, 0.7037305
4.19708, 0.6379001
4.15203, 0.5725633
4.106288, 0.5077079
4.059859, 0.4433436
4.012746, 0.3794778
3.964955, 0.3161183
3.916492, 0.2532699
3.867364, 0.1909409
3.817575, 0.1291391
3.767127, 0.06787173
3.746791, 0.04349425
3.746792, 0.0434943
3.746792, 0.04349411
3.746792, 0.04349403
3.746791, 0.04349439
3.746791, 0.04349434
3.746792, 0.04349437
3.746792, 0.04349428
3.746792, 0.04349417
3.746792, 0.04349401
3.746791, 0.04349435
3.746792, 0.04349424
3.746793, 0.04349412
3.746793, 0.04349414
3.746791, 0.04349401
3.746792, 0.0434944
3.746792, 0.04349425
3.746791, 0.04349406
3.746792, 0.04349426
3.746792, 0.04349425
3.746792, 0.04349432
3.746792, 0.04349422
3.746792, 0.0434945
3.746792, 0.04349422
3.746793, 0.04349422
3.746792, 0.04349425
3.746791, 0.0434942
3.746793, 0.04349425
3.744593, 0.04673523
3.702595, 0.1081618
3.647259, 0.188933
3.591923, 0.2697048
3.536589, 0.3504781
3.481255, 0.4312516
3.42592, 0.5120245
3.370584, 0.5927969
3.315243, 0.6735657
3.259906, 0.7543367
3.204567, 0.8351066
3.149232, 0.9158783
3.093899, 0.9966505
3.038564, 1.077422
2.983231, 1.158195
2.92789, 1.238964
2.872553, 1.319734
2.817208, 1.400499
2.760057, 1.483814
2.697112, 1.574515
2.632985, 1.665023
2.567951, 1.754882
2.502012, 1.844081
2.435174, 1.932607
2.367433, 2.020444
2.298788, 2.107576
2.229229, 2.193981
2.158733, 2.279624
2.130298, 2.313686
2.130298, 2.313686
2.130298, 2.313686
2.130298, 2.313686
2.130298, 2.313686
2.130298, 2.313686
2.130298, 2.313686
2.130298, 2.313686
2.130298, 2.313686
2.130298, 2.313686
2.130298, 2.313686
2.130298, 2.313686
2.130298, 2.313686
2.130298, 2.313686
2.130298, 2.313686
2.130298, 2.313686
2.130298, 2.313686
2.130298, 2.313686
2.130298, 2.313686
2.133078, 2.310154
2.18599, 2.243106
2.2559, 2.155116
2.326206, 2.067441
2.396907, 1.980083
2.468007, 1.893049
2.539495, 1.806334
2.611372, 1.719941
2.683642, 1.633876
2.756295, 1.548135
2.829335, 1.462723
2.902758, 1.37764
2.976564, 1.292889
3.006179, 1.259069
3.006179, 1.259069
3.006179, 1.259068
3.006179, 1.259069
3.006179, 1.259069
3.006179, 1.259068
3.006179, 1.259068
3.006179, 1.259068
3.006179, 1.259068
3.006179, 1.259068
3.006179, 1.259068
3.006179, 1.259068
3.006179, 1.259068
3.006179, 1.259068
3.006179, 1.259069
3.006179, 1.259068
3.006179, 1.259068
3.006179, 1.259068
3.006179, 1.259068
3.006179, 1.259068
3.006179, 1.259069
3.006179, 1.259069
3.006179, 1.259069
3.006179, 1.259069
3.006179, 1.259069
3.006179, 1.259069
3.006179, 1.259069
3.006179, 1.259069
3.006179, 1.259069
3.006179, 1.259069
3.006179, 1.259069
3.006179, 1.259069
3.006179, 1.259069
3.006179, 1.259069
3.006179, 1.259069
3.006179, 1.259069
3.006179, 1.259069
3.006179, 1.259069
3.006179, 1.259069
3.006179, 1.259069
2.967649, 1.287051
2.903639, 1.333971
2.840032, 1.381435
2.776833, 1.429444
2.714052, 1.477996
2.65169, 1.527085
2.589752, 1.576707
2.528243, 1.626861
2.467167, 1.677542
2.40653, 1.728746
2.346336, 1.780471
2.286589, 1.832711
2.227293, 1.885463
2.168454, 1.938723
2.110075, 1.992487
2.052161, 2.046751
1.994718, 2.101514
1.937745, 2.156767
1.881251, 2.212509
1.82524, 2.268736
1.769714, 2.325443
1.714681, 2.382627
1.660141, 2.440283
1.606099, 2.498405
1.552561, 2.556991
1.49953, 2.616039
1.44701, 2.675539
1.395005, 2.735491
1.343519, 2.79589
1.292557, 2.856731
1.242123, 2.91801
1.192218, 2.979722
1.14285, 3.041864
1.09402, 3.104428
1.045734, 3.167415
0.9979947, 3.230817
0.950806, 3.294629
0.9041731, 3.358849
0.8580974, 3.423469
0.8125855, 3.488488
0.7676411, 3.5539
0.7232655, 3.619701
0.6794668, 3.685885
0.6362736, 3.752465
0.593776, 3.819493
0.552008, 3.886979
0.5109776, 3.954915
0.4706908, 4.023297
0.4311585, 4.092116
0.3923934, 4.161371
0.354412, 4.231058
0.3172463, 4.301182
0.2895555, 4.354768
0.2881125, 4.357596
0.2881125, 4.357596
0.2881125, 4.357596
0.2881125, 4.357596
0.2881125, 4.357596
0.2881125, 4.357596
0.2881125, 4.357596
0.2881123, 4.357595
0.2881118, 4.357595
0.2881126, 4.357596
0.2881124, 4.357596
0.2881124, 4.357596
0.2881122, 4.357596
0.2881122, 4.357596
0.2881123, 4.357595
0.2881119, 4.357595
0.2881123, 4.357596
0.2881123, 4.357596
0.2881123, 4.357595
0.2881123, 4.357596
0.2881118, 4.357596
0.2881123, 4.357595
0.2881125, 4.357596
0.2881121, 4.357596
0.2881126, 4.357596
0.2881124, 4.357596
0.2881123, 4.357596
0.2881125, 4.357595
0.2881124, 4.357596
0.2881123, 4.357596
0.2881122, 4.357596
0.2881123, 4.357596
0.2881126, 4.357595
0.2881126, 4.357595
0.2957254, 4.3511
0.3516247, 4.303564
0.4151679, 4.249568
0.4787079, 4.195567
0.5422505, 4.141571
0.6057904, 4.087571
0.6693178, 4.033572
0.7327911, 3.979532
0.7961933, 3.925402
0.8595268, 3.871196
0.9227959, 3.816916
0.9859974, 3.762557
1.049126, 3.708111
1.112182, 3.653584
1.175166, 3.598974
1.238083, 3.544283
1.30093, 3.489516
1.363708, 3.434668
1.426411, 3.379731
1.489048, 3.32472
1.551615, 3.269632
1.614103, 3.214453
1.676529, 3.159202
1.738885, 3.103872
1.801172, 3.048464
1.863384, 2.992973
1.925531, 2.937408
1.987603, 2.881761
2.049607, 2.826037
2.111541, 2.770233
2.173404, 2.714352
2.235189, 2.658386
2.296902, 2.602337
2.358549, 2.546218
2.42013, 2.490026
2.481639, 2.433755
2.543072, 2.377398
2.604429, 2.320959
2.665716, 2.264446
2.726933, 2.207856
2.788075, 2.151184
2.849135, 2.094427
2.910128, 2.037593
2.971048, 1.980684
3.031901, 1.923703
3.092681, 1.866643
3.153385, 1.809502
3.214017, 1.752283
3.274572, 1.694984
3.335055, 1.637611
3.395463, 1.580157
3.4558, 1.52263
3.516062, 1.465023
3.576248, 1.407336
3.636365, 1.349575
3.696403, 1.291733
3.756368, 1.233812
3.816254, 1.17581
3.874896, 1.118829
3.931663, 1.063361
3.98824, 1.0077
4.044628, 0.9518486
4.10082, 0.8958027
4.156814, 0.839557
4.2126, 0.783105
4.234862, 0.7604728
4.234863, 0.7604727
4.234862, 0.7604726
4.234862, 0.7604724
4.234862, 0.7604726
4.234862, 0.7604728
4.234862, 0.7604729
4.234862, 0.7604724
4.234862, 0.7604727
4.234862, 0.7604728
4.234862, 0.7604729
4.234862, 0.7604727
4.234862, 0.7604726
4.234862, 0.7604727
4.234862, 0.7604727
4.234862, 0.7604727
4.234862, 0.7604727
4.234862, 0.7604726
4.234862, 0.7604727
4.234862, 0.7604724
4.234862, 0.7604726
4.234862, 0.7604725
4.234862, 0.7604723
4.234861, 0.7604724
4.234861, 0.7604724
4.234861, 0.7604724
4.234862, 0.7604723
4.234862, 0.7604722
4.234862, 0.7604722
4.234862, 0.7604722
4.206437, 0.7986747
4.15901, 0.8623098
4.110915, 0.9254411
4.062152, 0.988057
4.012725, 1.050149
3.96264, 1.111712
3.911902, 1.172737
3.860518, 1.23322
3.808491, 1.293154
3.755828, 1.352531
3.701666, 1.412401
3.644645, 1.475214
3.587767, 1.538464
3.531214, 1.602004
3.474983, 1.665834
3.419079, 1.729953
3.363503, 1.794356
3.308256, 1.859043
3.253347, 1.924009
3.198773, 1.989255
3.144534, 2.054779
3.090631, 2.120581
3.037066, 2.18666
2.983843, 2.253014
2.930959, 2.31964
2.878421, 2.386536
2.826229, 2.453707
2.774383, 2.521145
2.722884, 2.588847
2.671736, 2.656818
2.620942, 2.725053
2.570502, 2.793553
2.520382, 2.86238
2.470592, 2.93158
2.421211, 3.001074
2.372245, 3.070861
2.323707, 3.140941
2.275611, 3.211327
2.246964, 3.253701
2.246965, 3.253701
2.246965, 3.253701
2.246965, 3.253701
2.246965, 3.253701
2.246965, 3.253701
2.246965, 3.253701
2.246965, 3.253701
2.246965, 3.253701
2.246965, 3.253701
2.246965, 3.253701
2.246965, 3.253701
2.246965, 3.253701
2.246965, 3.253701
2.244278, 3.244581
2.224644, 3.177681
2.202145, 3.101713
2.179376, 3.025826
2.156331, 2.950022
2.133015, 2.874301
2.109426, 2.798666
2.085565, 2.723113
2.061432, 2.647648
2.037024, 2.572272
2.012347, 2.496984
1.987397, 2.421786
1.962175, 2.34668
1.936675, 2.271667
1.910886, 2.196735
1.884558, 2.121882
1.85744, 2.047293
1.8295, 1.973009
1.80073, 1.899043
1.771115, 1.825411
1.741859, 1.755063
1.734431, 1.737524
1.734431, 1.737524
1.734431, 1.737524
1.734431, 1.737524
1.734431, 1.737524
1.734431, 1.737524
1.734431, 1.737524
1.731269, 1.737806
1.671205, 1.743341
1.592233, 1.751238
1.513351, 1.759971
1.434567, 1.769541
1.355888, 1.779949
1.277323, 1.791194
1.198884, 1.80327
1.120578, 1.816177
1.042412, 1.82992
0.9643941, 1.844492
0.8865379, 1.859888
0.8088502, 1.876111
0.7313382, 1.89316
0.6540126, 1.91103
0.5768816, 1.929721
0.4999527, 1.949231
0.4232355, 1.969558
0.3773029, 1.982111
0.377303, 1.982111
0.3773029, 1.982111
0.3773031, 1.98211
0.3773029, 1.982111
0.3773028, 1.982111
0.3773028, 1.982111
0.3773027, 1.98211
0.3773029, 1.982111
0.3773027, 1.982111
0.3773027, 1.982111
0.3773028, 1.982111
0.3773029, 1.982111
0.3773031, 1.982111
0.377303, 1.982111
0.3773025, 1.98211
0.3773031, 1.982111
0.3773029, 1.982111
0.3773034, 1.982111
0.3773027, 1.982111
0.377303, 1.982111
0.3773031, 1.982111
0.3773026, 1.982111
0.3773028, 1.982111
0.3773031, 1.982111
0.3800381, 1.983808
0.4317836, 2.016432
0.4997815, 2.059498
0.5677713, 2.10257
0.6357634, 2.145638
0.7037574, 2.188704
0.7717512, 2.231771
0.8397467, 2.274836
0.9077414, 2.3179
0.9757358, 2.360965
1.043736, 2.404024
1.111735, 2.447083
1.179728, 2.490155
1.247721, 2.533222
1.315716, 2.576288
1.383716, 2.619348
1.451715, 2.66241
1.519706, 2.70548
1.5877, 2.748549
1.655701, 2.791605
1.723692, 2.834675
1.791692, 2.877733
1.859693, 2.920791
1.927685, 2.963863
1.99568, 3.006927
2.063679, 3.049986
2.131678, 3.09305
2.19968, 3.136101
2.267674, 3.179164
2.335672, 3.222229
2.403673, 3.265286
2.47167, 3.308348
2.539668, 3.351408
2.607674, 3.394461
2.675682, 3.437512
2.743682, 3.480572
2.811573, 3.523555
2.878678, 3.566191
2.945532, 3.608966
3.012237, 3.651971
3.078794, 3.695209
3.145195, 3.738687
3.203499, 3.777148
3.21144, 3.782406
3.255658, 3.800085
3.329156, 3.830035
3.402339, 3.860759
3.475183, 3.892263
3.547689, 3.924543
3.619843, 3.957593
3.691644, 3.99141
3.763079, 4.025991
3.834142, 4.061331
3.904828, 4.097428
3.97512, 4.134279
4.045017, 4.171882
4.114509, 4.210227
4.183582, 4.24931
4.252238, 4.289136
4.320461, 4.32969
4.388246, 4.370975
4.455585, 4.412984
4.522468, 4.455713
4.588891, 4.499157
4.654838, 4.543313
4.681102, 4.561145
4.681102, 4.561145
4.681101, 4.561144
4.681101, 4.561144
4.681101, 4.561144
4.681102, 4.561144
4.681101, 4.561144
4.681101, 4.561144
4.681101, 4.561143
4.6811, 4.561143
4.6811, 4.561144
4.681101, 4.561143
4.681101, 4.561144
4.681101, 4.561143
4.681101, 4.561144
4.681101, 4.561144
4.681101, 4.561144
4.681101, 4.561144
4.681101, 4.561144
4.681101, 4.561144
4.672086, 4.558189
4.581879, 4.528806
4.47362, 4.493592
4.365359, 4.458379
4.257661, 4.423145
4.151052, 4.38696
4.045021, 4.349121
3.939603, 4.309604
3.834848, 4.26836
3.791382, 4.250715
3.791382, 4.250715
3.791382, 4.250715
3.791382, 4.250715
3.791382, 4.250715
3.791382, 4.250715
3.791382, 4.250715
3.757806, 4.294976
3.699631, 4.370377
3.640503, 4.445037
3.580424, 4.518935
3.519412, 4.592064
3.457477, 4.66441
3.394627, 4.735962
3.330863, 4.806703
3.266204, 4.876629
3.206173, 4.940017
3.195192, 4.951478
3.195192, 4.951478
3.195192, 4.951478
3.195192, 4.951478
3.195192, 4.951479
3.195192, 4.951478
3.195191, 4.951478
3.195192, 4.951479
3.195193, 4.951479
3.195192, 4.951479
3.195192, 4.951479
3.195192, 4.951479
3.195192, 4.951479
3.195192, 4.951479
3.195192, 4.951478
3.195192, 4.951478
3.195192, 4.951478
3.195193, 4.951479
3.195191, 4.951478
3.195191, 4.951477
3.195191, 4.951477
3.195191, 4.951477
3.195191, 4.951477
3.195191, 4.951477
3.218392, 4.896261
3.258156, 4.801598
3.297914, 4.706932
3.33767, 4.612261
3.377436, 4.517596
3.417205, 4.422935
3.456974, 4.328273
3.496743, 4.233611
3.53651, 4.13895
3.576276, 4.044285
3.616048, 3.949623
3.655812, 3.854954
3.695582, 3.760282
3.735349, 3.665614
3.775111, 3.570945
3.814889, 3.476278
3.854667, 3.381612
3.89443, 3.28694
3.934203, 3.192269
3.973986, 3.097604
4.013761, 3.002935
4.053517, 2.90826
4.093271, 2.813585
4.133017, 2.718906
4.172768, 2.62423
4.212524, 2.529554
4.252275, 2.434878
4.29205, 2.340214
4.331814, 2.245539
4.371578, 2.150867
4.411346, 2.056194
4.451111, 1.961521
4.49089, 1.866858
4.530656, 1.772187
4.570419, 1.677512
4.610191, 1.582842
4.649959, 1.488172
4.689723, 1.3935
4.728611, 1.300702
4.743907, 1.263862
4.743907, 1.263862
4.743907, 1.263862
4.743908, 1.263862
4.743907, 1.263862
4.743906, 1.263861
4.743907, 1.263861
4.743907, 1.263862
4.743906, 1.263861
4.743908, 1.263862
4.743906, 1.263861
4.743907, 1.263861
4.743906, 1.263862
4.743907, 1.263862
4.743908, 1.263862
4.743908, 1.263862
4.743907, 1.263862
4.743909, 1.263862
4.743907, 1.263862
4.743907, 1.263861
4.743906, 1.263861
4.743906, 1.263861
4.743907, 1.263861
4.725689, 1.262689
4.625516, 1.255741
4.516247, 1.248041
4.406976, 1.24035
4.300743, 1.232859
4.27039, 1.23072
4.27039, 1.23072
4.221067, 1.20516
4.136252, 1.16185
4.050996, 1.119412
3.965309, 1.077854
3.879197, 1.037182
3.79267, 0.9974037
3.705734, 0.9585167
3.618406, 0.9205287
3.530687, 0.8834426
3.44259, 0.8472632
3.354124, 0.8119953
3.265299, 0.777642
3.176125, 0.7442068
3.086614, 0.7116973
2.996771, 0.6801131
2.906607, 0.6494593
2.81613, 0.6197391
2.725354, 0.5909541
2.634281, 0.5631059
2.54292, 0.5362007
2.451288, 0.5102409
2.359392, 0.4852297
2.26724, 0.4611703
2.174847, 0.4380671
2.082227, 0.4159217
1.98938, 0.3947361
1.896317, 0.3745119
1.80305, 0.3552523
1.709582, 0.3369595
1.61593, 0.3196379
1.522103, 0.3032884
1.42811, 0.2879126
1.33396, 0.2735139
1.23967, 0.2600971
1.145256, 0.2476675
1.050716, 0.2362218
0.9560595, 0.2257611
0.8612969, 0.2162887
0.7664273, 0.2078075
0.6714823, 0.2002921
0.5765176, 0.1929273
0.4816518, 0.1844772
0.3869112, 0.174781
0.2923075, 0.1638285
0.1978614, 0.1515988
0.1035972, 0.1380432
0.05908449, 0.1318711
0.04850742, 0.1315438
0.04850622, 0.1315435
0.04850769, 0.1315436
0.04850648, 0.1315437
0.04850683, 0.1315437
0.04850667, 0.1315436
0.04850693, 0.1315436
0.04850605, 0.131544
0.04850638, 0.1315438
0.04850635, 0.131544
0.04850652, 0.1315439
0.04850672, 0.1315437
0.04850699, 0.1315432
0.04850671, 0.1315438
0.04850681, 0.1315435
0.04850679, 0.1315431
0.04850676, 0.1315436
0.04850662, 0.1315434
0.04850681, 0.1315439
0.04850667, 0.1315434
0.04850642, 0.1315432
0.08914464, 0.173518
0.1588007, 0.2454864
0.2284569, 0.3174547
0.2981133, 0.3894227
0.3677697, 0.4613907
0.4374264, 0.5333586
0.5070793, 0.6053281
0.576729, 0.6772992
0.6463795, 0.7492697
0.7160777, 0.821238
0.7859595, 0.8930911
0.8560517, 0.9647338
0.9263561, 1.036158
0.9968705, 1.107376
1.067595, 1.178385
1.138527, 1.249185
1.209668, 1.319778
1.28102, 1.390154
1.352584, 1.460316
1.424359, 1.530266
1.496339, 1.600007
1.568517, 1.669542
1.640906, 1.738858
1.713496, 1.807959
1.786292, 1.876845
1.859297, 1.945518
1.932505, 2.013972
2.005919, 2.082207
2.079538, 2.150222
2.153359, 2.218009
2.227383, 2.285586
2.299365, 2.351079
2.369637, 2.415348
2.439653, 2.479915
2.509407, 2.544765
2.578892, 2.609896
2.648099, 2.675319
2.711292, 2.735554
2.722758, 2.746529
2.722758, 2.746529
2.722758, 2.746529
2.722758, 2.746529
2.722758, 2.746529
2.722758, 2.746529
2.722758, 2.746529
2.722758, 2.746529
2.722758, 2.746529
2.722758, 2.746529
2.722758, 2.746529
2.722758, 2.746529
2.722758, 2.746529
2.722758, 2.746529
2.722758, 2.746529
2.707431, 2.724966
2.653542, 2.649666
2.597561, 2.572613
2.541003, 2.495978
2.483875, 2.419773
2.426176, 2.343995
2.367913, 2.268655
2.309087, 2.193753
2.249696, 2.119287
2.189753, 2.045271
2.129256, 1.971706
2.068208, 1.898602
2.006613, 1.825952
1.944472, 1.753766
1.881799, 1.682056
1.818593, 1.610826
1.754857, 1.540072
1.690593, 1.469799
1.6258, 1.40001
1.560485, 1.330704
1.494651, 1.261892
1.428306, 1.193577
1.361448, 1.12576
1.294081, 1.058449
1.226213, 0.9916456
1.157842, 0.925355
1.088973, 0.8595791
1.019611, 0.7943202
0.9497616, 0.729585
0.8794279, 0.6653771
0.8086116, 0.6016972
0.7373197, 0.5385571
0.6655483, 0.4759482
0.6134361, 0.4310445
0.6114274, 0.4293232
0.6114275, 0.4293235
0.6114272, 0.4293222
0.6114274, 0.4293232
0.6114274, 0.4293228
0.6114274, 0.4293227
0.6114273, 0.4293231
0.6114271, 0.4293232
0.6114268, 0.4293233
0.6114278, 0.4293228
0.6114269, 0.4293232
0.6114275, 0.429323
0.6114277, 0.4293232
0.6114269, 0.4293229
0.6114281, 0.4293235
0.6114272, 0.4293229
0.6114264, 0.4293224
0.6405408, 0.4527671
0.7424381, 0.5348279
0.8472351, 0.6192443
0.9520455, 0.7036479
1.05684, 0.7880669
1.16165, 0.8724751
1.266455, 0.9569054
1.371261, 1.041331
1.476056, 1.125779
1.570878, 1.202163
1.651718, 1.267311
1.732552, 1.332463
1.813378, 1.397617
1.894197, 1.462792
1.975011, 1.527979
2.049075, 1.587761
2.06254, 1.598633
2.06254, 1.598633
2.06254, 1.598633
2.06254, 1.598633
2.06254, 1.598633
2.06254, 1.598633
2.06254, 1.598633
2.06254, 1.598633
2.06254, 1.598633
2.06254, 1.598633
2.06254, 1.598633
2.06254, 1.598633
2.06254, 1.598633
2.06254, 1.598633
2.06254, 1.598633
2.055812, 1.594423
1.988974, 1.551623
1.909198, 1.499598
1.851811, 1.461678
1.849607, 1.460213
1.849608, 1.460213
1.849607, 1.460213
1.849608, 1.460213
1.849607, 1.460213
1.849608, 1.460213
1.849607, 1.460213
1.849607, 1.460213
1.849607, 1.460213
1.849607, 1.460213
1.849607, 1.460213
1.849607, 1.460213
1.849607, 1.460213
1.849607, 1.460213
1.849607, 1.460213
1.849607, 1.460212
1.849607, 1.460211
1.849607, 1.460213
1.849607, 1.460213
1.849607, 1.460213
1.849607, 1.460213
1.849607, 1.460213
1.849607, 1.460213
1.849607, 1.460213
1.862181, 1.483489
1.90645, 1.564808
1.952578, 1.648121
1.999328, 1.731088
2.046699, 1.813703
2.094689, 1.89596
2.143295, 1.977854
2.192516, 2.059384
2.242344, 2.140543
2.292783, 2.221328
2.343827, 2.301735
2.395473, 2.381754
2.447719, 2.461389
2.500562, 2.540626
2.553996, 2.619465
2.608023, 2.6979
2.662638, 2.775929
2.717835, 2.853547
2.773617, 2.930749
2.829976, 3.00753
2.88691, 3.083883
2.944415, 3.159797
3.002487, 3.235271
3.061126, 3.310305
3.120323, 3.384892
3.180088, 3.459036
3.24041, 3.532731
3.301286, 3.605975
3.362711, 3.678752
3.424688, 3.751068
3.487214, 3.82292
3.55028, 3.894294
3.613885, 3.965183
3.678019, 4.035582
3.742686, 4.105488
3.80789, 4.174903
3.873725, 4.243727
3.940405, 4.311713
4.007977, 4.378827
4.076431, 4.445034
4.145772, 4.510316
4.216018, 4.574628
4.257397, 4.611699
4.257396, 4.611699
4.257396, 4.611699
4.257396, 4.611699
4.265284, 4.610818
4.34413, 4.601737
4.43862, 4.589833
4.532949, 4.576718
4.627104, 4.562396
4.721066, 4.546866
4.814823, 4.530136
4.908355, 4.512197
4.96282, 4.501232
4.96282, 4.501233
4.96282, 4.501233
4.96282, 4.501233
4.96282, 4.501233
4.96282, 4.501232
4.962819, 4.501232
4.96282, 4.501232
4.96282, 4.501233
4.962821, 4.501233
4.962821, 4.501233
4.962819, 4.501233
4.962819, 4.501233
4.962821, 4.501233
4.96282, 4.501233
4.962821, 4.501232
4.96282, 4.501232
4.96282, 4.501233
4.96282, 4.501234
4.962821, 4.501235
4.962821, 4.501232
4.962821, 4.501233
4.955194, 4.49287
4.878917, 4.40923
4.787385, 4.308865
4.695852, 4.208498
4.604311, 4.10814
4.512777, 4.007774
4.421246, 3.907409
4.331942, 3.809333
4.244508, 3.712632
4.157504, 3.615551
4.070931, 3.518089
3.984782, 3.420245
3.899075, 3.322013
3.827991, 3.239859
3.8209, 3.231628
3.8209, 3.231628
3.8209, 3.231628
3.8209, 3.231628
3.8209, 3.231628
3.8209, 3.231628
3.8209, 3.231628
3.8209, 3.231628
3.8209, 3.231628
3.811974, 3.246007
3.762585, 3.324914
3.707869, 3.410466
3.652232, 3.495427
3.595678, 3.579787
3.538213, 3.663528
3.479851, 3.746645
3.420593, 3.829122
3.360449, 3.910956
3.299431, 3.992124
3.23754, 4.072626
3.174783, 4.152452
3.111167, 4.231596
3.046698, 4.310048
2.981384, 4.387801
2.915236, 4.464843
2.848258, 4.541164
2.782362, 4.614679
2.763417, 4.635578
2.763416, 4.635576
2.763417, 4.635577
2.763416, 4.635578
2.763417, 4.635577
2.763417, 4.635577
2.763417, 4.635577
2.763417, 4.635577
2.763417, 4.635577
2.763416, 4.635576
2.763416, 4.635578
2.763417, 4.635576
2.763416, 4.635576
2.763416, 4.635577
2.763416, 4.635576
2.763416, 4.635577
2.763416, 4.635577
2.763417, 4.635577
2.763416, 4.635577
2.763417, 4.635577
2.763416, 4.635577
2.763416, 4.635576
2.762324, 4.633159
2.733829, 4.570341
2.69435, 4.483376
2.654869, 4.39641
2.615382, 4.309448
2.575893, 4.222482
2.536412, 4.135517
2.496932, 4.048551
2.457452, 3.961586
2.417972, 3.87462
2.378492, 3.787654
2.339012, 3.700688
2.299533, 3.613722
2.260053, 3.526756
2.220572, 3.439791
2.181092, 3.352825
2.141612, 3.265859
2.102132, 3.178893
2.062651, 3.091928
2.02317, 3.004962
1.98369, 2.917996
1.944203, 2.83103
1.904713, 2.744066
1.865224, 2.657104
1.82573, 2.57014
1.786242, 2.483177
1.746762, 2.396211
1.707276, 2.309245
1.667778, 2.222284
1.62828, 2.135316
1.588791, 2.048347
1.549302, 1.961377
1.509805, 1.874411
1.470236, 1.787611
1.429924, 1.701329
1.388491, 1.615582
1.345926, 1.530383
1.302229, 1.445765
1.257378, 1.361751
1.219893, 1.293604
1.215251, 1.285289
1.215251, 1.285289
1.215251, 1.285289
1.215251, 1.285289
1.215251, 1.285289
1.205798, 1.284127
1.136502, 1.275397
1.057852, 1.264772
0.9793214, 1.253314
0.9009138, 1.241017
0.8226432, 1.227888
0.7445176, 1.213929
0.666544, 1.199137
0.5887328, 1.183517
0.5110914, 1.167069
0.4336287, 1.149794
0.365613, 1.133934
0.3563481, 1.131729
0.3563483, 1.131729
0.3563479, 1.131729
0.3563482, 1.131729
0.3563481, 1.131729
0.3563487, 1.131729
0.3563482, 1.131729
0.3563487, 1.131729
0.3563486, 1.131729
0.3563483, 1.131729
0.3563482, 1.131729
0.3563484, 1.131729
0.3563485, 1.131729
0.3563483, 1.131729
0.3563482, 1.13173
0.3563482, 1.131729
0.3563483, 1.13173
0.3563482, 1.131729
0.3563482, 1.131729
0.3563483, 1.131729
0.3563482, 1.131729
0.3563483, 1.13173
0.3563483, 1.13173
0.3563483, 1.13173
0.3877508, 1.14736
0.4662569, 1.186435
0.5447654, 1.225507
0.6232719, 1.264581
0.7017778, 1.303657
0.7802874, 1.342724
0.858793, 1.381799
0.9372994, 1.420877
1.015808, 1.459948
1.094319, 1.499009
1.172824, 1.538085
1.251328, 1.57716
1.329831, 1.616236
1.408336, 1.655316
1.48684, 1.694394
1.565343, 1.733471
1.643852, 1.772541
1.722364, 1.811607
1.800868, 1.850686
1.879376, 1.889773
1.957884, 1.928859
2.036397, 1.967925
2.113096, 2.00616
2.184203, 2.042161
2.254624, 2.078762
2.32464, 2.116134
2.394239, 2.154276
2.463411, 2.19319
2.532138, 2.232887
2.600391, 2.273391
2.627569, 2.289798
2.627569, 2.289798
2.627569, 2.289798
2.627569, 2.289798
2.627569, 2.289798
2.627569, 2.289798
2.627569, 2.289798
2.627569, 2.289798
2.627569, 2.289798
2.627569, 2.289798
2.627569, 2.289798
2.627569, 2.289798
2.627569, 2.289798
2.627569, 2.289798
2.58039, 2.308981
2.501604, 2.340575
2.42283, 2.372197
2.344057, 2.403825
2.265291, 2.435468
2.186527, 2.467121
2.107767, 2.498784
2.029017, 2.530474
1.95027, 2.56217
1.871521, 2.593864
1.792782, 2.625579
1.714043, 2.657295
1.635312, 2.689035
1.556587, 2.720786
1.477868, 2.752556
1.399154, 2.784337
1.320441, 2.81612
1.24173, 2.847912
1.163028, 2.879722
1.084337, 2.911562
1.005649, 2.943409
0.9269618, 2.975258
0.8484907, 3.007053
0.7738072, 3.037604
0.7006477, 3.068368
0.6278288, 3.09993
0.5553612, 3.132291
0.4832582, 3.165456
0.4115346, 3.199435
0.3402108, 3.234246
0.2976072, 3.255517
0.2976073, 3.255517
0.2976073, 3.255517
0.2976073, 3.255517
0.2976073, 3.255517
0.2976073, 3.255517
0.2976073, 3.255517
0.2976073, 3.255517
0.2976073, 3.255517
0.2976073, 3.255517
0.2976073, 3.255517
0.2976073, 3.255517
0.2973857, 3.252351
0.2933415, 3.19217
0.2886388, 3.112946
0.284776, 3.03368
0.2817535, 2.954372
0.2795725, 2.875035
0.2782333, 2.795678
0.2777379, 2.716316
0.278086, 2.636955
0.2792754, 2.557603
0.2813072, 2.478269
0.2841797, 2.398962
0.2878944, 2.319688
0.2924502, 2.240457
0.2978474, 2.161279
0.3040853, 2.082163
0.3111612, 2.003117
0.3190759, 1.924148
0.3278276, 1.845267
0.3374173, 1.766483
0.3478414, 1.687802
0.3591013, 1.609241
0.3711959, 1.530808
0.384123, 1.452508
0.39788, 1.374348
0.4124652, 1.296336
0.4278779, 1.218483
0.4441186, 1.140799
0.4611835, 1.063291
0.4790699, 0.9859667
0.4977771, 0.9088358
0.5173021, 0.8319058
0.5376447, 0.7551959
0.558801, 0.6787056
0.5807699, 0.6024374
0.6035479, 0.5264078
0.6213679, 0.4687743
0.6223175, 0.4657446
0.6223174, 0.4657453
0.6223173, 0.4657451
0.6223174, 0.4657447
0.6223174, 0.4657451
0.6223178, 0.4657442
0.6223184, 0.4657432
0.6223176, 0.4657445
0.6223174, 0.4657444
0.6223177, 0.4657444
0.6223172, 0.4657447
0.6223187, 0.4657439
0.6223177, 0.4657446
0.622317, 0.4657447
0.6223172, 0.4657447
0.622318, 0.4657444
0.6223171, 0.4657446
0.6223168, 0.4657446
0.622318, 0.4657446
0.6223181, 0.4657446
0.6223172, 0.4657445
0.6223181, 0.4657448
0.6223185, 0.465745
0.6223184, 0.465745
0.6223178, 0.4657446
0.6242909, 0.468308
0.6618991, 0.516963
0.7114133, 0.5809579
0.7609276, 0.6449527
0.8104421, 0.7089475
0.8599566, 0.7729422
0.9094713, 0.8369368
0.9589861, 0.9009314
1.008501, 0.9649258
1.058016, 1.02892
1.107531, 1.092915
1.157048, 1.156907
1.206567, 1.220895
1.256083, 1.284889
1.305598, 1.348884
1.355113, 1.412878
1.404632, 1.476867
1.454156, 1.54085
1.503672, 1.604845
1.553191, 1.668835
1.602706, 1.73283
1.652221, 1.796824
1.701737, 1.860819
1.751259, 1.924804
1.800776, 1.988797
1.850292, 2.052792
1.899807, 2.116787
1.949323, 2.180782
1.998839, 2.244776
2.048355, 2.308771
2.097871, 2.372767
2.147385, 2.436761
2.1969, 2.500757
2.246416, 2.564751
2.295943, 2.628732
2.345464, 2.69272
2.394955, 2.756651
2.443957, 2.819558
2.4933, 2.881718
2.543287, 2.943358
2.593922, 3.004472
2.645201, 3.065045
2.697131, 3.125057
2.749742, 3.184477
2.77096, 3.208091
2.77096, 3.208091
2.77096, 3.208091
2.77096, 3.208091
2.77096, 3.208091
2.77096, 3.208091
2.77096, 3.208091
2.77096, 3.208091
2.769063, 3.210636
2.732882, 3.258896
2.684786, 3.322025
2.636018, 3.384637
2.586581, 3.446722
2.536489, 3.508278
2.485748, 3.569302
2.434362, 3.629784
2.382334, 3.689716
2.329676, 3.749096
2.276398, 3.807919
2.222495, 3.86617
2.167971, 3.923841
2.112835, 3.980928
2.057097, 4.037428
2.000766, 4.093335
1.943845, 4.148641
1.886343, 4.203341
1.82826, 4.257426
1.769604, 4.310888
1.710383, 4.363725
1.650606, 4.415931
1.590279, 4.467498
1.529407, 4.518426
1.468003, 4.568707
1.406068, 4.618332
1.343603, 4.667287
1.280623, 4.715578
1.217135, 4.763201
1.153147, 4.810148
1.088665, 4.856413
1.023689, 4.901988
0.9975818, 4.920051
0.9975818, 4.920051
0.9975826, 4.920053
0.9975823, 4.920052
0.9975823, 4.920052
0.997582, 4.920052
0.9975821, 4.920052
0.9975823, 4.920051
0.9975818, 4.920052
0.9975827, 4.92005
0.997582, 4.920051
0.9975821, 4.920052
0.9975826, 4.920051
0.9975818, 4.920052
0.9975818, 4.920051
0.9975824, 4.920051
0.9975823, 4.920051
0.9975826, 4.920052
0.9975824, 4.920053
0.9975826, 4.920053
0.9975821, 4.920052
0.9975823, 4.920051
0.9975818, 4.920051
0.9975813, 4.920051
1.025643, 4.880263
1.07234, 4.8139
1.119035, 4.747539
1.165731, 4.681176
1.212427, 4.614815
1.259123, 4.548451
1.305816, 4.482088
1.352509, 4.41572
1.399204, 4.349357
1.4459, 4.282992
1.492596, 4.216629
1.53928, 4.150257
1.585968, 4.083887
1.632663, 4.017524
1.679357, 3.95116
1.726049, 3.884792
1.772737, 3.818424
1.819412, 3.752045
1.866105, 3.685679
1.912796, 3.619311
1.959467, 3.552927
2.006145, 3.486551
2.052808, 3.420161
2.099479, 3.353776
2.146143, 3.287385
2.19281, 3.220999
2.239501, 3.154629
2.286194, 3.088261
2.332871, 3.021886
2.37955, 2.955513
2.426217, 2.889132
2.472878, 2.822746
2.51955, 2.756368
2.566243, 2.690001
2.612935, 2.623636
2.659619, 2.557262
2.706296, 2.490883
2.75298, 2.424509
2.79965, 2.358127
2.846322, 2.291747
2.892996, 2.225368
2.941246, 2.157016
2.991005, 2.087676
3.041445, 2.018831
3.092565, 1.950488
3.144368, 1.88266
3.196875, 1.815375
3.24365, 1.756616
3.250068, 1.748634
3.250068, 1.748634
3.250068, 1.748634
3.250068, 1.748634
3.250068, 1.748634
3.250068, 1.748634
3.250068, 1.748634
3.250068, 1.748634
3.221134, 1.710818
3.172163, 1.648364
3.122531, 1.58643
3.072241, 1.525026
3.0213, 1.464163
2.969714, 1.403848
2.917492, 1.344086
2.864637, 1.284883
2.811159, 1.226249
2.757058, 1.168192
2.702341, 1.110712
2.647014, 1.053819
2.591076, 0.9975165
2.534539, 0.941813
2.477412, 0.8867162
2.419705, 0.832231
2.361417, 0.7783678
2.302565, 0.7251328
2.243152, 0.6725329
2.197644, 0.6329592
2.19524, 0.630886
2.19524, 0.6308863
2.19524, 0.6308861
2.19524, 0.6308859
2.195241, 0.6308862
2.19524, 0.6308861
2.19524, 0.6308863
2.19524, 0.6308861
2.19524, 0.6308863
2.19524, 0.6308867
2.19524, 0.6308863
2.19524, 0.6308861
2.19524, 0.6308865
2.19524, 0.630886
2.19524, 0.630886
2.19524, 0.630886
2.19524, 0.6308856
2.19524, 0.6308863
2.19524, 0.6308855
2.19524, 0.6308865
2.19524, 0.6308855
2.19524, 0.6308867
2.19524, 0.6308856
2.19524, 0.6308857
2.19524, 0.6308861
2.19524, 0.6308871
2.19524, 0.6308871
2.195424, 0.653093
2.196157, 0.7419159
2.196921, 0.8344395
2.197685, 0.926963
2.19845, 1.019487
2.199218, 1.112011
2.199996, 1.204536
2.20077, 1.297061
2.201533, 1.389585
2.202296, 1.482109
2.20306, 1.574634
2.203757, 1.672351
2.203786, 1.777859
2.202725, 1.883362
2.200556, 1.988852
2.197266, 2.094314
2.192826, 2.199733
2.18744, 2.300881
2.185937, 2.326158
2.185937, 2.326158
2.185937, 2.326158
2.185937, 2.326158
2.185937, 2.326158
2.185937, 2.326158
2.185937, 2.326158
2.185937, 2.326158
2.185937, 2.326158
2.185937, 2.326158
2.185937, 2.326158
2.185937, 2.326158
2.185937, 2.326158
2.185937, 2.326158
2.185937, 2.326158
2.188743, 2.322763
2.242131, 2.258319
2.313161, 2.174186
2.385316, 2.091012
2.458584, 2.008817
2.532952, 1.927612
2.608407, 1.847422
2.684934, 1.768261
2.762521, 1.690131
2.841151, 1.613048
2.92081, 1.537027
3.001486, 1.462085
3.083165, 1.388241
3.165829, 1.315507
3.249466, 1.243886
3.33406, 1.173397
3.419594, 1.104053
3.506057, 1.035878
3.593429, 0.9688724
3.681696, 0.903047
3.770842, 0.838411
3.860852, 0.7749963
3.951706, 0.712795
4.043391, 0.6518146
4.124727, 0.5991456
4.135859, 0.5920278
4.135859, 0.5920281
4.135859, 0.5920275
4.135859, 0.5920275
4.135859, 0.592028
4.135859, 0.5920276
4.135859, 0.5920274
4.135859, 0.5920278
4.13586, 0.5920269
4.135859, 0.5920278
4.13586, 0.5920278
4.135859, 0.5920274
4.135859, 0.5920273
4.13586, 0.5920278
4.135859, 0.5920275
4.135859, 0.5920279
4.135859, 0.5920273
4.135859, 0.5920279
4.135859, 0.592028
4.13586, 0.5920274
4.135859, 0.5920268
4.129126, 0.5994387
4.079876, 0.6539133
4.02394, 0.7158532
3.968006, 0.7777889
3.912072, 0.8397242
3.856139, 0.9016611
3.800208, 0.9635922
3.744277, 1.025528
3.68834, 1.087454
3.632405, 1.14938
3.576473, 1.211311
3.520531, 1.273229
3.464587, 1.335154
3.40866, 1.397094
3.352718, 1.459014
3.296775, 1.520933
3.240833, 1.582854
3.184891, 1.644781
3.128959, 1.706721
3.073022, 1.76865
3.017081, 1.830573
2.961133, 1.892494
2.9052, 1.95443
2.849272, 2.016379
2.793332, 2.078307
2.73739, 2.140231
2.68145, 2.202162
2.625518, 2.264096
2.569592, 2.326039
2.513675, 2.387992
2.457745, 2.449932
2.401801, 2.511858
2.345863, 2.573789
2.289926, 2.635728
2.234002, 2.697685
2.178068, 2.759626
2.122129, 2.821562
2.066202, 2.883513
2.010271, 2.945457
1.954353, 3.007423
1.898427, 3.069375
1.8425, 3.131332
1.786564, 3.193275
1.730618, 3.255204
1.674674, 3.317139
1.620339, 3.377216
1.566945, 3.435936
1.513353, 3.494474
1.459558, 3.552829
1.405558, 3.610994
1.351353, 3.668965
1.303477, 3.719814
1.296936, 3.726737
1.296936, 3.726737
1.296936, 3.726737
1.296936, 3.726737
1.296936, 3.726737
1.296936, 3.726737
1.296936, 3.726737
1.296936, 3.726737
1.296936, 3.726737
1.296936, 3.726737
1.296936, 3.726737
1.296936, 3.726737
1.296936, 3.726737
1.306373, 3.728018
1.375563, 3.737542
1.454129, 3.748784
1.532624, 3.76052
1.611045, 3.772739
1.689389, 3.78545
1.767652, 3.798646
1.845832, 3.812336
1.923924, 3.826511
2.001923, 3.841166
2.07983, 3.856307
2.157642, 3.871936
2.235354, 3.888045
2.312964, 3.904638
2.39047, 3.92172
2.46787, 3.93929
2.54516, 3.957349
2.622336, 3.975891
2.699395, 3.994917
2.77633, 4.014417
2.853142, 4.03439
2.929832, 4.054851
3.006391, 4.075782
3.082817, 4.097189
3.159108, 4.119077
3.235262, 4.141444
3.311276, 4.164293
3.387146, 4.187617
3.462868, 4.211413
3.538441, 4.235679
3.613863, 4.260415
3.689124, 4.285614
3.764227, 4.311287
3.83917, 4.337428
3.913947, 4.364037
3.988557, 4.391127
4.062994, 4.41868
4.137258, 4.446697
4.211343, 4.475168
4.285253, 4.504101
4.358981, 4.533492
4.432518, 4.563346
4.505866, 4.593671
4.579022, 4.624452
4.651992, 4.655694
4.68113, 4.668301
4.68113, 4.668299
4.68113, 4.668299
4.68113, 4.668299
4.68113, 4.668301
4.681131, 4.6683
4.681129, 4.6683
4.68113, 4.668299
4.681129, 4.6683
4.681131, 4.6683
4.681131, 4.6683
4.681131, 4.6683
4.68113, 4.6683
4.68113, 4.668299
4.68113, 4.6683
4.681129, 4.6683
4.68113, 4.668299
4.681129, 4.668299
4.681129, 4.668299
4.68113, 4.668299
4.681129, 4.668299
4.681129, 4.668298
4.681129, 4.668299
4.681129, 4.668299
4.681129, 4.668299
4.681129, 4.668299
4.636031, 4.619564
4.561204, 4.53803
4.486373, 4.456502
4.411558, 4.374954
4.336771, 4.293376
4.261955, 4.211829
4.187124, 4.130298
4.112305, 4.048757
4.037487, 3.967215
3.962668, 3.885674
3.887846, 3.804137
3.813024, 3.722598
3.738205, 3.641057
3.663386, 3.559517
3.588565, 3.477978
3.513731, 3.396453
3.438905, 3.31492
3.364938, 3.23429
3.306127, 3.170343
3.252214, 3.112102
3.198105, 3.054043
3.1438, 2.996167
3.08929, 2.938484
3.034575, 2.880993
2.992856, 2.83743
2.990657, 2.83514
2.990657, 2.83514
2.990657, 2.83514
2.990657, 2.83514
2.990657, 2.83514
2.990657, 2.83514
2.990657, 2.83514
2.990657, 2.83514
2.990657, 2.83514
2.990657, 2.83514
2.990657, 2.83514
2.990657, 2.83514
2.990657, 2.83514
2.990657, 2.83514
2.990657, 2.83514
2.992368, 2.84489
3.005512, 2.91628
3.020835, 2.997332
3.03643, 3.078336
3.052294, 3.159287
3.068429, 3.240185
3.084839, 3.321022
3.101521, 3.4018
3.11847, 3.482526
3.13569, 3.563196
3.153179, 3.643814
3.170938, 3.724374
3.188972, 3.804865
3.207144, 3.884555
3.225408, 3.961918
3.244477, 4.038959
3.264391, 4.115787
3.285161, 4.192382
3.306792, 4.268743
3.329319, 4.344842
3.343257, 4.390374
3.343257, 4.390374
3.343257, 4.390374
3.343257, 4.390374
3.343257, 4.390374
3.343257, 4.390374
3.343257, 4.390374
3.343257, 4.390374
3.343257, 4.390374
3.343257, 4.390374
3.343257, 4.390374
3.343257, 4.390374
3.29566, 4.391795
3.216315, 4.393646
3.136961, 4.394653
3.0576, 4.39482
2.978242, 4.394145
2.898895, 4.39263
2.819567, 4.390269
2.740267, 4.387071
2.661005, 4.383035
2.581791, 4.378159
2.502634, 4.372439
2.423541, 4.365878
2.344523, 4.358474
2.26559, 4.350234
2.186747, 4.34116
2.108001, 4.331257
2.029367, 4.320512
1.950851, 4.308932
1.872465, 4.296519
1.79422, 4.283267
1.716117, 4.269189
1.638165, 4.254284
1.560374, 4.238557
1.482756, 4.222003
1.405318, 4.204625
1.328066, 4.186427
1.251018, 4.167401
1.174174, 4.147565
1.097548, 4.126912
1.021142, 4.105447
0.9449657, 4.083174
0.8690315, 4.060093
0.7933489, 4.036202
0.7179264, 4.011506
0.6427695, 3.986013
0.5678862, 3.959723
0.4932826, 3.932642
0.4189755, 3.904767
0.3449717, 3.876098
0.2712742, 3.846645
0.1978918, 3.816416
0.1248331, 3.785408
0.06081528, 3.757492
0.0521034, 3.753645
0.05210261, 3.753646
0.05210245, 3.753646
0.05210318, 3.753645
0.05210438, 3.753645
0.05210357, 3.753646
0.05210375, 3.753645
0.05210387, 3.753645
0.05210347, 3.753645
0.05210435, 3.753645
0.05210466, 3.753646
0.05210375, 3.753646
0.05210311, 3.753646
0.05210416, 3.753646
0.05210388, 3.753646
0.05210327, 3.753646
0.05210371, 3.753646
0.05210321, 3.753646
0.05210332, 3.753646
0.05210324, 3.753645
0.05210303, 3.753646
0.05210357, 3.753646
0.05210342, 3.753646
0.05210366, 3.753646
0.05210338, 3.753646
0.05516015, 3.751926
0.1131813, 3.719142
0.1895054, 3.675972
0.2658272, 3.632802
0.3421459, 3.589623
0.4184631, 3.546448
0.4947847, 3.503278
0.5711046, 3.460111
0.6474181, 3.41692
0.7237391, 3.37375
0.8000603, 3.330579
0.8763815, 3.287407
0.9527022, 3.244234
1.029024, 3.201066
1.105345, 3.157897
1.181666, 3.114726
1.257987, 3.071559
1.334305, 3.028378
1.410626, 2.985209
1.486947, 2.942039
1.563268, 2.898878
1.639589, 2.855702
1.71591, 2.812534
1.792227, 2.769352
1.868548, 2.726184
1.944867, 2.683012
2.021187, 2.639847
2.097503, 2.596659
2.173822, 2.553492
2.252122, 2.50938
2.332013, 2.465121
2.412309, 2.421603
2.493007, 2.378833
2.574103, 2.336827
2.655599, 2.2956
2.734221, 2.256783
2.753928, 2.247183
2.753928, 2.247183
2.753928, 2.247183
2.753928, 2.247183
2.753928, 2.247183
2.753928, 2.247183
2.753928, 2.247183
2.753928, 2.247183
2.753928, 2.247183
2.764302, 2.26571
2.805761, 2.339832
2.849453, 2.416754
2.893751, 2.49333
2.938653, 2.569559
2.984159, 2.645438
3.030265, 2.720956
3.076967, 2.796096
3.124262, 2.870861
3.17215, 2.945257
3.220632, 3.01927
3.269704, 3.092892
3.319355, 3.166117
3.369594, 3.238947
3.417279, 3.306895
3.46345, 3.371459
3.510192, 3.435603
3.557511, 3.499333
3.605401, 3.562633
3.653877, 3.625488
3.702956, 3.687874
3.722743, 3.712706
3.722743, 3.712706
3.722743, 3.712706
3.722743, 3.712706
3.722743, 3.712706
3.722743, 3.712706
3.722743, 3.712706
3.722743, 3.712706
3.722743, 3.712706
3.722743, 3.712706
3.722743, 3.712706
3.737743, 3.693875
3.797351, 3.61825
3.8586, 3.538819
3.918943, 3.458695
3.978368, 3.377892
4.036868, 3.296419
4.09444, 3.214277
4.151073, 3.131485
4.206752, 3.048056
4.26148, 2.964002
4.315249, 2.879325
4.368047, 2.794037
4.419871, 2.708155
4.464692, 2.632114
4.470753, 2.621715
4.470752, 2.621715
4.470752, 2.621715
4.470752, 2.621715
4.470752, 2.621714
4.470753, 2.621715
4.470753, 2.621715
4.470753, 2.621715
4.470753, 2.621715
4.470752, 2.621714
4.470752, 2.621714
4.470753, 2.621715
4.470752, 2.621715
4.470752, 2.621714
4.470753, 2.621715
4.470752, 2.621714
4.470754, 2.621715
4.470752, 2.621714
4.470752, 2.621715
4.470753, 2.621714
4.470752, 2.621714
4.470752, 2.621715
4.470753, 2.621715
4.470752, 2.621714
4.470753, 2.621715
4.470752, 2.621714
4.470751, 2.621714
4.470752, 2.621714
4.470753, 2.621714
4.467959, 2.620146
4.41498, 2.5902
4.34559, 2.550247
4.276638, 2.509546
4.208126, 2.468105
4.140056, 2.425937
4.072442, 2.383042
4.005292, 2.339427
3.938623, 2.295084
3.872434, 2.250034
3.806728, 2.204278
3.741513, 2.157822
3.676797, 2.110667
3.61259, 2.062822
3.548912, 2.014289
3.485758, 1.965071
3.42313, 1.915182
3.361039, 1.864624
3.299498, 1.8134
3.238519, 1.761517
3.178095, 1.708982
3.118232, 1.655799
3.05895, 1.601979
3.000253, 1.547521
2.942144, 1.492436
2.884624, 1.436727
2.827715, 1.380403
2.771418, 1.323467
2.715736, 1.265932
2.660674, 1.207798
2.606239, 1.149073
2.552436, 1.089763
2.499281, 1.029877
2.44678, 0.9694222
2.39494, 0.9084027
2.343761, 0.8468245
2.293252, 0.7846926
2.243421, 0.7220193
2.19427, 0.6588101
2.145808, 0.595071
2.098048, 0.5308058
2.050997, 0.4660528
2.004534, 0.4015046
1.957629, 0.3374829
1.910027, 0.2739783
1.861726, 0.2110032
1.81273, 0.1485711
1.763025, 0.08670236
1.732882, 0.04983925
1.732883, 0.04983955
1.732883, 0.04983877
1.732883, 0.04983916
1.732882, 0.04983936
1.732883, 0.04983997
1.732883, 0.049839
1.732883, 0.04983884
1.732883, 0.04983962
1.732883, 0.04984022
1.732882, 0.0498383
1.732883, 0.04983917
1.732883, 0.0498399
1.732883, 0.04983875
1.732883, 0.04983902
1.732883, 0.0498389
1.732883, 0.04983886
1.732882, 0.04983969
1.732883, 0.04983899
1.732883, 0.04983884
1.732882, 0.04983932
1.732883, 0.04983893
1.732882, 0.04983882
1.732882, 0.04983877
1.732882, 0.04983877
1.732882, 0.04983877
1.732882, 0.04983877
1.732882, 0.04983877
1.732882, 0.04983877
1.732882, 0.04983877
1.732882, 0.04983877
1.732882, 0.04983877
1.732882, 0.04983877
1.758536, 0.06853417
1.78417, 0.0872592
1.784171, 0.08725914
1.784171, 0.08725914
1.784171, 0.08725914
1.784171, 0.08725914
1.784171, 0.08725914
1.784171, 0.08725914
1.784171, 0.08725914
1.784171, 0.08725914
1.784171, 0.08725914
1.789042, 0.07907575
1.808465, 0.04630438
1.808464, 0.04630478
1.808464, 0.04630486
1.808466, 0.04630428
1.808464, 0.04630463
1.808465, 0.04630516
1.808465, 0.0463049
1.808465, 0.04630497
1.808465, 0.04630392
1.808465, 0.04630524
1.808465, 0.04630502
1.808465, 0.04630434
1.808464, 0.04630372
1.808464, 0.04630474
1.808465, 0.04630373
1.808466, 0.04630538
1.808465, 0.04630441
1.808465, 0.04630554
1.808465, 0.04630462
1.808464, 0.04630413
1.808465, 0.04630543
1.808465, 0.04630429
1.808465, 0.04630405
1.808465, 0.04630483
1.808464, 0.04630526
1.808465, 0.04630411
1.808465, 0.04630414
1.808464, 0.04630485
1.808464, 0.04630485
1.808464, 0.04630485
1.808464, 0.04630485
1.808464, 0.04630485
1.816162, 0.06432019
1.846952, 0.1363809
1.879025, 0.211444
1.9111, 0.2865057
1.943191, 0.3615599
1.975266, 0.436617
2.007337, 0.5116749
2.03942, 0.58673
2.071496, 0.6617869
2.103565, 0.7368452
2.135632, 0.8119031
2.167716, 0.8869539
2.199798, 0.9620055
2.231868, 1.037062
2.263954, 1.112112
2.29603, 1.187167
2.328091, 1.262236
2.36015, 1.337313
2.392201, 1.412289
2.423808, 1.485681
2.455749, 1.558334
2.488328, 1.630702
2.52154, 1.702785
2.555385, 1.774571
2.589861, 1.846056
2.624969, 1.917234
2.660714, 1.988096
2.697095, 2.058634
2.734127, 2.128829
2.770307, 2.195883
2.779439, 2.2126
2.779439, 2.2126
2.779439, 2.2126
2.779439, 2.2126
2.779439, 2.2126
2.779439, 2.2126
2.779439, 2.2126
2.779439, 2.2126
2.779439, 2.2126
2.779439, 2.2126
2.779439, 2.2126
2.779439, 2.2126
2.779439, 2.2126
2.779439, 2.2126
2.760823, 2.208565
2.68643, 2.192126
2.609113, 2.17424
2.531983, 2.155532
2.455056, 2.136011
2.378339, 2.115675
2.301841, 2.094523
2.225574, 2.072556
2.149546, 2.049776
2.073763, 2.026194
1.998236, 2.001811
1.922974, 1.976627
1.84798, 1.950639
1.773271, 1.923852
1.698848, 1.896279
1.624721, 1.867919
1.550903, 1.838765
1.477404, 1.808826
1.404224, 1.77811
1.331373, 1.746621
1.258865, 1.714355
1.186707, 1.681313
1.114901, 1.647511
1.043458, 1.612951
0.9723902, 1.577624
0.9017025, 1.541543
0.8314013, 1.504715
0.7615003, 1.467134
0.6920037, 1.428811
0.6643023, 1.413305
0.6643028, 1.413305
0.6643031, 1.413305
0.6643018, 1.413306
0.6643018, 1.413306
0.6643029, 1.413305
0.6643021, 1.413305
0.6643017, 1.413305
0.6643022, 1.413306
0.6643026, 1.413305
0.6643025, 1.413306
0.6643021, 1.413305
0.6643021, 1.413306
0.6643031, 1.413306
0.6643026, 1.413305
0.6643022, 1.413305
0.6643025, 1.413306
0.6643025, 1.413306
0.6643029, 1.413306
0.6643018, 1.413306
0.6643021, 1.413306
0.6643025, 1.413306
0.6746162, 1.417418
0.7503144, 1.447411
0.8363537, 1.481449
0.922393, 1.515487
1.008434, 1.54952
1.094475, 1.583555
1.180516, 1.617589
1.266558, 1.651623
1.352598, 1.685657
1.43864, 1.719689
1.52468, 1.753725
1.610725, 1.787751
1.696766, 1.821785
1.781698, 1.855384
1.859616, 1.886215
1.936427, 1.916606
2.013235, 1.946999
2.090043, 1.977401
2.166849, 2.0078
2.243661, 2.038194
2.320468, 2.068592
2.397269, 2.099007
2.474073, 2.129416
2.550871, 2.159829
2.618454, 2.186598
2.62767, 2.190249
2.62767, 2.190249
2.62767, 2.190249
2.62767, 2.190249
2.62767, 2.190249
2.62767, 2.190249
2.62767, 2.190249
2.62767, 2.190249
2.62767, 2.190249
2.62767, 2.190249
2.62767, 2.190249
2.62767, 2.190249
2.62767, 2.190249
2.62767, 2.190249
2.613911, 2.153166
2.57902, 2.060643
2.544257, 1.968068
2.509689, 1.875417
2.47531, 1.782693
2.441123, 1.689899
2.411184, 1.60819
2.407111, 1.597045
2.407111, 1.597043
2.407111, 1.597046
2.407111, 1.597043
2.407111, 1.597044
2.407111, 1.597044
2.407111, 1.597044
2.407112, 1.597045
2.407111, 1.597044
2.407112, 1.597045
2.40711, 1.597044
2.407112, 1.597044
2.407111, 1.597044
2.407112, 1.597044
2.40711, 1.597044
2.407111, 1.597044
2.407111, 1.597044
2.407111, 1.597044
2.407112, 1.597044
2.407111, 1.597044
2.407111, 1.597044
2.407111, 1.597044
2.407111, 1.597044
2.407111, 1.597044
2.407111, 1.597044
2.407111, 1.597044
2.407111, 1.597044
2.407111, 1.597044
2.407111, 1.597044
2.407111, 1.597044
2.402384, 1.640034
2.389919, 1.747442
2.377367, 1.854842
2.364843, 1.962246
2.352298, 2.069648
2.34157, 2.159883
2.331466, 2.238604
2.320506, 2.31721
2.308697, 2.39569
2.296035, 2.474038
2.282512, 2.552243
2.268133, 2.630295
2.252886, 2.708184
2.23676, 2.785891
2.219727, 2.863405
2.209085, 2.909818
2.209085, 2.909818
2.209085, 2.909819
2.209085, 2.909818
2.209086, 2.909818
2.209085, 2.909818
2.209085, 2.909818
2.209085, 2.909818
2.209086, 2.909817
2.209085, 2.909819
2.209086, 2.909818
2.209086, 2.909818
2.209085, 2.909817
2.209086, 2.909817
2.209086, 2.909818
2.209085, 2.909818
2.209086, 2.909817
2.209086, 2.909817
2.209085, 2.909818
2.209085, 2.909818
2.209086, 2.909818
2.209085, 2.909817
2.209085, 2.909817
2.209086, 2.909819
2.209086, 2.90982
2.209086, 2.90982
2.209086, 2.90982
2.209086, 2.90982
2.209086, 2.90982
2.209086, 2.90982
2.209086, 2.90982
2.226527, 2.865508
2.25545, 2.7916
2.284135, 2.717599
2.312575, 2.643507
2.340768, 2.569318
2.368711, 2.495035
2.396407, 2.420661
2.42386, 2.346195
2.451064, 2.271639
2.478016, 2.19699
2.504722, 2.122253
2.531186, 2.047434
2.557394, 1.972524
2.583353, 1.897523
2.60906, 1.822438
2.634507, 1.747265
2.661401, 1.667505
2.689752, 1.584856
2.718742, 1.502428
2.748392, 1.420233
2.777481, 1.341556
2.784841, 1.32192
2.784841, 1.32192
2.784841, 1.32192
2.784841, 1.32192
2.784841, 1.32192
2.784841, 1.32192
2.784841, 1.32192
2.784841, 1.32192
2.784841, 1.32192
2.784841, 1.32192
2.784841, 1.32192
2.784841, 1.32192
2.784841, 1.32192
2.784841, 1.32192
2.784841, 1.32192
2.764346, 1.333317
2.68243, 1.379028
2.597278, 1.426958
2.512319, 1.475229
2.427552, 1.52384
2.342989, 1.572796
2.258623, 1.622092
2.174455, 1.671736
2.090487, 1.721719
2.00672, 1.772038
1.923162, 1.822696
1.839808, 1.873693
1.756662, 1.925024
1.673725, 1.976692
1.624052, 2.007837
1.624052, 2.007837
1.624054, 2.007837
1.624053, 2.007837
1.624052, 2.007837
1.624052, 2.007836
1.624052, 2.007837
1.624053, 2.007837
1.624053, 2.007836
1.624053, 2.007837
1.624053, 2.007837
1.624052, 2.007837
1.624053, 2.007836
1.624053, 2.007837
1.624053, 2.007837
1.624053, 2.007838
1.624052, 2.007838
1.624052, 2.007837
1.624052, 2.007837
1.624054, 2.007836
1.624053, 2.007837
1.624053, 2.007837
1.624053, 2.007836
1.624053, 2.007837
1.624053, 2.007837
1.624053, 2.007837
1.629437, 2.014156
1.683282, 2.077337
1.747908, 2.153144
1.812532, 2.228955
1.877155, 2.304765
1.941781, 2.380573
2.006412, 2.456377
2.071021, 2.532198
2.135635, 2.608015
2.200254, 2.683827
2.264883, 2.759633
2.329503, 2.835446
2.394116, 2.911263
2.457999, 2.986105
2.52047, 3.058155
2.583758, 3.129327
2.647972, 3.199667
2.694916, 3.249953
2.696732, 3.251877
2.696732, 3.251877
2.696732, 3.251877
2.696732, 3.251877
2.696732, 3.251877
2.699183, 3.250807
2.76284, 3.222816
2.851278, 3.184755
2.940192, 3.147811
3.02957, 3.112001
3.119389, 3.077327
3.209648, 3.04379
3.300325, 3.011411
3.391407, 2.980186
3.482877, 2.95013
3.574725, 2.921243
3.666941, 2.893531
3.7595, 2.867013
3.852403, 2.841697
3.944915, 2.817286
4.036798, 2.792245
4.128335, 2.76596
4.204345, 2.743121
4.211933, 2.740792
4.211933, 2.740792
4.211932, 2.740791
4.211932, 2.740792
4.211932, 2.740791
4.211933, 2.740792
4.211932, 2.740792
4.211932, 2.740791
4.211931, 2.740792
4.211932, 2.740793
4.211933, 2.740791
4.211932, 2.740791
4.211932, 2.740792
4.211932, 2.740792
4.211932, 2.740791
4.211932, 2.740791
4.211932, 2.740792
4.211932, 2.740791
4.211932, 2.740791
4.211933, 2.740791
4.211933, 2.740791
4.211933, 2.740792
4.211932, 2.740791
4.211933, 2.740792
4.211933, 2.740792
4.211933, 2.740791
4.211933, 2.740792
4.211933, 2.740792
4.211932, 2.740791
4.211933, 2.740791
4.211932, 2.740792
4.258381, 2.74492
4.335104, 2.75631
4.429039, 2.772038
4.522757, 2.788972
4.616251, 2.807105
4.709507, 2.826436
4.802507, 2.846966
4.895242, 2.868682
4.962044, 2.885064
4.964611, 2.885705
4.964612, 2.885706
4.964612, 2.885707
4.964611, 2.885706
4.964611, 2.885706
4.964612, 2.885707
4.964611, 2.885706
4.964611, 2.885707
4.964611, 2.885706
4.964611, 2.885707
4.964611, 2.885706
4.964611, 2.885707
4.964611, 2.885706
4.964611, 2.885706
4.964612, 2.885707
4.964611, 2.885706
4.964611, 2.885706
4.964611, 2.885706
4.964609, 2.885706
4.964609, 2.885706
4.964609, 2.885706
4.964609, 2.885706
4.964609, 2.885706
4.964609, 2.885706
4.964609, 2.885706
4.964609, 2.885706
4.964609, 2.885706
4.964609, 2.885706
4.964609, 2.885706
4.964609, 2.885706
4.964609, 2.885706
4.964609, 2.885706
4.934149, 2.868594
4.827539, 2.8087
4.717868, 2.747109
4.608212, 2.685497
4.498559, 2.623892
4.388903, 2.562288
4.279248, 2.500682
4.176973, 2.443257
4.093063, 2.396436
4.009709, 2.350371
3.926154, 2.304671
3.865688, 2.271889
3.86336, 2.270633
3.86336, 2.270633
3.85989, 2.263494
3.824933, 2.192242
3.782085, 2.107186
3.738162, 2.02268
3.693156, 1.938743
3.64708, 1.855392
3.599952, 1.772639
3.551765, 1.690496
3.50253, 1.608974
3.452253, 1.52809
3.400942, 1.447857
3.348614, 1.368283
3.295265, 1.28939
3.240914, 1.21119
3.185565, 1.133693
3.129216, 1.056915
3.071888, 0.9808609
3.013582, 0.9055517
2.954313, 0.8309898
2.894085, 0.7572078
2.832919, 0.6842191
2.770814, 0.6120269
2.707774, 0.5406415
2.643808, 0.470081
2.578928, 0.4003643
2.513138, 0.3315077
2.44644, 0.2635218
2.378841, 0.1964452
2.310312, 0.1303168
2.26992, 0.09217364
2.26992, 0.09217369
2.26992, 0.09217369
2.26992, 0.09217369
2.26992, 0.09217369
2.26992, 0.09217369
2.26992, 0.09217369
2.26992, 0.09217369
2.26992, 0.09217369
2.26992, 0.09217369
2.26992, 0.09217369
2.272513, 0.09164963
2.339976, 0.07825565
2.433566, 0.06059107
2.501285, 0.0485286
2.503893, 0.04807595
2.503892, 0.04807533
2.503891, 0.04807549
2.503891, 0.04807579
2.503892, 0.04807601
2.503892, 0.0480752
2.503892, 0.04807583
2.503892, 0.04807563
2.503891, 0.04807519
2.503891, 0.04807588
2.503893, 0.04807557
2.503892, 0.04807538
2.503892, 0.04807524
2.503892, 0.04807556
2.503891, 0.04807544
2.503893, 0.04807605
2.503892, 0.04807557
2.503892, 0.04807555
2.503891, 0.04807566
2.503891, 0.04807653
2.503893, 0.04807535
2.503892, 0.04807552
2.503892, 0.0480754
2.503891, 0.04807686
2.503891, 0.04807686
2.503891, 0.04807686
2.503891, 0.04807686
2.503891, 0.04807686
2.494679, 0.1280054
2.478891, 0.2650279
2.463109, 0.4020461
2.447314, 0.5390611
2.431525, 0.6760772
2.415734, 0.8130928
2.399937, 0.95011
2.384128, 1.087129
2.368329, 1.224146
2.352533, 1.361161
2.336736, 1.498178
2.320949, 1.635197
2.307717, 1.747445
2.295474, 1.841894
2.281958, 1.93617
2.267131, 2.030248
2.260605, 2.069388
2.260605, 2.069388
2.260605, 2.069388
2.260605, 2.069388
2.260605, 2.069388
2.260605, 2.069388
2.260605, 2.069388
2.260605, 2.069388
2.260605, 2.069388
2.260605, 2.069388
2.260605, 2.069388
2.260605, 2.069388
2.262817, 2.067608
2.320445, 2.021439
2.400604, 1.957975
2.481266, 1.895155
2.562422, 1.832982
2.644064, 1.771447
2.726187, 1.710564
2.80879, 1.650339
2.891865, 1.59077
2.975422, 1.531857
3.05945, 1.47362
3.143934, 1.416049
3.228869, 1.35915
3.314257, 1.302935
3.400086, 1.247398
3.486363, 1.192546
3.57308, 1.138391
3.660221, 1.084933
3.747783, 1.032177
3.835782, 0.980135
3.923156, 0.9293293
4.005868, 0.8809559
4.087466, 0.8318427
4.168376, 0.7816116
4.226377, 0.744648
4.2286, 0.7432136
4.2286, 0.7432136
4.2286, 0.7432136
4.2286, 0.7432136
4.2286, 0.7432136
4.2286, 0.7432136
4.2286, 0.7432136
4.2286, 0.7432136
4.2286, 0.7432136
4.2286, 0.7432136
4.205395, 0.7305074
4.12394, 0.6864814
4.039601, 0.6422372
3.954707, 0.5990719
3.869272, 0.5569881
3.783311, 0.5159939
3.696834, 0.4760953
3.609859, 0.4372959
3.522402, 0.3996063
3.434467, 0.3630299
3.346076, 0.3275757
3.257243, 0.2932632
3.167988, 0.2600844
3.078311, 0.2280462
2.988227, 0.1971514
2.897754, 0.1674049
2.806904, 0.1388134
2.715703, 0.1113789
2.624164, 0.08511556
2.547649, 0.06408199
2.539987, 0.0620172
2.539987, 0.06201715
2.539987, 0.06201736
2.539987, 0.06201791
2.539985, 0.06201738
2.539986, 0.06201775
2.539986, 0.06201815
2.539986, 0.06201692
2.539985, 0.06201802
2.539987, 0.06201808
2.539986, 0.06201823
2.539986, 0.06201821
2.539986, 0.06201756
2.539985, 0.06201804
2.539985, 0.06201844
2.539986, 0.06201849
2.539986, 0.06201705
2.539986, 0.06201774
2.539986, 0.06201838
2.539985, 0.062018
2.539986, 0.06201762
2.539985, 0.06201796
2.539986, 0.06201793
2.539674, 0.07806451
2.537412, 0.1663191
2.533797, 0.2625594
2.528938, 0.3587326
2.522842, 0.4548337
2.515516, 0.5508499
2.506956, 0.6467652
2.497154, 0.7425668
2.486116, 0.8382441
2.473849, 0.9337647
2.460354, 1.029107
2.445629, 1.124272
2.429674, 1.219244
2.412491, 1.31401
2.394089, 1.408545
2.374473, 1.502825
2.353638, 1.596837
2.331584, 1.690579
2.308326, 1.784032
2.283871, 1.877178
2.258216, 1.970001
2.231354, 2.062484
2.203299, 2.154608
2.174058, 2.246363
2.143628, 2.33773
2.112018, 2.428698
2.07924, 2.519245
2.045286, 2.609366
2.010169, 2.699039
1.973898, 2.788251
1.936465, 2.876986
1.89789, 2.965226
1.858171, 3.052956
1.817318, 3.140163
1.775329, 3.226833
1.732217, 3.312947
1.687984, 3.398494
1.64264, 3.483456
1.596196, 3.567815
1.548648, 3.651559
1.499998, 3.734674
1.450256, 3.817137
1.399441, 3.898907
1.347937, 3.979367
1.295516, 4.058879
1.241998, 4.137659
1.202666, 4.194085
1.201141, 4.196247
1.201141, 4.196247
1.201141, 4.196247
1.201141, 4.196247
1.201141, 4.196247
1.201141, 4.196247
1.201141, 4.196247
1.201141, 4.196247
1.201141, 4.196247
1.199765, 4.193986
1.164986, 4.134651
1.117837, 4.051911
1.071693, 3.96861
1.026556, 3.88475
0.9824346, 3.800346
0.9393465, 3.715414
0.8972961, 3.629969
0.8562819, 3.54402
0.8163137, 3.457578
0.7773938, 3.370655
0.7395421, 3.283268
0.7027549, 3.195429
0.6670289, 3.107153
0.6323726, 3.018445
0.5987948, 2.929322
0.5663116, 2.839801
0.5349175, 2.749894
0.5046111, 2.659604
0.4754141, 2.568955
0.4473217, 2.477961
0.4203302, 2.386628
0.394453, 2.294972
0.3696991, 2.203015
0.3460577, 2.110763
0.3235367, 2.018229
0.3021552, 1.925418
0.2818979, 1.832355
0.2627833, 1.739064
0.2448004, 1.645548
0.2279599, 1.551819
0.2122681, 1.457878
0.1977295, 1.363755
0.1843386, 1.269466
0.1724194, 1.177641
0.169182, 1.151383
0.1691817, 1.151384
0.1691827, 1.151383
0.1691817, 1.151382
0.1691817, 1.151383
0.1691814, 1.151382
0.1691817, 1.151383
0.1691814, 1.151383
0.1691817, 1.151383
0.1691816, 1.151383
0.1691819, 1.151383
0.1691812, 1.151383
0.1691822, 1.151383
0.1691818, 1.151384
0.1691817, 1.151382
0.1691827, 1.151382
0.1691815, 1.151383
0.1691815, 1.151383
0.1691821, 1.151383
0.1691817, 1.151382
0.1691814, 1.151382
0.172012, 1.152912
0.2456829, 1.192531
0.3477103, 1.24735
0.4497357, 1.302173
0.5517586, 1.357001
0.6537817, 1.411829
0.7558076, 1.466651
0.8578343, 1.521472
0.9522619, 1.572318
1.035845, 1.617977
1.119054, 1.664306
1.178919, 1.698184
1.181217, 1.699495
1.181217, 1.699495
1.181217, 1.699495
1.181217, 1.699495
1.181217, 1.699495
1.181217, 1.699495
1.181217, 1.699495
1.181217, 1.699495
1.181217, 1.699495
1.181217, 1.699495
1.181217, 1.699495
1.181217, 1.699495
1.181217, 1.699495
1.130305, 1.700821
1.00813, 1.704492
0.8859866, 1.709091
0.7638829, 1.714629
0.6418293, 1.721118
0.590987, 1.724059
0.5909868, 1.72406
0.5909867, 1.72406
0.5909863, 1.72406
0.5909867, 1.72406
0.5909867, 1.72406
0.5909865, 1.72406
0.5909863, 1.72406
0.5909868, 1.72406
0.590987, 1.72406
0.5909858, 1.72406
0.5909865, 1.724059
0.590987, 1.72406
0.5909864, 1.72406
0.5909865, 1.724061
0.5909862, 1.72406
0.5909877, 1.724059
0.5909867, 1.72406
0.5909864, 1.724059
0.6054484, 1.730603
0.6847327, 1.767148
0.7709055, 1.807687
0.8567759, 1.848868
0.9423361, 1.890689
1.027583, 1.933146
1.112512, 1.976239
1.197112, 2.019966
1.281386, 2.064322
1.365325, 2.109307
1.448925, 2.154914
1.532183, 2.201152
1.615095, 2.248011
1.697657, 2.295501
1.779862, 2.343607
1.861706, 2.392329
1.943184, 2.441658
2.024277, 2.491595
2.104994, 2.542135
2.185324, 2.593282
2.265271, 2.645027
2.344829, 2.697372
2.423994, 2.750321
2.50276, 2.80386
2.581125, 2.85798
2.659085, 2.912685
2.736634, 2.967976
2.813769, 3.023845
2.890484, 3.0803
2.966759, 3.137331
3.042594, 3.194929
3.118002, 3.253094
3.192972, 3.311826
3.267502, 3.37112
3.341588, 3.43097
3.415223, 3.491374
3.488405, 3.552335
3.561129, 3.613839
3.633388, 3.675887
3.705166, 3.73848
3.776477, 3.801615
3.847309, 3.86528
3.917664, 3.92948
3.987538, 3.99421
4.056914, 4.05947
4.125791, 4.125247
4.19417, 4.191547
4.262049, 4.258362
4.329416, 4.325685
4.39627, 4.393517
4.462607, 4.46186
4.528419, 4.530704
4.593696, 4.60005
4.658447, 4.669903
4.72266, 4.740242
4.786724, 4.810723
4.851551, 4.880499
4.91181, 4.943676
4.922843, 4.955088
4.922843, 4.955087
4.922843, 4.955088
4.922843, 4.955088
4.922844, 4.955088
4.922843, 4.955088
4.922844, 4.955087
4.922844, 4.955088
4.922844, 4.955088
4.922843, 4.955088
4.922844, 4.955088
4.922844, 4.955089
4.922844, 4.955088
4.922844, 4.955087
4.922844, 4.955088
4.922844, 4.955088
4.922844, 4.955088
4.922844, 4.955087
4.922844, 4.955087
4.922845, 4.955089
4.920583, 4.947482
4.918322, 4.939875
4.918322, 4.939875
4.918322, 4.939875
4.918322, 4.939875
4.918322, 4.939875
4.918322, 4.939875
4.918322, 4.939875
4.918322, 4.939875
4.918322, 4.939875
4.918322, 4.939875
4.918322, 4.939875
4.918322, 4.939875
4.918322, 4.939875
4.918322, 4.939875
4.918322, 4.939875
4.924922, 4.951339
4.926242, 4.953631
4.926243, 4.953632
4.926242, 4.953632
4.926242, 4.95363
4.926242, 4.953631
4.926242, 4.95363
4.926243, 4.95363
4.926242, 4.953631
4.926242, 4.953631
4.926242, 4.953632
4.926242, 4.953631
4.926242, 4.953631
4.926243, 4.953632
4.926243, 4.953632
4.926242, 4.953631
4.926242, 4.953631
4.926242, 4.953631
4.926242, 4.953631
4.926241, 4.953629
4.926241, 4.953629
4.926241, 4.953629
4.926241, 4.953629
4.926241, 4.953629
4.926241, 4.953629
4.926241, 4.953629
4.926241, 4.953629
4.926241, 4.953629
4.926241, 4.953629
4.926241, 4.953629
4.918352, 4.945641
4.839451, 4.865751
4.74477, 4.769879
4.650085, 4.674016
4.55541, 4.578134
4.46074, 4.482244
4.366068, 4.386353
4.271387, 4.290482
4.175086, 4.192576
4.078341, 4.092555
3.982653, 3.991522
3.888029, 3.889488
3.794477, 3.786462
3.702024, 3.682457
3.610672, 3.577483
3.52043, 3.471547
3.431317, 3.364667
3.343344, 3.256849
3.256523, 3.148099
3.170867, 3.038422
3.086405, 2.92783
3.003152, 2.816327
2.921139, 2.703908
2.84708, 2.600042
2.833724, 2.581083
2.833724, 2.581083
2.833724, 2.581083
2.836142, 2.56038
2.850104, 2.446593
2.866106, 2.322558
2.882853, 2.198623
2.90034, 2.074789
2.918571, 1.951065
2.937535, 1.827449
2.957238, 1.703948
2.977679, 1.580565
2.998859, 1.457304
3.020771, 1.334169
3.043414, 1.211167
3.066802, 1.08831
3.090925, 0.9655985
3.115776, 0.8430331
3.140633, 0.7240145
3.147841, 0.6900323
3.14784, 0.6900322
3.147841, 0.6900316
3.147839, 0.6900315
3.14784, 0.6900318
3.14784, 0.6900322
3.14784, 0.6900313
3.14784, 0.690032
3.147839, 0.690032
3.14784, 0.6900317
3.14784, 0.6900308
3.147839, 0.6900313
3.14784, 0.6900315
3.147839, 0.6900313
3.147839, 0.6900318
3.14784, 0.6900315
3.14784, 0.6900317
3.14784, 0.6900308
3.129069, 0.7258624
3.084003, 0.8118498
3.038936, 0.8978357
2.993878, 0.9838252
2.948819, 1.069814
2.903755, 1.155803
2.858692, 1.241791
2.813628, 1.32778
2.768566, 1.413768
2.723503, 1.499757
2.67844, 1.585746
2.633377, 1.671735
2.588316, 1.757724
2.543247, 1.843709
2.498184, 1.929698
2.453117, 2.015684
2.408061, 2.101677
2.362996, 2.187664
2.316796, 2.275794
2.259795, 2.382888
2.198839, 2.493357
2.136057, 2.602793
2.071455, 2.711169
2.005057, 2.818447
1.936875, 2.924604
1.866924, 3.029606
1.795228, 3.133423
1.721801, 3.236018
1.646646, 3.33736
1.569794, 3.437423
1.491257, 3.536163
1.411043, 3.633549
1.329159, 3.729535
1.245587, 3.824056
1.174668, 3.901671
1.167515, 3.909379
1.167515, 3.909379
1.167515, 3.909379
1.167515, 3.909379
1.167515, 3.909379
1.167515, 3.909379
1.167515, 3.909379
1.167515, 3.909379
1.167515, 3.909379
1.167515, 3.909379
1.171046, 3.91009
1.262801, 3.928846
1.389626, 3.955853
1.516151, 3.984262
1.64236, 4.014074
1.768226, 4.045285
1.893731, 4.077895
2.018856, 4.111887
2.143602, 4.147275
2.267952, 4.184048
2.388456, 4.221098
2.422823, 4.231883
2.422822, 4.231883
2.422822, 4.231883
2.422822, 4.231883
2.422823, 4.231882
2.422823, 4.231883
2.422822, 4.231884
2.422823, 4.231883
2.422822, 4.231883
2.422822, 4.231883
2.422822, 4.231883
2.422823, 4.231882
2.422822, 4.231883
2.422823, 4.231883
2.422823, 4.231883
2.422823, 4.231884
2.422823, 4.231884
2.422823, 4.231883
2.422823, 4.231883
2.422823, 4.231883
2.422823, 4.231883
2.422823, 4.231883
2.422823, 4.231884
2.422822, 4.231884
2.422822, 4.231884
2.422823, 4.231884
2.422824, 4.231884
2.422824, 4.231884
2.422824, 4.231884
2.422824, 4.231884
2.452973, 4.184484
2.505016, 4.103458
2.557058, 4.022432
2.609093, 3.941402
2.661128, 3.860371
2.713171, 3.779341
2.765212, 3.698311
2.817246, 3.61728
2.86928, 3.536249
2.921321, 3.455219
2.973358, 3.374187
3.025402, 3.293157
3.077437, 3.212126
3.129471, 3.131094
3.181511, 3.050063
3.233543, 2.969032
3.285576, 2.888
3.337608, 2.806968
3.389641, 2.725936
3.441669, 2.644901
3.49673, 2.559069
3.565164, 2.451485
3.634251, 2.340968
3.702405, 2.229871
3.769629, 2.118209
3.835912, 2.005989
3.901258, 1.893206
3.96565, 1.779882
4.029086, 1.666029
4.091562, 1.551643
4.153067, 1.43673
4.213593, 1.321294
4.273135, 1.205349
4.331684, 1.088899
4.389217, 0.9719412
4.445702, 0.8544714
4.485829, 0.7693164
4.48736, 0.7660355
4.48736, 0.7660355
4.48736, 0.7660355
4.48736, 0.7660355
4.48736, 0.7660355
4.48736, 0.7660355
4.48736, 0.7660355
4.48736, 0.7660355
4.48736, 0.7660355
4.48736, 0.7660355
4.48736, 0.7660355
4.48736, 0.7660355
4.48736, 0.7660355
4.48736, 0.7660355
4.48736, 0.7660355
4.458464, 0.8100135
4.389772, 0.9160029
4.321346, 1.022162
4.253117, 1.128479
4.185087, 1.234975
4.117264, 1.341611
4.049651, 1.44838
3.982264, 1.555285
3.915095, 1.662328
3.848155, 1.769515
3.781422, 1.876828
3.714888, 1.984266
3.648596, 2.091856
3.582501, 2.199571
3.516645, 2.307425
3.45102, 2.415415
3.38561, 2.523541
3.320447, 2.631812
3.257313, 2.737208
3.239311, 2.767342
3.239311, 2.767342
3.239311, 2.767342
3.239311, 2.767342
3.239311, 2.767342
3.239311, 2.767342
3.239311, 2.767342
3.239311, 2.767342
3.239311, 2.767342
3.239311, 2.767342
3.239311, 2.767342
3.238288, 2.764465
3.212247, 2.689462
3.176142, 2.585634
3.139682, 2.481936
3.102858, 2.378366
3.065663, 2.27493
3.028096, 2.17162
2.990158, 2.068444
2.95185, 1.965402
2.913186, 1.862498
2.874165, 1.75973
2.83478, 1.657103
2.795026, 1.554614
2.75492, 1.452267
2.71445, 1.350059
2.673609, 1.247996
2.632413, 1.146081
2.594343, 1.052783
2.587396, 1.03583
2.587396, 1.03583
2.587395, 1.035831
2.587395, 1.03583
2.587395, 1.03583
2.587395, 1.03583
2.587395, 1.035831
2.587395, 1.035831
2.587396, 1.035831
2.587396, 1.035831
2.587395, 1.035831
2.587396, 1.03583
2.587395, 1.035832
2.587396, 1.035831
2.587395, 1.035831
2.587395, 1.03583
2.587395, 1.03583
2.587395, 1.035831
2.587395, 1.035831
2.587395, 1.035831
2.584597, 1.04475
2.556501, 1.133899
2.522753, 1.240867
2.489008, 1.347837
2.455254, 1.454804
2.421504, 1.561773
2.387763, 1.668745
2.354022, 1.775717
2.320282, 1.882689
2.286546, 1.989663
2.252909, 2.096403
2.22001, 2.202219
2.187947, 2.308168
2.156709, 2.414362
2.126307, 2.520803
2.096736, 2.627476
2.068007, 2.734374
2.04012, 2.841499
2.013069, 2.948837
1.986874, 3.056384
1.961526, 3.164138
1.937033, 3.272091
1.913407, 3.380237
1.890658, 3.488569
1.868799, 3.597083
1.848442, 3.702758
1.842772, 3.732979
1.842772, 3.732979
1.842772, 3.732979
1.842772, 3.732979
1.842772, 3.732979
1.842772, 3.732979
1.842772, 3.732979
1.842773, 3.73298
1.842772, 3.732979
1.842771, 3.732978
1.842774, 3.73298
1.842772, 3.732979
1.842773, 3.732979
1.842773, 3.73298
1.842773, 3.732979
1.842773, 3.732979
1.842772, 3.732979
1.842772, 3.732979
1.842772, 3.732979
1.842772, 3.732979
1.842774, 3.732979
1.842773, 3.73298
1.842773, 3.73298
1.842773, 3.732979
1.842772, 3.732979
1.842772, 3.732979
1.842772, 3.73298
1.842773, 3.732979
1.842772, 3.732979
1.842773, 3.73298
1.842773, 3.73298
1.842773, 3.732979
1.842772, 3.732979
1.842772, 3.732979
1.842773, 3.732978
1.887846, 3.700501
1.96488, 3.644508
2.041341, 3.587721
2.117212, 3.530144
2.192482, 3.47179
2.267147, 3.412662
2.341204, 3.352764
2.414638, 3.292106
2.487426, 3.230697
2.559574, 3.168543
2.631073, 3.105646
2.701924, 3.042015
2.772118, 2.97765
2.841645, 2.912564
2.910501, 2.846759
2.978676, 2.780248
3.046156, 2.713031
3.112927, 2.645127
3.178989, 2.576538
3.244344, 2.507267
3.308976, 2.437323
3.372884, 2.366713
3.436063, 2.29544
3.498501, 2.223515
3.560179, 2.150951
3.6211, 2.07775
3.68126, 2.00392
3.740655, 1.92947
3.799354, 1.854468
3.857468, 1.779012
3.914998, 1.703124
3.971958, 1.626797
4.028338, 1.550044
4.084134, 1.472861
4.139331, 1.395256
4.193932, 1.31723
4.247939, 1.238784
4.301332, 1.159918
4.3541, 1.080637
4.406237, 1.000935
4.453446, 0.9274974
4.461975, 0.9141089
4.461975, 0.9141089
4.461975, 0.9141089
4.461975, 0.9141089
4.461975, 0.9141089
4.461975, 0.9141089
4.461975, 0.9141089
4.461975, 0.9141089
4.463979, 0.9158354
4.515952, 0.9608908
4.587327, 1.023948
4.657884, 1.087912
4.727615, 1.152771
4.796515, 1.218513
4.864579, 1.285124
4.931793, 1.352593
4.959581, 1.380925
4.95958, 1.380925
4.959581, 1.380925
4.95958, 1.380925
4.959582, 1.380925
4.959581, 1.380925
4.95958, 1.380925
4.959581, 1.380925
4.959581, 1.380925
4.959582, 1.380925
4.959581, 1.380925
4.95958, 1.380925
4.959581, 1.380925
4.959582, 1.380925
4.95958, 1.380925
4.959582, 1.380926
4.95958, 1.380925
4.95958, 1.380925
4.959581, 1.380925
4.959581, 1.380924
4.959583, 1.380926
4.959581, 1.380925
4.959581, 1.380927
4.959581, 1.380927
4.920781, 1.389253
4.827804, 1.409865
4.735099, 1.431639
4.642674, 1.454586
4.550552, 1.478708
4.458738, 1.504012
4.367254, 1.530488
4.276115, 1.558122
4.185334, 1.586912
4.094927, 1.616849
4.004905, 1.647934
3.915289, 1.680175
3.8261, 1.71356
3.737344, 1.748077
3.64903, 1.783713
3.561176, 1.820464
3.473795, 1.858343
3.386906, 1.897342
3.300524, 1.937443
3.214659, 1.978637
3.129332, 2.020924
3.044551, 2.064303
2.96033, 2.108756
2.876678, 2.154276
2.793609, 2.200854
2.711145, 2.2485
2.629298, 2.297194
2.548082, 2.346921
2.467505, 2.397685
2.387584, 2.449484
2.308328, 2.502295
2.229749, 2.556111
2.151869, 2.610933
2.074698, 2.666736
1.998244, 2.723523
1.922522, 2.781292
1.847541, 2.840016
1.773326, 2.899698
1.69988, 2.960321
1.627215, 3.02189
1.55535, 3.08438
1.484293, 3.147791
1.414051, 3.212106
1.34464, 3.277319
1.276075, 3.343416
1.208364, 3.410393
1.141527, 3.478241
1.075569, 3.546946
1.010504, 3.616493
0.9463465, 3.686883
0.8831083, 3.758097
0.8208063, 3.830135
0.759454, 3.902981
0.6990706, 3.976633
0.6396829, 4.051086
0.5813334, 4.126355
0.547763, 4.170624
0.5477632, 4.170624
0.5477632, 4.170624
0.5477632, 4.170624
0.5477632, 4.170624
0.5477632, 4.170624
0.5477632, 4.170624
0.5477632, 4.170624
0.5477632, 4.170624
0.5477632, 4.170624
0.5477632, 4.170624
0.5477632, 4.170624
0.5477632, 4.170624
0.5477632, 4.170624
0.5484308, 4.168065
0.5660177, 4.101573
0.5912369, 4.009747
0.6176232, 3.918243
0.645171, 3.82708
0.673876, 3.736276
0.7037352, 3.645846
0.7347341, 3.555799
0.7668777, 3.466153
0.8001639, 3.376917
0.8345871, 3.288116
0.8701412, 3.199773
0.9068186, 3.111888
0.9446083, 3.024479
0.9835081, 2.937552
1.023512, 2.851125
1.06461, 2.765212
1.106802, 2.679828
1.150082, 2.594991
1.194442, 2.51072
1.239867, 2.427016
1.286355, 2.343896
1.333903, 2.261368
1.382495, 2.179456
1.432127, 2.098176
1.482794, 2.017541
1.534489, 1.937555
1.587193, 1.85823
1.640902, 1.779582
1.695616, 1.701627
1.751321, 1.624377
1.808005, 1.54785
1.865665, 1.47205
1.924286, 1.396991
1.983852, 1.322678
2.04437, 1.249143
2.105824, 1.176386
2.168196, 1.104415
2.231485, 1.033241
2.295674, 0.9628916
2.360762, 0.8933678
2.426733, 0.8246748
2.491697, 0.7586923
2.510385, 0.7399681
2.510385, 0.7399685
2.510385, 0.739969
2.510386, 0.739969
2.510385, 0.7399692
2.510385, 0.7399688
2.510385, 0.7399691
2.510385, 0.7399685
2.510385, 0.7399685
2.510385, 0.7399694
2.510385, 0.739969
2.510385, 0.7399688
2.510384, 0.739969
2.510385, 0.7399688
2.510384, 0.7399685
2.510385, 0.7399685
2.510385, 0.7399691
2.510385, 0.7399685
2.510385, 0.7399688
2.510385, 0.739969
2.510385, 0.739969
2.508518, 0.7589536
2.498369, 0.8633795
2.487332, 0.9773027
2.476288, 1.091225
2.465243, 1.205147
2.4542, 1.319069
2.443157, 1.432991
2.432126, 1.546914
2.421091, 1.660836
2.410883, 1.763572
2.400446, 1.858236
2.388789, 1.952753
2.375915, 2.047114
2.361823, 2.1413
2.346517, 2.235301
2.329995, 2.329097
2.312255, 2.42267
2.29329, 2.516
2.2731, 2.609071
2.251684, 2.701867
2.229029, 2.79437
2.205098, 2.886549
2.187032, 2.952914
2.186323, 2.955463
2.186323, 2.955463
2.186323, 2.955463
2.186323, 2.955463
2.186323, 2.955463
2.186323, 2.955463
2.186322, 2.955462
2.186321, 2.955462
2.186321, 2.955462
2.186322, 2.955462
2.186322, 2.955462
2.186321, 2.955461
2.186321, 2.955461
2.186322, 2.955461
2.186322, 2.955462
2.186322, 2.955462
2.186322, 2.955462
2.186322, 2.955462
2.186322, 2.955462
2.186322, 2.955462
2.186322, 2.955461
2.186322, 2.955462
2.186323, 2.955462
2.186322, 2.955462
2.186322, 2.955462
2.186321, 2.955461
2.186322, 2.955462
2.186322, 2.955462
2.186323, 2.955462
2.186322, 2.955462
2.186322, 2.955462
2.186322, 2.955462
2.218912, 2.903704
2.274922, 2.815062
2.330937, 2.726423
2.386945, 2.63778
2.442957, 2.549141
2.498964, 2.460496
2.554982, 2.371858
2.610991, 2.283215
2.667007, 2.194575
2.723012, 2.10593
2.779018, 2.017284
2.834885, 1.928867
2.887493, 1.846298
2.939603, 1.766589
2.992748, 1.687568
3.046929, 1.609248
3.102143, 1.53165
3.158394, 1.454803
3.215698, 1.378735
3.257738, 1.324298
3.259368, 1.322214
3.259368, 1.322214
3.259368, 1.322214
3.259368, 1.322214
3.256673, 1.314749
3.228876, 1.240415
3.194407, 1.15164
3.158803, 1.063308
3.122073, 0.9754354
3.08422, 0.8880358
3.045256, 0.8011308
3.00519, 0.714732
2.964026, 0.6288552
2.921772, 0.5435113
2.878426, 0.4587119
2.833997, 0.3744676
2.788499, 0.2907978
2.741938, 0.2077172
2.694322, 0.1252435
2.649774, 0.05016706
2.641595, 0.03656469
2.641596, 0.03656488
2.641596, 0.03656507
2.641596, 0.03656434
2.641596, 0.03656488
2.641595, 0.03656502
2.641595, 0.03656472
2.641596, 0.0365648
2.641595, 0.03656495
2.641596, 0.03656449
2.641597, 0.0365648
2.641597, 0.03656393
2.641595, 0.03656515
2.641597, 0.03656429
2.641597, 0.03656482
2.641597, 0.03656508
2.641597, 0.03656415
2.641596, 0.03656479
2.641596, 0.03656502
2.641596, 0.03656414
2.639894, 0.04466683
2.622759, 0.1256572
2.602159, 0.2228377
2.581558, 0.3200192
2.560968, 0.4172012
2.540375, 0.5143828
2.519782, 0.6115653
2.499187, 0.7087466
2.478591, 0.8059278
2.457998, 0.90311
2.437402, 1.000292
2.416805, 1.097473
2.396213, 1.194655
2.375628, 1.291834
2.355053, 1.389014
2.334519, 1.485856
2.314142, 1.579591
2.292786, 1.672405
2.270219, 1.76493
2.246439, 1.857158
2.221439, 1.949059
2.19521, 2.040613
2.167723, 2.1318
2.147095, 2.197415
2.146287, 2.199933
2.146287, 2.199933
2.146287, 2.199933
2.146287, 2.199933
2.146287, 2.199933
2.128619, 2.201649
2.031476, 2.211376
1.925624, 2.223101
1.819921, 2.236101
1.714381, 2.250369
1.609014, 2.265913
1.503842, 2.282723
1.398885, 2.300802
1.294156, 2.320143
1.189663, 2.340751
1.085426, 2.362621
0.9814658, 2.385748
0.8773212, 2.410252
0.7693064, 2.437189
0.6607707, 2.465977
0.5526887, 2.496424
0.4450841, 2.528527
0.3379901, 2.562293
0.2314423, 2.597741
0.1254785, 2.634899
0.04932274, 2.662778
0.0464001, 2.663867
0.04640044, 2.663868
0.04640022, 2.663868
0.04640052, 2.663868
0.04640033, 2.663867
0.0464003, 2.663867
0.04640017, 2.663868
0.04640037, 2.663868
0.04640025, 2.663868
0.0463995, 2.663869
0.04640001, 2.663868
0.04639998, 2.663868
0.04640089, 2.663868
0.04639998, 2.663868
0.04639966, 2.663868
0.04639979, 2.663867
0.04640014, 2.663868
0.0463997, 2.663868
0.04639952, 2.663868
0.04639952, 2.663868
0.04639952, 2.663868
0.04639952, 2.663868
0.04639952, 2.663868
0.04639952, 2.663868
0.04639952, 2.663868
0.04639952, 2.663868
0.04639952, 2.663868
0.1080053, 2.655912
0.213504, 2.641463
0.3187977, 2.625552
0.4238601, 2.608176
0.5286739, 2.589336
0.6332158, 2.569036
0.7374522, 2.547278
0.8413765, 2.524068
0.9449719, 2.499408
1.048216, 2.473307
1.151084, 2.445768
1.253549, 2.416789
1.355602, 2.386382
1.45723, 2.354554
1.558394, 2.321306
1.659079, 2.286644
1.759275, 2.250575
1.858957, 2.21311
1.958102, 2.174252
2.056702, 2.134007
2.154717, 2.09238
2.25214, 2.049377
2.348953, 2.00501
2.445127, 1.959283
2.514203, 1.925467
2.516854, 1.924152
2.516854, 1.924153
2.516853, 1.924153
2.516852, 1.924152
2.516853, 1.924152
2.516853, 1.924152
2.516852, 1.924152
2.516854, 1.924153
2.516854, 1.924153
2.516853, 1.924152
2.516853, 1.924152
2.516854, 1.924153
2.516853, 1.924152
2.516854, 1.924153
2.516853, 1.924153
2.516853, 1.924153
2.516854, 1.924153
2.516853, 1.924153
2.516853, 1.924152
2.516853, 1.924152
2.516853, 1.924152
2.516853, 1.924152
2.516853, 1.924152
2.519488, 1.932802
2.545832, 2.019292
2.577429, 2.123085
2.609039, 2.226873
2.640646, 2.330663
2.672252, 2.434452
2.703859, 2.538241
2.735466, 2.642031
2.7618, 2.728523
2.764431, 2.737172
2.764431, 2.737172
2.764431, 2.737172
2.764431, 2.737172
2.764431, 2.737172
2.764431, 2.737172
2.764431, 2.737172
2.764431, 2.737172
2.738495, 2.74239
2.647784, 2.760951
2.554713, 2.78114
2.461906, 2.802511
2.369376, 2.825054
2.277143, 2.84877
2.185216, 2.873666
2.093616, 2.899737
2.002359, 2.926979
1.911457, 2.955377
1.820923, 2.984927
1.730772, 3.015623
1.641015, 3.047472
1.551673, 3.080469
1.462763, 3.114596
1.374296, 3.149852
1.286285, 3.186236
1.198743, 3.22375
1.111686, 3.262379
1.025131, 3.302104
0.9390917, 3.342923
0.8535807, 3.384854
0.7686068, 3.427869
0.6841939, 3.471964
0.600353, 3.517137
0.5170944, 3.563378
0.4344307, 3.610675
0.3523804, 3.659026
0.2934873, 3.69456
0.2912283, 3.695938
0.2912282, 3.695938
0.2912278, 3.695937
0.2912281, 3.695939
0.2912284, 3.695938
0.2912289, 3.695937
0.2912281, 3.695938
0.291228, 3.695937
0.291229, 3.695937
0.2912283, 3.695937
0.2912279, 3.695937
0.291228, 3.695937
0.2912285, 3.695938
0.2912282, 3.695937
0.2912283, 3.695936
0.291228, 3.695937
0.2912284, 3.695937
0.2912285, 3.695937
0.2912285, 3.695937
0.342003, 3.658401
0.4290463, 3.594056
0.5160957, 3.529719
0.6031467, 3.465384
0.6901976, 3.401049
0.7772484, 3.336713
0.8642969, 3.272375
0.9513423, 3.208033
1.038399, 3.143704
1.125464, 3.079386
1.212521, 3.015058
1.299557, 2.950705
1.38659, 2.886348
1.473624, 2.821992
1.560657, 2.757635
1.647706, 2.693298
1.734751, 2.628955
1.821793, 2.564608
1.908841, 2.50027
1.995901, 2.435945
2.08295, 2.371607
2.170009, 2.307281
2.232888, 2.260829
2.235308, 2.259044
2.235308, 2.259044
2.235308, 2.259044
2.235308, 2.259044
2.235308, 2.259044
2.235308, 2.259044
2.23193, 2.251863
2.19789, 2.180169
2.156138, 2.094576
2.113296, 2.009522
2.069371, 1.925018
2.02437, 1.84108
1.973585, 1.748419
1.919536, 1.649057
1.866165, 1.549327
1.813472, 1.449235
1.761467, 1.348785
1.710154, 1.247983
1.659532, 1.146833
1.609606, 1.045341
1.560374, 0.9435096
1.51184, 0.8413466
1.464008, 0.7388538
1.41688, 0.6360346
1.370455, 0.5328982
1.324738, 0.4294479
1.279732, 0.3256886
1.235444, 0.221617
1.19187, 0.1172482
1.160818, 0.04169753
1.159631, 0.0387889
1.15963, 0.0387897
1.15963, 0.03878953
1.15963, 0.03878918
1.159631, 0.03878868
1.15963, 0.03878907
1.159631, 0.03878907
1.159631, 0.03878872
1.15963, 0.03878888
1.15963, 0.03878883
1.159631, 0.03878923
1.15963, 0.03878887
1.15963, 0.03878937
1.159631, 0.03878906
1.15963, 0.03878834
1.159631, 0.03878881
1.159631, 0.0387883
1.15963, 0.03878881
1.15963, 0.0387885
1.15963, 0.0387885
1.15963, 0.0387885
1.177122, 0.06623948
1.238344, 0.1623173
1.301314, 0.2611409
1.364274, 0.359968
1.427246, 0.4587903
1.490223, 0.5576108
1.553202, 0.6564307
1.616183, 0.7552495
1.679158, 0.8540705
1.74211, 0.9529004
1.805062, 1.05173
1.868027, 1.150555
1.931021, 1.249369
1.994015, 1.348182
2.056985, 1.447005
2.119962, 1.545825
2.182937, 1.644646
2.24068, 1.735225
2.251179, 1.751694
2.251179, 1.751694
2.251579, 1.768472
2.252737, 1.860782
2.252748, 1.961493
2.251548, 2.062203
2.249136, 2.162894
2.245513, 2.263544
2.240673, 2.364127
2.234624, 2.464651
2.227364, 2.565096
2.218893, 2.665445
2.209284, 2.765046
2.198797, 2.861642
2.187214, 2.957791
2.174518, 3.053804
2.160701, 3.149666
2.145764, 3.245362
2.129719, 3.340882
2.112557, 3.436198
2.094276, 3.531298
2.074889, 3.62618
2.054395, 3.720831
2.032798, 3.815244
2.010095, 3.909402
1.986288, 4.003279
1.961382, 4.096863
1.93538, 4.190157
1.908283, 4.283141
1.880098, 4.375808
1.850824, 4.468124
1.82046, 4.560091
1.789009, 4.651689
1.757407, 4.740389
1.748219, 4.765674
1.748219, 4.765674
1.748219, 4.765675
1.748219, 4.765675
1.748219, 4.765674
1.748219, 4.765674
1.748219, 4.765675
1.748219, 4.765674
1.74822, 4.765675
1.748219, 4.765674
1.748219, 4.765674
1.748219, 4.765674
1.748219, 4.765674
1.748219, 4.765673
1.748218, 4.765673
1.748218, 4.765673
1.748219, 4.765675
1.748219, 4.765673
1.748219, 4.765673
1.786917, 4.728969
1.879797, 4.640893
1.972686, 4.552828
2.065571, 4.46475
2.158449, 4.37666
2.237875, 4.301552
2.298655, 4.25042
2.371682, 4.189293
2.443969, 4.127283
2.515496, 4.064396
2.586255, 4.000652
2.656235, 3.936055
2.725425, 3.870616
2.793818, 3.804344
2.861405, 3.737248
2.928172, 3.669335
2.994112, 3.600618
3.059212, 3.531107
3.123465, 3.460812
3.186862, 3.389743
3.24939, 3.317907
3.311048, 3.245316
3.371814, 3.171983
3.431688, 3.097922
3.490659, 3.02314
3.548715, 2.947645
3.605849, 2.871449
3.662056, 2.794569
3.717324, 2.717013
3.771645, 2.638789
3.825013, 2.559907
3.87742, 2.480386
3.928854, 2.40024
3.979312, 2.319467
4.028782, 2.238083
4.077257, 2.156107
4.124732, 2.073547
4.171197, 1.990414
4.216645, 1.906723
4.261072, 1.822482
4.304471, 1.737706
4.346829, 1.652408
4.38814, 1.566596
4.4284, 1.48029
4.467602, 1.393497
4.505738, 1.306231
4.542804, 1.218501
4.578789, 1.130325
4.613687, 1.041709
4.647488, 0.952673
4.680184, 0.8632238
4.711769, 0.7733784
4.742228, 0.6831436
4.771551, 0.5925323
4.799714, 0.5015514
4.826678, 0.41021
4.845401, 0.344023
4.846107, 0.3414734
4.846107, 0.3414734
4.846107, 0.3414734
4.846107, 0.3414734
4.846107, 0.3414734
4.846107, 0.3414734
4.846107, 0.3414735
4.846107, 0.3414728
4.846107, 0.3414732
4.846107, 0.3414734
4.846107, 0.3414729
4.846107, 0.3414732
4.846107, 0.3414732
4.846107, 0.3414734
4.846107, 0.3414728
4.846107, 0.3414731
4.846107, 0.3414733
4.846107, 0.3414735
4.846107, 0.3414735
4.846107, 0.3414735
4.846107, 0.3414731
4.846107, 0.341473
4.846107, 0.3414735
4.846107, 0.3414728
4.846107, 0.3414736
4.846107, 0.3414731
4.846107, 0.3414734
4.846107, 0.3414731
4.826251, 0.3606144
4.757083, 0.4279442
4.685994, 0.4972541
4.614906, 0.5665645
4.54382, 0.6358767
4.472733, 0.7051895
4.402823, 0.7732905
4.334418, 0.8395455
4.265752, 0.9055338
4.196831, 0.9712534
4.127655, 1.036703
4.058218, 1.101878
3.988524, 1.166777
3.918572, 1.231401
3.848366, 1.29575
3.777906, 1.359821
3.707196, 1.423615
3.636234, 1.48713
3.565023, 1.550365
3.493564, 1.61332
3.421857, 1.675993
3.349901, 1.738382
3.277699, 1.800485
3.205253, 1.862305
3.162889, 1.898246
3.16289, 1.898245
3.162889, 1.898245
3.16289, 1.898245
3.162889, 1.898245
3.162889, 1.898245
3.162889, 1.898246
3.162889, 1.898245
3.162889, 1.898246
3.162889, 1.898246
3.162889, 1.898246
3.162889, 1.898245
3.16289, 1.898245
3.16289, 1.898245
3.162889, 1.898245
3.162889, 1.898245
3.16289, 1.898245
3.162889, 1.898245
3.162889, 1.898245
3.16289, 1.898245
3.162889, 1.898246
3.162889, 1.898246
3.16289, 1.898245
3.162889, 1.898246
3.16289, 1.898246
3.16289, 1.898245
3.162889, 1.898246
3.162889, 1.898246
3.16289, 1.898245
3.162889, 1.898246
3.162889, 1.898245
3.16289, 1.898245
3.162889, 1.898246
3.142521, 1.917931
3.071219, 1.986815
2.997876, 2.057661
2.924532, 2.128504
2.851189, 2.199348
2.777845, 2.270193
2.704501, 2.341037
2.631158, 2.411882
2.557816, 2.482726
2.484478, 2.553578
2.411136, 2.624426
2.337801, 2.695285
2.26446, 2.766129
2.191117, 2.836976
2.117774, 2.907822
2.044432, 2.978667
1.97109, 3.049514
1.897748, 3.12036
1.824412, 3.191216
1.751072, 3.262066
1.67773, 3.332912
1.604389, 3.40376
1.531052, 3.474614
1.457719, 3.545473
1.384377, 3.61632
1.31104, 3.687174
1.24993, 3.746228
1.222382, 3.767637
1.147652, 3.822306
1.071475, 3.879467
0.9960389, 3.937595
0.9213538, 3.996683
0.847435, 4.056721
0.7742886, 4.117698
0.7019251, 4.179607
0.6303544, 4.242452
0.5595965, 4.30621
0.4896642, 4.370864
0.4492231, 4.408955
0.4492224, 4.408956
0.4492228, 4.408955
0.4492228, 4.408956
0.4492224, 4.408955
0.4492223, 4.408955
0.4492231, 4.408957
0.449222, 4.408955
0.4492224, 4.408956
0.449223, 4.408956
0.4492228, 4.408956
0.449223, 4.408956
0.4492223, 4.408956
0.4492222, 4.408956
0.4492226, 4.408957
0.4492222, 4.408956
0.4492223, 4.408956
0.4492218, 4.408955
0.4492218, 4.408955
0.4747437, 4.388921
0.5640615, 4.3188
0.6559311, 4.246665
0.747801, 4.174531
0.8396832, 4.102408
0.931557, 4.030276
1.023431, 3.958148
1.115305, 3.886024
1.207171, 3.813887
1.30817, 3.735056
1.416577, 3.652584
1.526284, 3.571847
1.637269, 3.492879
1.749525, 3.415724
1.863072, 3.340481
1.910722, 3.309654
1.910722, 3.309654
1.910722, 3.309654
1.910722, 3.309654
1.910722, 3.309654
1.910722, 3.309654
1.910722, 3.309654
1.910722, 3.309654
1.910722, 3.309654
1.910722, 3.309654
1.910722, 3.309654
1.910722, 3.309654
1.910722, 3.309654
1.910722, 3.309654
1.860578, 3.315154
1.74037, 3.329572
1.620314, 3.345303
1.510415, 3.360808
1.490448, 3.363724
1.490447, 3.363725
1.490448, 3.363724
1.490448, 3.363724
1.490448, 3.363724
1.490447, 3.363724
1.490447, 3.363724
1.490448, 3.363724
1.490448, 3.363724
1.490447, 3.363724
1.490448, 3.363724
1.490448, 3.363724
1.490447, 3.363723
1.490448, 3.363724
1.490447, 3.363724
1.490448, 3.363724
1.490447, 3.363723
1.490447, 3.363723
1.490447, 3.363725
1.490447, 3.363724
1.49582, 3.356741
1.549549, 3.286922
1.61402, 3.20314
1.677967, 3.120059
1.737347, 3.04338
1.796195, 2.968503
1.855606, 2.89407
1.915578, 2.820083
1.976108, 2.746553
2.037194, 2.673492
2.098831, 2.600892
2.161017, 2.528757
2.223749, 2.457103
2.287029, 2.385926
2.350849, 2.315236
2.415209, 2.245041
2.480112, 2.17535
2.545561, 2.106161
2.611558, 2.037498
2.676263, 1.971262
2.694838, 1.952425
2.694839, 1.952424
2.694839, 1.952423
2.694839, 1.952422
2.694839, 1.952423
2.694839, 1.952424
2.694839, 1.952422
2.694839, 1.952422
2.694839, 1.952424
2.694839, 1.952423
2.694839, 1.952422
2.694839, 1.952424
2.694839, 1.952423
2.694839, 1.952424
2.694839, 1.952423
2.694839, 1.952423
2.694839, 1.952423
2.694839, 1.952423
2.694839, 1.952423
2.694839, 1.952423
2.694839, 1.952423
2.694839, 1.952423
2.694839, 1.952423
2.694839, 1.952423
2.694839, 1.952423
2.67329, 1.986433
2.621448, 2.067981
2.569594, 2.149523
2.517737, 2.23106
2.465882, 2.312601
2.414024, 2.39414
2.362168, 2.47568
2.310314, 2.557223
2.258458, 2.638765
2.206597, 2.720304
2.154728, 2.801837
2.102874, 2.88338
2.051013, 2.964917
1.999149, 3.046452
1.947288, 3.12799
1.895432, 3.209531
1.843576, 3.291071
1.791718, 3.372609
1.739867, 3.454151
1.688018, 3.535695
1.6364, 3.616423
1.584248, 3.69611
1.531061, 3.775108
1.476849, 3.853406
1.421613, 3.930989
1.365359, 4.007832
1.30808, 4.083921
1.249761, 4.159215
1.207, 4.213097
1.192862, 4.224965
1.123698, 4.278236
1.047553, 4.335441
0.9707229, 4.391716
0.8932176, 4.447059
0.8150442, 4.501463
0.7362146, 4.554913
0.6567441, 4.607403
0.5766432, 4.658915
0.4981835, 4.708078
0.4756797, 4.721983
0.47568, 4.721982
0.4756797, 4.721982
0.4756795, 4.721982
0.4756791, 4.721982
0.4756792, 4.721982
0.4756795, 4.721982
0.4756793, 4.721983
0.4756794, 4.721982
0.4756791, 4.721982
0.4756792, 4.721983
0.4756796, 4.721983
0.4756794, 4.721983
0.4756793, 4.721983
0.4756798, 4.721983
0.4756801, 4.721984
0.4756795, 4.721982
0.4756796, 4.721984
0.5038893, 4.692116
0.5715181, 4.620384
0.6391408, 4.548647
0.7067636, 4.476907
0.7743912, 4.405164
0.8420264, 4.333427
0.9096556, 4.261687
0.9772871, 4.189945
1.044918, 4.11821
1.112552, 4.046478
1.180186, 3.974737
1.247822, 3.903008
1.315457, 3.831276
1.383092, 3.759541
1.450725, 3.687804
1.518354, 3.616058
1.585985, 3.544316
1.653611, 3.47257
1.72124, 3.400824
1.788873, 3.329089
1.856506, 3.257359
1.924126, 3.185599
1.991752, 3.113857
2.059371, 3.04209
2.126987, 2.970317
2.194607, 2.898551
2.261297, 2.827834
2.326846, 2.758745
2.392667, 2.689916
2.458753, 2.621343
2.525115, 2.553038
2.591742, 2.484994
2.65864, 2.417209
2.697776, 2.377781
2.697776, 2.377781
2.697776, 2.377781
2.697775, 2.37778
2.697776, 2.377781
2.697776, 2.377781
2.697775, 2.37778
2.697776, 2.377781
2.697777, 2.377781
2.697776, 2.377781
2.697776, 2.37778
2.697776, 2.377781
2.697776, 2.37778
2.697776, 2.37778
2.697776, 2.377781
2.697776, 2.377781
2.697776, 2.377781
2.697776, 2.37778
2.697777, 2.37778
2.697776, 2.37778
2.697776, 2.377781
2.697776, 2.377781
2.697775, 2.37778
2.697775, 2.37778
2.697775, 2.37778
2.697776, 2.37778
2.697775, 2.377781
2.680033, 2.357462
2.618017, 2.286279
2.554246, 2.213053
2.490481, 2.139817
2.426706, 2.066585
2.362936, 1.993355
2.29916, 1.920134
2.235385, 1.846902
2.171618, 1.773671
2.107862, 1.700431
2.044094, 1.627202
1.980323, 1.553978
1.916547, 1.480754
1.852757, 1.407541
1.788989, 1.334309
1.725226, 1.261073
1.661457, 1.187845
1.597681, 1.114627
1.533912, 1.041404
1.470142, 0.9681816
1.406358, 0.8949692
1.342582, 0.821752
1.284116, 0.7546403
1.273486, 0.7424372
1.273486, 0.7424372
1.273486, 0.7424372
1.273486, 0.7424372
1.273486, 0.7424372
1.273486, 0.7424372
1.273486, 0.7424372
1.273486, 0.7424372
1.294382, 0.7262136
1.367837, 0.6698372
1.444089, 0.6127741
1.521057, 0.5566819
1.598733, 0.5015748
1.677102, 0.4474603
1.756154, 0.3943514
1.835872, 0.3422514
1.916251, 0.291174
1.997266, 0.2411259
2.078916, 0.1921111
2.161198, 0.1441422
2.244084, 0.09722888
2.320568, 0.05513043
2.334517, 0.04755624
2.334517, 0.04755585
2.334518, 0.04755596
2.334517, 0.04755612
2.334518, 0.04755615
2.334518, 0.04755621
2.334518, 0.04755637
2.334518, 0.0475564
2.334518, 0.04755575
2.334517, 0.04755598
2.334518, 0.04755566
2.334518, 0.04755628
2.334519, 0.04755618
2.334518, 0.04755614
2.334518, 0.04755585
2.334518, 0.04755652
2.334517, 0.04755679
2.334518, 0.0475561
2.334518, 0.04755573
2.334518, 0.04755667
2.334518, 0.04755607
2.334518, 0.04755591
2.334518, 0.04755608
2.334517, 0.04755597
2.334517, 0.04755562
2.360285, 0.09736874
2.404459, 0.1827659
2.448636, 0.2681614
2.492812, 0.3535567
2.536988, 0.4389524
2.581159, 0.5243502
2.625331, 0.6097472
2.669512, 0.6951399
2.713698, 0.7805317
2.757876, 0.8659253
2.802058, 0.9513177
2.846237, 1.036708
2.890417, 1.122099
2.934596, 1.20749
2.980174, 1.295613
3.038475, 1.408348
3.099574, 1.526565
3.16065, 1.644792
3.221699, 1.763031
3.282703, 1.881295
3.343696, 1.99957
3.404648, 2.117866
3.465547, 2.236186
3.526438, 2.35452
3.587298, 2.47287
3.648124, 2.591238
3.708915, 2.709618
3.769664, 2.828025
3.83038, 2.946441
3.891066, 3.06487
3.951736, 3.18331
4.01236, 3.301776
4.072956, 3.420258
4.133533, 3.538749
4.194058, 3.657269
4.254538, 3.775808
4.315, 3.894361
4.375427, 4.012923
4.435818, 4.131514
4.496189, 4.250122
4.556529, 4.368741
4.616849, 4.487378
4.677114, 4.606037
4.727327, 4.704929
4.73235, 4.71482
4.73235, 4.71482
4.73235, 4.71482
4.73235, 4.71482
4.73235, 4.71482
4.73235, 4.71482
4.73235, 4.71482
4.73235, 4.71482
4.73235, 4.714819
4.732349, 4.714818
4.732348, 4.714816
4.73235, 4.714817
4.732348, 4.714817
4.732349, 4.714818
4.732347, 4.714818
4.732347, 4.714817
4.732348, 4.714817
4.732349, 4.714817
4.732348, 4.714817
4.732349, 4.714817
4.732348, 4.714817
4.732347, 4.714815
4.732347, 4.714816
4.732348, 4.714817
4.732348, 4.714817
4.732348, 4.714817
4.732348, 4.714817
4.732347, 4.714817
4.732348, 4.714816
4.732348, 4.714817
4.732348, 4.714817
4.732348, 4.714817
4.732348, 4.714817
4.732349, 4.714818
4.732349, 4.714817
4.732348, 4.714818
4.732347, 4.714816
4.732349, 4.714818
4.732349, 4.714818
4.732349, 4.714818
4.732348, 4.714817
4.732348, 4.714818
4.706814, 4.692804
4.642727, 4.638058
4.578615, 4.583343
4.514501, 4.528621
4.450368, 4.473905
4.386248, 4.419187
4.322129, 4.36447
4.258015, 4.309754
4.193903, 4.255038
4.12979, 4.200322
4.065675, 4.145603
4.001548, 4.090871
3.937413, 4.03616
3.873283, 3.981456
3.809165, 3.926744
3.745049, 3.872029
3.680936, 3.817313
3.616821, 3.76259
3.552705, 3.70785
3.488583, 3.653122
3.424467, 3.598396
3.360351, 3.543674
3.296235, 3.488958
3.232128, 3.434235
3.168014, 3.379513
3.103896, 3.324773
3.039776, 3.270039
2.975653, 3.215314
2.91153, 3.160593
2.847415, 3.105875
2.7833, 3.051152
2.719181, 2.99643
2.655058, 2.941693
2.591211, 2.887181
2.527513, 2.832839
2.463803, 2.778512
2.400069, 2.724216
2.336315, 2.669943
2.272546, 2.61569
2.208757, 2.561454
2.144944, 2.507246
2.083464, 2.455053
2.067843, 2.441782
2.067843, 2.441782
2.067843, 2.441782
2.067843, 2.441782
2.067843, 2.441782
2.067843, 2.441782
2.067843, 2.441782
2.067843, 2.441782
2.067843, 2.441782
2.067843, 2.441782
2.067843, 2.441782
2.067843, 2.441782
2.067843, 2.441782
2.067843, 2.441782
2.067843, 2.441782
2.067843, 2.441782
2.069069, 2.44471
2.09306, 2.500049
2.125387, 2.572527
2.158481, 2.644654
2.192338, 2.716431
2.226955, 2.787844
2.26233, 2.858885
2.298455, 2.929547
2.335333, 2.999823
2.372956, 3.069705
2.411317, 3.139183
2.450418, 3.208253
2.490247, 3.276906
2.530809, 3.345134
2.572091, 3.412925
2.614089, 3.480272
2.656805, 3.547161
2.700226, 3.613588
2.74435, 3.679548
2.789173, 3.745039
2.83469, 3.81005
2.880902, 3.874581
2.927795, 3.938619
2.975371, 4.002151
3.023617, 4.065175
3.072535, 4.127685
3.120109, 4.187204
3.132082, 4.202015
3.132082, 4.202016
3.132083, 4.202017
3.132081, 4.202016
3.132082, 4.202016
3.132082, 4.202016
3.132082, 4.202016
3.132081, 4.202016
3.132082, 4.202015
3.132083, 4.202016
3.132082, 4.202016
3.132083, 4.202015
3.132082, 4.202015
3.132081, 4.202015
3.132083, 4.202016
3.132082, 4.202015
3.132082, 4.202016
3.132082, 4.202015
3.132081, 4.202016
3.132082, 4.202016
3.132082, 4.202015
3.132082, 4.202017
3.125602, 4.181686
3.099918, 4.100285
3.073218, 4.015473
3.046523, 3.930658
3.019834, 3.845844
2.993138, 3.761032
2.96644, 3.67622
2.939737, 3.59141
2.9128, 3.505856
2.881455, 3.406965
2.848116, 3.303798
2.814106, 3.200856
2.779422, 3.098137
2.74407, 2.995646
2.708051, 2.893384
2.671362, 2.791354
2.634006, 2.689565
2.595978, 2.588036
2.557288, 2.486758
2.517931, 2.38573
2.477911, 2.284958
2.437233, 2.184454
2.395892, 2.084227
2.353887, 1.98427
2.311214, 1.884599
2.267873, 1.785218
2.223866, 1.686133
2.17918, 1.58735
2.133795, 1.488886
2.098836, 1.414269
2.096984, 1.410347
2.096984, 1.410347
2.096984, 1.410347
2.096984, 1.410347
2.096984, 1.410347
2.096984, 1.410347
2.099258, 1.407716
2.142318, 1.357584
2.198425, 1.291151
2.253775, 1.224092
2.30837, 1.156412
2.362195, 1.088118
2.415247, 1.019224
2.455075, 0.9664877
2.457159, 0.9637035
2.457159, 0.9637033
2.457159, 0.9637035
2.457159, 0.9637033
2.457158, 0.9637028
2.457159, 0.9637032
2.457159, 0.9637032
2.457159, 0.9637035
2.457159, 0.9637035
2.457159, 0.9637035
2.457159, 0.963703
2.457159, 0.963703
2.457159, 0.9637035
2.457159, 0.9637033
2.45716, 0.9637033
2.457159, 0.9637038
2.457159, 0.9637038
2.457159, 0.9637036
2.45716, 0.9637038
2.457159, 0.9637033
2.457159, 0.9637035
2.45716, 0.9637035
2.457159, 0.9637024
2.456333, 0.9669906
2.440634, 1.029469
2.41998, 1.111677
2.399321, 1.193884
2.378666, 1.276094
2.358008, 1.358301
2.337349, 1.440507
2.316693, 1.522716
2.296037, 1.604925
2.275373, 1.687131
2.254716, 1.76934
2.234061, 1.851551
2.213406, 1.93376
2.192748, 2.015968
2.17208, 2.098172
2.151423, 2.18038
2.130767, 2.262587
2.110112, 2.344797
2.089454, 2.427004
2.068787, 2.50921
2.048125, 2.591418
2.027468, 2.673625
2.006806, 2.755833
1.986152, 2.838042
1.96549, 2.920249
1.944835, 3.002459
1.924183, 3.084672
1.903528, 3.166882
1.882865, 3.249088
1.862206, 3.331296
1.841552, 3.413509
1.820898, 3.495719
1.800231, 3.577927
1.779556, 3.660133
1.763853, 3.722612
1.763026, 3.725899
1.763026, 3.725899
1.763026, 3.725899
1.763026, 3.725899
1.763026, 3.725899
1.763026, 3.725899
1.763026, 3.725899
1.763026, 3.725899
1.763026, 3.725899
1.763026, 3.725899
1.763026, 3.725899
1.763026, 3.725899
1.763026, 3.725899
1.763026, 3.725899
1.773337, 3.719267
1.84873, 3.670289
1.933784, 3.613692
2.01811, 3.556015
2.101692, 3.497265
2.184521, 3.437456
2.266578, 3.376592
2.347854, 3.31469
2.428337, 3.251761
2.508011, 3.187808
2.586858, 3.122839
2.664874, 3.056875
2.742043, 2.989921
2.818348, 2.921986
2.893787, 2.853088
2.968339, 2.783232
3.041991, 2.712426
3.114736, 2.640688
3.186558, 2.568027
3.257452, 2.494459
3.327401, 2.419992
3.396397, 2.344639
3.464423, 2.268409
3.531474, 2.191321
3.597528, 2.113384
3.66258, 2.034613
3.726619, 1.955017
3.789642, 1.874611
3.851634, 1.793408
3.912581, 1.711419
3.972478, 1.628657
4.031309, 1.545135
4.089067, 1.46087
4.14575, 1.375874
4.201341, 1.290161
4.25583, 1.203746
4.309213, 1.11664
4.358773, 1.033617
4.399658, 0.9645343
4.440278, 0.8963534
4.481126, 0.8283107
4.522196, 0.7604002
4.563489, 0.6926251
4.605001, 0.6249864
4.646735, 0.5574855
4.688698, 0.4901245
4.713975, 0.4497692
4.713974, 0.449769
4.713974, 0.4497687
4.713975, 0.449769
4.713975, 0.4497689
4.713975, 0.4497693
4.713974, 0.4497691
4.713974, 0.4497688
4.713974, 0.4497688
4.713974, 0.4497694
4.713974, 0.4497696
4.713974, 0.4497696
4.713974, 0.4497687
4.713974, 0.4497692
4.713974, 0.4497691
4.713974, 0.4497695
4.713974, 0.449769
4.713974, 0.449769
4.713974, 0.4497686
4.713974, 0.4497697
4.713974, 0.4497694
4.713974, 0.4497691
4.713975, 0.4497698
4.713975, 0.4497698
4.713975, 0.4497698
4.713975, 0.4497698
4.713975, 0.4497698
4.713975, 0.4497698
4.710576, 0.4526883
4.645991, 0.5081403
4.561012, 0.5811024
4.476018, 0.6540475
4.391028, 0.7269979
4.306047, 0.7999619
4.221066, 0.8729234
4.136085, 0.945886
4.051104, 1.018847
3.966128, 1.091813
3.881158, 1.164789
3.79618, 1.237755
3.7112, 1.310718
3.626215, 1.383674
3.54123, 1.456629
3.456239, 1.529578
3.371253, 1.602534
3.286268, 1.67549
3.201284, 1.748445
3.116302, 1.821406
3.031327, 1.894374
2.946343, 1.96733
2.861355, 2.040283
2.776362, 2.113232
2.704686, 2.175227
2.648638, 2.227576
2.588724, 2.284278
2.528952, 2.341128
2.46932, 2.398128
2.409835, 2.455281
2.350493, 2.512581
2.291296, 2.570031
2.232245, 2.627634
2.173343, 2.685387
2.114586, 2.743287
2.055974, 2.801336
1.997508, 2.859534
1.939191, 2.917881
1.881023, 2.976374
1.823003, 3.035016
1.765129, 3.0938
1.707403, 3.152729
1.64983, 3.211807
1.592404, 3.271027
1.535127, 3.330394
1.477998, 3.389903
1.421014, 3.449556
1.364181, 3.50936
1.307501, 3.569309
1.250968, 3.629398
1.194595, 3.689638
1.138376, 3.750021
1.082305, 3.81054
1.02639, 3.871205
0.9706231, 3.932006
0.9150095, 3.992945
0.8595513, 4.054027
0.8042458, 4.115247
0.7490932, 4.176604
0.6940986, 4.238101
0.6392625, 4.299746
0.5845869, 4.361529
0.5300674, 4.423453
0.4757007, 4.485516
0.4214954, 4.547714
0.3674539, 4.610047
0.3135655, 4.67252
0.2598412, 4.735128
0.2276787, 4.772752
0.2276793, 4.772751
0.2276783, 4.772752
0.2276788, 4.772751
0.2276775, 4.772752
0.2276782, 4.772751
0.2276779, 4.772751
0.227678, 4.772752
0.2276779, 4.772752
0.2276787, 4.772752
0.2276779, 4.772752
0.2276781, 4.772752
0.2276782, 4.772752
0.2276786, 4.772751
0.2276779, 4.772751
0.2276779, 4.772752
0.2276784, 4.772752
0.2276789, 4.772752
0.2276785, 4.772752
0.2276786, 4.772752
0.2276785, 4.772752
0.2276784, 4.772752
0.2303042, 4.769475
0.280192, 4.707214
0.3458298, 4.625287
0.4098493, 4.545373
0.471439, 4.468472
0.5330316, 4.391573
0.594631, 4.314681
0.6562401, 4.237798
0.7178489, 4.160913
0.7794629, 4.084033
0.8410741, 4.00715
0.9026871, 3.930268
0.9643029, 3.853387
1.025928, 3.776515
1.087569, 3.699661
1.149194, 3.622787
1.210811, 3.545909
1.272446, 3.469047
1.334066, 3.392169
1.395679, 3.315282
1.457315, 3.238417
1.518945, 3.161554
1.580575, 3.084686
1.642212, 3.00782
1.703855, 2.93096
1.765496, 2.854097
1.827137, 2.777234
1.888779, 2.700372
1.950423, 2.623511
2.012076, 2.546658
2.073727, 2.469803
2.120577, 2.411386
2.123043, 2.408311
2.123043, 2.408311
2.123043, 2.408311
2.123043, 2.408311
2.123043, 2.408311
2.123043, 2.408311
2.126116, 2.409109
2.184457, 2.42442
2.261067, 2.44516
2.337452, 2.466714
2.413603, 2.489083
2.489508, 2.512265
2.565164, 2.53625
2.64056, 2.561033
2.71569, 2.586615
2.790545, 2.612987
2.865118, 2.640154
2.939401, 2.66811
3.013376, 2.696863
3.08704, 2.726403
3.160384, 2.756718
3.233405, 2.78781
3.306098, 2.819682
3.378448, 2.85232
3.45044, 2.885727
3.522069, 2.919901
3.593336, 2.954833
3.664233, 2.990515
3.734748, 3.026949
3.804868, 3.064133
3.874585, 3.102063
3.943894, 3.140732
4.012791, 3.180136
4.081267, 3.22027
4.149299, 3.261133
4.216893, 3.302716
4.284053, 3.345023
4.350757, 3.388037
4.409082, 3.42646
4.417011, 3.431736
4.417011, 3.431736
4.417013, 3.431737
4.417012, 3.431736
4.417012, 3.431736
4.417013, 3.431736
4.41701, 3.431735
4.417011, 3.431735
4.417012, 3.431736
4.417012, 3.431735
4.417011, 3.431736
4.417012, 3.431737
4.417012, 3.431735
4.417011, 3.431735
4.417011, 3.431735
4.417011, 3.431735
4.417011, 3.431736
4.417011, 3.431735
4.41701, 3.431735
4.41701, 3.431735
4.41701, 3.431735
4.41701, 3.431735
4.41701, 3.431735
4.385714, 3.414783
4.30741, 3.372515
4.229102, 3.330258
4.150796, 3.288001
4.072489, 3.245741
3.994183, 3.203481
3.915873, 3.161229
3.835574, 3.117888
3.742815, 3.067399
3.648465, 3.015092
3.554554, 2.961998
3.461097, 2.908109
3.368095, 2.853437
3.275559, 2.79798
3.183496, 2.741744
3.091914, 2.684731
3.000821, 2.626941
2.910215, 2.568384
2.820112, 2.509057
2.73052, 2.448964
2.641443, 2.388107
2.552889, 2.326491
2.464868, 2.264117
2.37739, 2.200979
2.290469, 2.137085
2.20411, 2.07243
2.118345, 2.006997
2.043367, 1.948766
2.033175, 1.940782
2.033175, 1.940782
2.033175, 1.940782
2.033175, 1.940782
2.033175, 1.940782
2.033175, 1.940782
2.033175, 1.940782
2.033175, 1.940782
2.033175, 1.940782
2.033175, 1.940782
2.033175, 1.940782
2.033175, 1.940782
2.033175, 1.940782
2.033175, 1.940782
2.033175, 1.940782
2.033175, 1.940782
2.033175, 1.940782
2.033175, 1.940782
2.063806, 1.980351
2.114686, 2.046434
2.164904, 2.113019
2.214438, 2.18011
2.263299, 2.2477
2.311475, 2.315779
2.358953, 2.384341
2.405735, 2.453379
2.451821, 2.522892
2.497193, 2.592868
2.541853, 2.663303
2.585792, 2.734189
2.603194, 2.76265
2.603193, 2.76265
2.603194, 2.76265
2.603195, 2.76265
2.603194, 2.76265
2.603194, 2.76265
2.603194, 2.76265
2.603194, 2.76265
2.603194, 2.76265
2.603195, 2.76265
2.603195, 2.762651
2.603195, 2.76265
2.603195, 2.76265
2.603195, 2.762649
2.603195, 2.76265
2.603195, 2.76265
2.603195, 2.76265
2.603195, 2.762651
2.603196, 2.762651
2.603194, 2.76265
2.603195, 2.76265
2.603194, 2.76265
2.603194, 2.762649
2.603194, 2.762649
2.603194, 2.762649
2.5899, 2.718837
2.557082, 2.609177
2.52431, 2.499504
2.49156, 2.389828
2.458842, 2.280146
2.426117, 2.170468
2.393366, 2.0608
2.360626, 1.951129
2.327873, 1.841464
2.308221, 1.775667
2.308221, 1.775667
2.308221, 1.775667
2.308221, 1.775667
2.308221, 1.775667
2.308221, 1.775667
2.308221, 1.775667
2.341796, 1.741902
2.398197, 1.686054
2.455146, 1.630775
2.512655, 1.576077
2.57071, 1.521961
2.629305, 1.468435
2.688437, 1.415505
2.748104, 1.363173
2.808302, 1.311446
2.869019, 1.26033
2.930255, 1.20983
2.991996, 1.159953
3.054232, 1.110703
3.116957, 1.062082
3.180171, 1.014101
3.243876, 0.96676
3.308062, 0.9200689
3.372714, 0.8740298
3.437827, 0.8286456
3.5034, 0.7839207
3.569413, 0.7398608
3.635865, 0.6964716
3.702766, 0.6537655
3.770088, 0.6117347
3.837835, 0.5703843
3.905998, 0.5297235
3.974567, 0.4897558
4.04354, 0.4504877
4.112906, 0.4119205
4.182658, 0.3740536
4.252786, 0.3368977
4.323293, 0.3004568
4.394168, 0.2647348
4.465401, 0.2297298
4.536983, 0.1954527
4.608916, 0.161904
4.681184, 0.1290894
4.753777, 0.09701051
4.826705, 0.06567363
4.870599, 0.04719916
4.870598, 0.04719865
4.870598, 0.04719816
4.870597, 0.04719853
4.870599, 0.04719887
4.870598, 0.04719838
4.870598, 0.04719941
4.870598, 0.04719906
4.870598, 0.04719805
4.870599, 0.04719798
4.870598, 0.0471985
4.870598, 0.04719819
4.870598, 0.04719951
4.870598, 0.04719802
4.870597, 0.04719779
4.870597, 0.04719845
4.870598, 0.04719868
4.870598, 0.04719887
4.870598, 0.04719871
4.870598, 0.04719783
4.870598, 0.04719859
4.870598, 0.04719903
4.870598, 0.04719899
4.85177, 0.06740864
4.782289, 0.1419607
4.72708, 0.2009494
4.672659, 0.2587125
4.618047, 0.3162964
4.563241, 0.373702
4.508238, 0.4309225
4.453048, 0.487957
4.397671, 0.5448086
4.342097, 0.6014704
4.286327, 0.6579419
4.230372, 0.7142248
4.174224, 0.7703154
4.117877, 0.8262054
4.06812, 0.8752176
4.061324, 0.8818901
4.061324, 0.8818901
4.054819, 0.8997924
4.028981, 0.9714683
4.008149, 1.028071
4.007041, 1.031046
4.007042, 1.031047
4.007042, 1.031046
4.007041, 1.031046
4.007041, 1.031046
4.007042, 1.031046
4.007042, 1.031046
4.007041, 1.031046
4.007041, 1.031046
4.007042, 1.031046
4.007042, 1.031047
4.007041, 1.031046
4.007042, 1.031046
4.007042, 1.031046
4.007041, 1.031046
4.007041, 1.031046
4.007041, 1.031047
4.007042, 1.031046
4.007042, 1.031046
4.007041, 1.031046
4.007042, 1.031046
4.007041, 1.031046
4.007041, 1.031045
4.007042, 1.031046
4.007041, 1.031046
4.007042, 1.031047
4.007041, 1.031046
4.007042, 1.031046
4.007041, 1.031046
4.007041, 1.031046
4.007041, 1.031046
4.007042, 1.031046
4.007041, 1.031046
4.007042, 1.031046
4.007041, 1.031045
4.007041, 1.031045
3.989649, 1.038815
3.92021, 1.07017
3.848195, 1.10352
3.776519, 1.137596
3.705189, 1.172391
3.634212, 1.207903
3.563596, 1.244128
3.493347, 1.28106
3.423473, 1.318697
3.353981, 1.357037
3.284883, 1.396076
3.216192, 1.435818
3.147904, 1.476254
3.08002, 1.517378
3.012554, 1.559185
2.945512, 1.601669
2.878902, 1.644825
2.81273, 1.688651
2.747021, 1.733146
2.681762, 1.778302
2.616959, 1.824115
2.552618, 1.870576
2.488749, 1.917682
2.425362, 1.96543
2.362465, 2.013819
2.300057, 2.062842
2.238149, 2.112502
2.176742, 2.162788
2.115849, 2.213693
2.055472, 2.265211
1.995611, 2.317333
1.936291, 2.370056
1.877503, 2.423376
1.819255, 2.477284
1.761553, 2.531776
1.70441, 2.586851
1.647834, 2.642502
1.591823, 2.698719
1.536379, 2.755497
1.481511, 2.812827
1.427231, 2.870724
1.373535, 2.929173
1.320433, 2.98816
1.267925, 3.047681
1.216024, 3.107731
1.164744, 3.168302
1.114076, 3.229384
1.064022, 3.290974
1.014605, 3.353065
0.9658197, 3.415654
0.917667, 3.478745
0.8701621, 3.542327
0.8233048, 3.606385
0.7771019, 3.670914
0.7315604, 3.735907
0.6866761, 3.801356
0.6424624, 3.867255
0.5989188, 3.933611
0.5560561, 4.000414
0.5138788, 4.067643
0.4723936, 4.135297
0.4315952, 4.203368
0.3914964, 4.271861
0.3520987, 4.340761
0.3134193, 4.410056
0.2754552, 4.479751
0.2382116, 4.549834
0.2060212, 4.61181
0.2016669, 4.62028
0.2016679, 4.62028
0.2016671, 4.62028
0.2016681, 4.62028
0.2016675, 4.620281
0.2016679, 4.620282
0.2016671, 4.62028
0.2016677, 4.62028
0.2016669, 4.620281
0.2016677, 4.620281
0.2016678, 4.62028
0.2016669, 4.62028
0.2016673, 4.62028
0.2016682, 4.62028
0.2016681, 4.620281
0.2016681, 4.62028
0.2016687, 4.620281
0.2016682, 4.620281
0.2016673, 4.62028
0.2016674, 4.620281
0.2016682, 4.62028
0.2016683, 4.620281
0.2016672, 4.620282
0.2016678, 4.620282
0.2016691, 4.620281
0.2016682, 4.620282
0.2016689, 4.620281
0.2016674, 4.62028
0.2138782, 4.623546
0.3033677, 4.647717
0.4050382, 4.675261
0.5066991, 4.702829
0.6083592, 4.730399
0.7059547, 4.756861
0.7303532, 4.763478
0.7303532, 4.763478
0.7303532, 4.763478
0.7303532, 4.763478
0.7303532, 4.763478
0.7303532, 4.763478
0.7303532, 4.763478
0.7303532, 4.763478
0.7303532, 4.763478
0.7303532, 4.763478
0.7303532, 4.763478
0.7208031, 4.779958
0.6819059, 4.845467
0.6406294, 4.913255
0.6155435, 4.953739
0.6155431, 4.953738
0.6155427, 4.953738
0.6155428, 4.953739
0.6155435, 4.953738
0.6155427, 4.953738
0.6155423, 4.953737
0.6155429, 4.953738
0.6155429, 4.953739
0.6155435, 4.953738
0.6155424, 4.953738
0.6155428, 4.953738
0.6155429, 4.953738
0.615543, 4.953739
0.6155429, 4.953739
0.6155423, 4.953739
0.6155429, 4.953737
0.6155433, 4.953738
0.6155422, 4.953739
0.6155426, 4.953737
0.6155441, 4.95374
0.615544, 4.953739
0.615544, 4.953739
0.615544, 4.953739
0.615544, 4.953739
0.615544, 4.953739
0.615544, 4.953739
0.615544, 4.953739
0.615544, 4.953739
0.615544, 4.953739
0.615544, 4.953739
0.615544, 4.953739
0.615544, 4.953739
0.615544, 4.953739
0.615544, 4.953739
0.615544, 4.953739
0.615544, 4.953739
0.615544, 4.953739
0.6486123, 4.899039
0.7037266, 4.807872
0.7588263, 4.716701
0.8139386, 4.625535
0.8690523, 4.534368
0.9241665, 4.443202
0.9792806, 4.352043
1.034386, 4.26088
1.089487, 4.169718
1.144595, 4.078555
1.199712, 3.987391
1.254829, 3.896226
1.309949, 3.805067
1.365077, 3.713913
1.420197, 3.622753
1.47531, 3.531586
1.530422, 3.440418
1.585534, 3.349251
1.640645, 3.258083
1.695757, 3.166916
1.750873, 3.075753
1.805994, 2.984594
1.861107, 2.893426
1.916218, 2.802259
1.971338, 2.711095
2.026461, 2.619932
2.081576, 2.528766
2.136688, 2.437599
2.191784, 2.346426
2.244686, 2.258902
2.25791, 2.237022
2.25791, 2.237022
2.25791, 2.237022
2.25791, 2.237022
2.25791, 2.237022
2.25791, 2.237022
2.25791, 2.237022
2.251885, 2.229647
2.207354, 2.175846
2.156362, 2.115036
2.104992, 2.054538
2.053246, 1.994365
2.001123, 1.934513
1.948626, 1.874987
1.895767, 1.815784
1.842528, 1.756914
1.78892, 1.698392
1.734952, 1.640204
1.680621, 1.582355
1.62593, 1.52485
1.570884, 1.467685
1.515481, 1.410864
1.459722, 1.35439
1.40361, 1.298265
1.347143, 1.24249
1.290326, 1.187068
1.233163, 1.132001
1.175662, 1.077296
1.117825, 1.022959
1.059648, 0.9689872
1.001131, 0.9153782
0.9422681, 0.8621386
0.8830792, 0.8092645
0.823567, 0.7567589
0.7637188, 0.7046276
0.7035407, 0.6528765
0.6430451, 0.6015125
0.5822316, 0.5505264
0.5210976, 0.4999201
0.4596373, 0.4496984
0.397864, 0.3998618
0.335777, 0.3504203
0.2733865, 0.3013763
0.2106784, 0.2527264
0.1476665, 0.2044725
0.08434831, 0.15663
0.04622474, 0.1281018
0.04622287, 0.1281024
0.0462235, 0.1281022
0.04622348, 0.1281024
0.04622433, 0.1281027
0.04622409, 0.1281034
0.04622331, 0.1281033
0.04622386, 0.1281036
0.04622434, 0.1281022
0.04622357, 0.1281026
0.04622395, 0.1281025
0.04622405, 0.1281016
0.04622398, 0.1281026
0.04622401, 0.1281039
0.04622359, 0.1281031
0.04622406, 0.1281036
0.04622298, 0.1281035
0.04622402, 0.128103
0.04622413, 0.1281033
0.04622328, 0.1281031
0.04622405, 0.1281025
0.04622386, 0.1281031
0.04622365, 0.128103
0.05766262, 0.1300838
0.1394993, 0.1442758
0.2196892, 0.1585834
0.2976654, 0.1733503
0.3754712, 0.1889847
0.4530992, 0.2054815
0.5305389, 0.2228545
0.6077648, 0.2411453
0.6385999, 0.2486956
0.6385999, 0.2486956
0.6385999, 0.2486956
0.6385999, 0.2486956
0.6385999, 0.2486956
0.6385999, 0.2486956
0.6385999, 0.2486956
0.6385999, 0.2486956
0.6385999, 0.2486956
0.6385999, 0.2486956
0.6385999, 0.2486956
0.6385999, 0.2486956
0.6385999, 0.2486956
0.6385999, 0.2486956
0.6385999, 0.2486956
0.6278089, 0.2330021
0.5843918, 0.1703908
0.5385276, 0.1056093
0.4976207, 0.04899612
0.4920081, 0.04129938
0.4920068, 0.04129982
0.4920074, 0.04129915
0.4920091, 0.04130034
0.4920075, 0.04130001
0.4920081, 0.04129969
0.4920077, 0.04129931
0.492007, 0.04130007
0.492009, 0.04130074
0.4920081, 0.04130004
0.4920088, 0.04130014
0.4920078, 0.04130008
0.4920088, 0.04130013
0.4920077, 0.04130068
0.4920082, 0.04129986
0.4920072, 0.04130006
0.4920082, 0.04129978
0.4920084, 0.04129929
0.4920073, 0.04129966
0.4920093, 0.04130052
0.4920089, 0.04129936
0.4920089, 0.04129936
0.4920089, 0.04129936
0.4920089, 0.04129936
0.4920089, 0.04129936
0.4920089, 0.04129936
0.4920089, 0.04129936
0.4920089, 0.04129936
0.4920089, 0.04129936
0.4920089, 0.04129936
0.4920089, 0.04129936
0.4920089, 0.04129936
0.4920089, 0.04129937
0.5181072, 0.08119239
0.5615227, 0.147731
0.6049382, 0.2142696
0.6483539, 0.280808
0.6917698, 0.3473465
0.7351859, 0.4138847
0.778602, 0.4804229
0.8220183, 0.5469611
0.8654348, 0.613499
0.9088513, 0.680037
0.952268, 0.7465746
0.9956849, 0.8131126
1.039102, 0.8796501
1.082519, 0.9461877
1.125936, 1.012725
1.169354, 1.079262
1.212769, 1.145802
1.256183, 1.212342
1.299601, 1.278879
1.343019, 1.345416
1.386437, 1.411953
1.429855, 1.47849
1.473274, 1.545026
1.516687, 1.611568
1.560091, 1.678116
1.603495, 1.744665
1.646899, 1.811213
1.690303, 1.877761
1.734172, 1.945006
1.786556, 2.024673
1.842541, 2.107976
1.89951, 2.190609
1.957458, 2.272559
2.016375, 2.353811
2.076255, 2.434356
2.137092, 2.51418
2.198875, 2.59327
2.261603, 2.671626
2.325261, 2.749236
2.389842, 2.826076
2.455334, 2.902134
2.521731, 2.977397
2.589035, 3.051856
2.657225, 3.125494
2.726311, 3.198306
2.79628, 3.270271
2.867127, 3.341365
2.938855, 3.411568
3.011476, 3.480846
3.067259, 3.532876
3.07021, 3.535601
3.07021, 3.535601
3.07021, 3.535601
3.07021, 3.535601
3.07021, 3.535601
3.07021, 3.535601
3.07021, 3.535601
3.054069, 3.573683
3.01404, 3.669029
2.975066, 3.764807
2.937207, 3.861031
2.90046, 3.957689
2.864835, 4.054764
2.830347, 4.152253
2.796994, 4.250131
2.764771, 4.34839
2.733686, 4.447017
2.703753, 4.546004
2.674973, 4.645338
2.647346, 4.744995
2.620881, 4.844955
2.596554, 4.94119
2.590611, 4.965283
2.590611, 4.965282
2.590611, 4.965283
2.590611, 4.965283
2.590612, 4.965283
2.590611, 4.965283
2.590611, 4.965284
2.59061, 4.965283
2.590611, 4.965283
2.590611, 4.965284
2.590611, 4.965283
2.590611, 4.965283
2.590611, 4.965284
2.590611, 4.965283
2.590611, 4.965283
2.590611, 4.965283
2.590611, 4.965284
2.590611, 4.965283
2.590612, 4.965281
2.590611, 4.965284
2.590612, 4.965284
2.590611, 4.965285
2.59061, 4.965283
2.59061, 4.965283
2.59061, 4.965283
2.590355, 4.962102
2.585688, 4.901663
2.580171, 4.822098
2.57551, 4.742481
2.5717, 4.662813
2.56874, 4.583115
2.566627, 4.503389
2.565364, 4.423641
2.564967, 4.34389
2.565418, 4.264138
2.566718, 4.184397
2.568866, 4.104673
2.571861, 4.024977
2.575715, 3.945324
2.580418, 3.865713
2.585973, 3.786163
2.592376, 3.706676
2.599631, 3.627269
2.607737, 3.547942
2.616693, 3.468687
2.626494, 3.389533
2.637151, 3.31049
2.648649, 3.231566
2.660987, 3.152769
2.674175, 3.074115
2.688204, 2.995606
2.703307, 2.916002
2.719607, 2.83469
2.736745, 2.753553
2.754729, 2.672606
2.773543, 2.591848
2.793196, 2.511286
2.813681, 2.430942
2.835001, 2.350812
2.857161, 2.270899
2.880145, 2.191218
2.903959, 2.111784
2.928592, 2.032602
2.954053, 1.953685
2.980333, 1.87504
3.007436, 1.796676
3.035362, 1.718589
3.064102, 1.6408
3.093654, 1.563325
3.12402, 1.486163
3.155203, 1.40932
3.187204, 1.332818
3.220022, 1.256662
3.25366, 1.180865
3.28813, 1.105446
3.323464, 1.030431
3.337819, 1.000529
3.337819, 1.000529
3.337819, 1.000529
3.337819, 1.000529
3.337819, 1.000529
3.337819, 1.000529
3.337819, 1.000529
3.337819, 1.000529
3.323324, 0.9881704
3.265155, 0.9389755
3.204063, 0.8883275
3.14244, 0.8383294
3.080289, 0.7889833
3.017618, 0.7403076
2.954428, 0.6923032
2.890734, 0.6449735
2.826541, 0.5983198
2.761855, 0.5523399
2.704547, 0.5124305
2.69671, 0.5070242
2.69671, 0.5070237
2.696709, 0.5070243
2.69671, 0.5070239
2.696709, 0.5070232
2.696711, 0.5070245
2.69671, 0.507023
2.69671, 0.5070235
2.69671, 0.5070237
2.69671, 0.5070232
2.696711, 0.5070237
2.696708, 0.5070246
2.69671, 0.507023
2.69671, 0.5070228
2.69671, 0.5070232
2.69671, 0.5070232
2.69671, 0.5070229
2.69671, 0.5070237
2.69671, 0.5070226
2.69671, 0.507023
2.696711, 0.5070236
2.696711, 0.5070235
2.69671, 0.5070239
2.696709, 0.5070237
2.696711, 0.5070239
2.69671, 0.5070233
2.696711, 0.5070225
2.696711, 0.5070225
2.696683, 0.5387845
2.695749, 0.6181863
2.693939, 0.6975719
2.691284, 0.7769342
2.68778, 0.8562649
2.683438, 0.9355528
2.678256, 1.014791
2.67223, 1.093969
2.665353, 1.173082
2.657635, 1.252115
2.649082, 1.331064
2.639692, 1.409916
2.629461, 1.488661
2.61839, 1.567293
2.606484, 1.645803
2.593745, 1.724185
2.58017, 1.802425
2.565759, 1.880516
2.550522, 1.958447
2.534454, 2.036212
2.517548, 2.113801
2.499825, 2.191208
2.481279, 2.268421
2.461904, 2.345429
2.441713, 2.422229
2.420705, 2.498811
2.398877, 2.575159
2.37624, 2.651268
2.352789, 2.727135
2.328524, 2.802747
2.303463, 2.878067
2.277598, 2.953106
2.250937, 3.027866
2.223472, 3.102336
2.195216, 3.176509
2.166166, 3.250373
2.136325, 3.323922
2.105692, 3.397146
2.074276, 3.470041
2.042077, 3.542575
2.009095, 3.61476
1.975338, 3.686583
1.940809, 3.758036
1.9055, 3.829108
1.869421, 3.899794
1.83257, 3.970078
1.794939, 4.039947
1.756526, 4.109391
1.717308, 4.178389
1.682118, 4.238719
1.677273, 4.24692
1.677273, 4.24692
1.677273, 4.24692
1.677273, 4.24692
1.677273, 4.24692
1.677273, 4.24692
1.677273, 4.24692
1.677273, 4.24692
1.677273, 4.24692
1.677273, 4.24692
1.677273, 4.24692
1.677273, 4.24692
1.677273, 4.24692
1.677273, 4.24692
1.677273, 4.24692
1.677273, 4.24692
1.677273, 4.24692
1.698003, 4.230185
1.781205, 4.163602
1.868613, 4.095173
1.956794, 4.027761
2.045736, 3.96136
2.13544, 3.895986
2.225887, 3.831635
2.317067, 3.768322
2.408971, 3.706061
2.501582, 3.64487
2.58363, 3.591867
2.594854, 3.584695
2.594855, 3.584694
2.594855, 3.584695
2.594854, 3.584693
2.594855, 3.584696
2.594854, 3.584695
2.594853, 3.584694
2.594853, 3.584695
2.594854, 3.584694
2.594853, 3.584695
2.594854, 3.584695
2.594855, 3.584695
2.594854, 3.584695
2.594854, 3.584695
2.594854, 3.584695
2.594854, 3.584695
2.594854, 3.584694
2.594854, 3.584695
2.594854, 3.584695
2.594854, 3.584695
2.594854, 3.584695
2.594854, 3.584693
2.594853, 3.584695
2.594854, 3.584693
2.594854, 3.584694
2.594855, 3.584695
2.594854, 3.584695
2.594855, 3.584694
2.594853, 3.584695
2.594854, 3.584694
2.594854, 3.584695
2.594854, 3.584696
2.594854, 3.584696
2.594854, 3.584696
2.594854, 3.584696
2.594854, 3.584696
2.594854, 3.584696
2.594854, 3.584696
2.593525, 3.581728
2.568796, 3.525106
2.536439, 3.450523
2.504084, 3.375939
2.471723, 3.301357
2.439363, 3.226775
2.407007, 3.152192
2.374657, 3.077606
2.342309, 3.00302
2.309983, 2.928426
2.277661, 2.853832
2.24532, 2.779243
2.212963, 2.70466
2.180604, 2.630078
2.148257, 2.555491
2.115909, 2.480905
2.083547, 2.406324
2.051208, 2.331735
2.018879, 2.257142
1.986555, 2.182548
1.954233, 2.107953
1.919265, 2.027195
1.880595, 1.937075
1.842379, 1.846768
1.804636, 1.756259
1.771816, 1.67645
1.767369, 1.665557
1.767369, 1.665557
1.767369, 1.665557
1.767369, 1.665557
1.767369, 1.665557
1.767369, 1.665557
1.767369, 1.665557
1.767369, 1.665557
1.767369, 1.665557
1.764385, 1.66688
1.707669, 1.691947
1.632921, 1.724653
1.558015, 1.75698
1.482948, 1.788935
1.407717, 1.820512
1.332328, 1.851712
1.256781, 1.882531
1.181076, 1.912969
1.10522, 1.943027
1.029216, 1.972703
0.9530646, 2.001999
0.8767735, 2.030906
0.8003348, 2.059429
0.7237558, 2.087555
0.6470376, 2.1153
0.5701813, 2.142662
0.4931828, 2.169634
0.4160457, 2.196211
0.3387748, 2.222399
0.2613712, 2.248202
0.2148722, 2.263514
0.2148712, 2.263515
0.2148728, 2.263514
0.2148722, 2.263516
0.2148723, 2.263515
0.2148724, 2.263516
0.2148728, 2.263515
0.2148717, 2.263515
0.214871, 2.263516
0.2148727, 2.263514
0.2148714, 2.263515
0.214872, 2.263515
0.2148721, 2.263514
0.2148724, 2.263516
0.2148718, 2.263515
0.214872, 2.263515
0.2148711, 2.263515
0.2148721, 2.263516
0.2148719, 2.263515
0.214873, 2.263516
0.2148717, 2.263514
0.2148725, 2.263515
0.2148724, 2.263514
0.2148723, 2.263516
0.2274744, 2.267595
0.3198915, 2.297541
0.4249098, 2.331583
0.5299281, 2.365624
0.6349493, 2.399653
0.7399702, 2.433685
0.8449892, 2.467723
0.9500076, 2.501757
1.055025, 2.535775
1.160043, 2.569813
1.265065, 2.603842
1.370084, 2.637883
1.4751, 2.671929
1.580118, 2.705968
1.685134, 2.740014
1.727138, 2.753638
1.727138, 2.753638
1.727138, 2.753638
1.727138, 2.753638
1.737466, 2.769645
1.779038, 2.833503
1.822993, 2.899592
1.867641, 2.965209
1.912984, 3.030353
1.959013, 3.095002
2.005733, 3.159153
2.053139, 3.222806
2.101214, 3.28595
2.149956, 3.348586
2.19936, 3.410704
2.249434, 3.472289
2.300157, 3.533344
2.351524, 3.59385
2.40353, 3.6538
2.456181, 3.713192
2.509458, 3.772024
2.563354, 3.830289
2.617867, 3.887978
2.673, 3.94508
2.728737, 4.001584
2.785067, 4.057495
2.841999, 4.112803
2.899513, 4.1675
2.957605, 4.221586
3.016273, 4.275031
3.075508, 4.327847
3.1353, 4.380036
3.195655, 4.431584
3.256556, 4.482482
3.317997, 4.532722
3.379977, 4.582305
3.442483, 4.63121
3.505512, 4.679442
3.569056, 4.726995
3.63311, 4.773853
3.697668, 4.82002
3.762719, 4.865488
3.828265, 4.910247
3.886327, 4.949057
3.894271, 4.954315
3.894269, 4.954313
3.89427, 4.954316
3.894271, 4.954315
3.894271, 4.954315
3.89427, 4.954315
3.89427, 4.954314
3.894271, 4.954314
3.89427, 4.954315
3.89427, 4.954316
3.894269, 4.954316
3.894269, 4.954314
3.89427, 4.954315
3.894271, 4.954315
3.89427, 4.954316
3.894271, 4.954316
3.894269, 4.954314
3.894271, 4.954314
3.89427, 4.954315
3.894269, 4.954313
3.894269, 4.954315
3.89427, 4.954315
3.89427, 4.954314
3.894269, 4.954315
3.89427, 4.954313
3.89427, 4.954313
3.89427, 4.954313
3.89427, 4.954313
3.88474, 4.924032
3.861085, 4.848272
3.836831, 4.772709
3.81189, 4.69737
3.786243, 4.622267
3.766282, 4.565348
3.760418, 4.554131
3.725149, 4.493851
3.684887, 4.425458
3.644395, 4.357198
3.603683, 4.289071
3.562749, 4.221078
3.546322, 4.193913
3.546322, 4.193915
3.546321, 4.193913
3.546321, 4.193913
3.546321, 4.193913
3.546321, 4.193913
3.546323, 4.193913
3.546322, 4.193913
3.546321, 4.193913
3.546322, 4.193913
3.546322, 4.193913
3.546322, 4.193913
3.546321, 4.193913
3.546321, 4.193913
3.546321, 4.193913
3.546322, 4.193913
3.546321, 4.193913
3.546322, 4.193913
3.546322, 4.193913
3.546321, 4.193913
3.546322, 4.193912
3.546321, 4.193913
3.546321, 4.193913
3.546322, 4.193913
3.546322, 4.193913
3.546323, 4.193913
3.546321, 4.193913
3.546321, 4.193914
3.546321, 4.193913
3.546321, 4.193913
3.546321, 4.193913
3.546321, 4.193913
3.546321, 4.193913
3.546322, 4.193913
3.546322, 4.193913
3.546321, 4.193913
3.546321, 4.193913
3.546321, 4.193913
3.546321, 4.193913
3.546322, 4.193912
3.519161, 4.153135
3.473901, 4.085177
3.428644, 4.017214
3.383377, 3.949252
3.33812, 3.88129
3.29285, 3.813331
3.24757, 3.745373
3.202307, 3.677411
3.157051, 3.609446
3.111787, 3.541484
3.066529, 3.47352
3.021251, 3.405563
2.975966, 3.337604
2.930687, 3.26964
2.8854, 3.201684
2.840121, 3.13372
2.794845, 3.065754
2.749571, 2.997788
2.704295, 2.929822
2.659022, 2.861855
2.613744, 2.79389
2.568462, 2.725929
2.523186, 2.657964
2.477904, 2.590003
2.432626, 2.522039
2.387347, 2.454075
2.342072, 2.386109
2.296793, 2.318145
2.251516, 2.25018
2.20624, 2.182215
2.160966, 2.114248
2.115687, 2.046284
2.070407, 1.978322
2.025126, 1.910359
1.97985, 1.842394
1.934575, 1.774428
1.889297, 1.706463
1.84402, 1.638498
1.798745, 1.570532
1.753469, 1.502566
1.708193, 1.434599
1.662917, 1.366634
1.61807, 1.299491
1.573496, 1.233825
1.528212, 1.168647
1.482224, 1.103963
1.435534, 1.039789
1.388135, 0.9761314
1.340023, 0.9130084
1.291197, 0.8504437
1.243631, 0.7909265
1.231645, 0.7761236
1.231645, 0.7761236
1.231645, 0.7761236
1.231645, 0.7761236
1.231645, 0.7761236
1.231645, 0.7761236
1.231645, 0.7761236
1.231645, 0.7761236
1.231645, 0.7761236
1.231645, 0.7761236
1.231645, 0.7761236
1.231645, 0.7761236
1.231645, 0.7761236
1.231645, 0.7761236
1.231645, 0.7761236
1.231645, 0.7761235
1.231647, 0.7761242
1.231646, 0.7761229
1.231646, 0.7761242
1.231647, 0.776124
1.231647, 0.7761232
1.231646, 0.7761234
1.231646, 0.776123
1.231646, 0.776123
1.231646, 0.7761229
1.231646, 0.7761241
1.231647, 0.7761235
1.231647, 0.776123
1.231647, 0.7761242
1.231646, 0.7761227
1.231646, 0.7761236
1.231646, 0.7761235
1.231647, 0.7761231
1.231646, 0.7761229
1.231647, 0.7761233
1.231646, 0.7761236
1.231647, 0.776124
1.231645, 0.7761231
1.231647, 0.7761232
1.231647, 0.7761225
1.231646, 0.7761241
1.231646, 0.7761229
1.231647, 0.7761226
1.231647, 0.7761229
1.231646, 0.7761232
1.231647, 0.7761238
1.231646, 0.7761229
1.231646, 0.7761234
1.231647, 0.7761229
1.231646, 0.7761234
1.231646, 0.7761229
1.243794, 0.7918083
1.292562, 0.854414
1.343395, 0.9196005
1.394239, 0.9847848
1.445073, 1.049971
1.495909, 1.115155
1.546745, 1.180338
1.597579, 1.245523
1.648411, 1.310709
1.699247, 1.375892
1.750078, 1.441078
1.800909, 1.506264
1.851741, 1.57145
1.902581, 1.636634
1.953414, 1.701819
2.004246, 1.767005
2.055077, 1.832191
2.105909, 1.897376
2.156748, 1.962557
2.207587, 2.02774
2.25842, 2.092924
2.309253, 2.158108
2.360092, 2.223293
2.410934, 2.288476
2.461767, 2.35366
2.5126, 2.418845
2.563436, 2.484029
2.614271, 2.549213
2.665108, 2.614395
2.715941, 2.679583
2.760669, 2.736954
2.766769, 2.744776
2.766769, 2.744776
2.766769, 2.744776
2.766769, 2.744776
2.766769, 2.744776
2.766769, 2.744776
2.766769, 2.744776
2.775762, 2.741643
2.841645, 2.718475
2.916276, 2.691477
2.990603, 2.663684
3.064638, 2.635108
3.138371, 2.605741
3.211796, 2.575592
3.284895, 2.544665
3.357661, 2.512959
3.430086, 2.480487
3.502151, 2.447243
3.573862, 2.413237
3.645203, 2.378474
3.716169, 2.342957
3.786767, 2.306684
3.856974, 2.269654
3.926777, 2.23188
3.996173, 2.193368
4.065165, 2.154126
4.133731, 2.114157
4.201871, 2.073462
4.269568, 2.032045
4.33682, 1.989904
4.40362, 1.947045
4.469965, 1.903482
4.535843, 1.859215
4.601239, 1.814251
4.666149, 1.768598
4.730577, 1.722255
4.794508, 1.675217
4.85793, 1.627499
4.920842, 1.57911
4.958361, 1.549783
4.958362, 1.549783
4.958362, 1.549784
4.958362, 1.549784
4.958361, 1.549784
4.958362, 1.549785
4.958361, 1.549783
4.958361, 1.549784
4.958362, 1.549784
4.958362, 1.549783
4.95836, 1.549783
4.958361, 1.549784
4.958361, 1.549784
4.958361, 1.549783
4.958362, 1.549784
4.958361, 1.549784
4.95836, 1.549783
4.95836, 1.549782
4.958361, 1.549784
4.958361, 1.549784
4.95836, 1.549783
4.95836, 1.549784
4.958361, 1.549784
4.932545, 1.556352
4.829206, 1.582294
4.721545, 1.609249
4.613878, 1.636194
4.506218, 1.663149
4.398557, 1.690104
4.290896, 1.717059
4.183236, 1.744015
4.075572, 1.770963
3.967907, 1.797908
3.859961, 1.824923
3.751182, 1.852165
3.642368, 1.879462
3.533564, 1.906794
3.42477, 1.934179
3.315983, 1.96159
3.207206, 1.989049
3.098437, 2.016524
2.989674, 2.04403
2.880921, 2.071584
2.772176, 2.099164
2.663448, 2.126809
2.554727, 2.154477
2.446009, 2.182179
2.337305, 2.209928
2.241658, 2.234376
2.228616, 2.23771
2.228616, 2.23771
2.228616, 2.23771
2.228616, 2.23771
2.228616, 2.23771
2.228616, 2.23771
2.228616, 2.23771
2.228616, 2.23771
2.229836, 2.2607
2.234598, 2.352674
2.239257, 2.448498
2.243585, 2.544335
2.247576, 2.640186
2.251243, 2.736051
2.254586, 2.831921
2.257599, 2.927804
2.260276, 3.023698
2.262632, 3.119601
2.264651, 3.215513
2.266343, 3.311425
2.267689, 3.407351
2.268714, 3.503287
2.269419, 3.599222
2.269794, 3.695159
2.269843, 3.7911
2.269557, 3.887038
2.269238, 3.944602
2.26924, 3.944603
2.26924, 3.944602
2.269239, 3.944602
2.26924, 3.944603
2.269239, 3.944603
2.26924, 3.944603
2.269239, 3.944602
2.269238, 3.944603
2.269239, 3.944603
2.269239, 3.944603
2.269239, 3.944603
2.269241, 3.944603
2.269239, 3.944603
2.269238, 3.944602
2.26924, 3.944603
2.269241, 3.944603
2.269239, 3.944603
2.26924, 3.944603
2.269239, 3.944603
2.269239, 3.944603
2.269241, 3.944604
2.269239, 3.944603
2.269239, 3.944604
2.274158, 3.936393
2.310509, 3.876342
2.351895, 3.808144
2.393285, 3.739951
2.43467, 3.671753
2.476058, 3.603558
2.517447, 3.535361
2.558832, 3.46717
2.600228, 3.398981
2.641612, 3.330778
2.683002, 3.262585
2.724391, 3.194386
2.765775, 3.12619
2.807159, 3.05799
2.848547, 2.989802
2.889929, 2.921598
2.931316, 2.853404
2.972698, 2.785201
3.014081, 2.717006
3.055466, 2.648807
3.096862, 2.580617
3.138253, 2.512425
3.179636, 2.444222
3.221015, 2.376042
3.262373, 2.308193
3.304053, 2.240656
3.346153, 2.173384
3.38867, 2.106375
3.43162, 2.039638
3.474988, 1.973168
3.518782, 1.906982
3.562996, 1.841071
3.607634, 1.775446
3.652694, 1.710106
3.698172, 1.645059
3.744066, 1.580305
3.790381, 1.515854
3.837132, 1.451713
3.882418, 1.390447
3.893798, 1.375172
3.893798, 1.375172
3.893798, 1.375172
3.893798, 1.375172
3.893798, 1.375172
3.893798, 1.375172
3.893798, 1.375172
3.893798, 1.375172
3.938434, 1.39177
4.01264, 1.419927
4.086539, 1.448867
4.160131, 1.478605
4.233393, 1.509131
4.28886, 1.532828
4.291775, 1.534086
4.291776, 1.534086
4.291774, 1.534086
4.291775, 1.534086
4.291775, 1.534086
4.291775, 1.534086
4.291774, 1.534086
4.291776, 1.534086
4.291775, 1.534086
4.291774, 1.534087
4.291774, 1.534086
4.291774, 1.534086
4.291774, 1.534087
4.291774, 1.534086
4.291774, 1.534087
4.291775, 1.534087
4.291774, 1.534086
4.291774, 1.534086
4.291773, 1.534086
4.291774, 1.534086
4.291774, 1.534087
4.291774, 1.534086
4.291774, 1.534086
4.280345, 1.53657
4.19656, 1.554912
4.101362, 1.575783
4.006167, 1.596667
3.910967, 1.617536
3.815769, 1.638409
3.720569, 1.659286
3.625371, 1.680158
3.530175, 1.701038
3.434974, 1.721923
3.339773, 1.74282
3.252543, 1.761964
3.23594, 1.765608
3.23594, 1.765608
3.23594, 1.765608
3.23594, 1.765608
3.23594, 1.765608
3.23594, 1.765608
3.23594, 1.765608
3.23594, 1.765608
3.23594, 1.765608
3.23594, 1.765608
3.23594, 1.765608
3.23594, 1.765608
3.23594, 1.765608
3.23594, 1.765608
3.23594, 1.765608
3.23594, 1.765608
3.23594, 1.765608
3.23594, 1.765608
3.23594, 1.765608
3.236084, 1.765578
3.23666, 1.765457
3.23666, 1.765457
3.23666, 1.765457
3.23666, 1.765457
3.23666, 1.765457
3.23666, 1.765457
3.23666, 1.765457
3.23666, 1.765457
3.23666, 1.765457
3.23666, 1.765457
3.23666, 1.765457
3.23666, 1.765457
3.23666, 1.765457
3.23666, 1.765457
3.23666, 1.765457
3.23666, 1.765457
3.23666, 1.765457
3.23666, 1.765457
3.23666, 1.765457
3.23666, 1.765457
3.23666, 1.765457
3.23666, 1.765457
3.23666, 1.765457
3.23666, 1.765457
3.23666, 1.765457
3.23666, 1.765457
3.23666, 1.765457
3.23666, 1.765457
